Frame,Ball,x,y
0,1,0.449,0.144
1,1,0.457,0.142
2,1,0.469,0.153
3,1,0.475,0.154
4,1,0.482,0.171
5,1,0.496,0.184
6,1,0.507,0.201
7,1,0.517,0.217
8,1,0.529,0.236
9,1,0.544,0.268
10,1,0.558,0.294
11,1,0.573,0.321
12,1,0.588,0.360
13,1,0.604,0.393
14,1,0.621,0.436
15,1,0.640,0.481
16,1,0.655,0.533
17,1,0.676,0.580
18,1,0.695,0.617
19,1,0.712,0.617
20,1,0.738,0.637
21,1,0.757,0.634
22,1,0.775,0.651
23,1,0.799,0.672
24,0,-1.000,-1.000
25,0,-1.000,-1.000
26,1,0.887,0.744
27,1,0.910,0.772
28,1,0.913,0.763
29,0,-1.000,-1.000
30,1,0.842,0.598
31,1,0.814,0.524
32,1,0.793,0.485
33,1,0.767,0.428
34,1,0.748,0.386
35,1,0.727,0.354
36,1,0.711,0.320
37,1,0.697,0.290
38,1,0.679,0.263
39,1,0.666,0.245
40,1,0.653,0.219
41,1,0.645,0.219
42,1,0.634,0.198
43,1,0.630,0.198
44,1,0.616,0.185
45,1,0.609,0.180
46,1,0.601,0.180
47,1,0.597,0.167
48,1,0.589,0.171
49,1,0.585,0.169
50,1,0.579,0.169
51,1,0.575,0.170
52,1,0.570,0.172
53,1,0.564,0.176
54,1,0.560,0.181
55,1,0.558,0.183
56,1,0.555,0.196
57,1,0.551,0.196
58,1,0.546,0.198
59,1,0.545,0.209
60,1,0.543,0.211
61,1,0.538,0.221
62,1,0.534,0.231
63,1,0.533,0.219
64,1,0.536,0.207
65,1,0.534,0.203
66,1,0.534,0.198
67,1,0.534,0.187
68,1,0.532,0.178
69,1,0.533,0.172
70,1,0.533,0.172
71,1,0.531,0.167
72,1,0.533,0.167
73,1,0.531,0.156
74,1,0.536,0.156
75,1,0.540,0.158
76,1,0.547,0.162
77,1,0.547,0.162
78,1,0.558,0.164
79,1,0.565,0.170
80,1,0.571,0.172
81,1,0.578,0.177
82,1,0.585,0.185
83,1,0.593,0.197
84,1,0.600,0.211
85,1,0.610,0.223
86,1,0.620,0.244
87,1,0.623,0.261
88,1,0.637,0.286
89,1,0.645,0.310
90,1,0.655,0.336
91,1,0.664,0.384
92,0,-1.000,-1.000
93,0,-1.000,-1.000
94,1,0.656,0.277
95,1,0.652,0.256
96,1,0.657,0.236
97,1,0.651,0.220
98,1,0.647,0.203
99,1,0.648,0.186
100,1,0.643,0.167
101,1,0.641,0.159
102,1,0.639,0.153
103,1,0.636,0.144
104,1,0.634,0.140
105,1,0.631,0.133
106,1,0.630,0.133
107,1,0.627,0.135
108,1,0.625,0.133
109,1,0.622,0.134
110,1,0.620,0.134
111,1,0.618,0.138
112,1,0.616,0.140
113,1,0.613,0.144
114,1,0.611,0.148
115,1,0.611,0.154
116,1,0.611,0.162
117,1,0.608,0.175
118,1,0.607,0.180
119,1,0.605,0.187
120,1,0.603,0.195
121,1,0.599,0.206
122,1,0.598,0.223
123,1,0.598,0.231
124,1,0.596,0.216
125,1,0.598,0.204
126,1,0.598,0.196
127,1,0.598,0.196
128,1,0.598,0.183
129,1,0.597,0.176
130,1,0.597,0.174
131,1,0.597,0.174
132,1,0.596,0.163
133,1,0.587,0.156
134,1,0.581,0.146
135,1,0.570,0.144
136,1,0.566,0.141
137,1,0.557,0.139
138,1,0.547,0.133
139,1,0.540,0.129
140,1,0.531,0.130
141,1,0.524,0.128
142,1,0.516,0.125
143,1,0.507,0.125
144,1,0.499,0.130
145,1,0.491,0.130
146,1,0.480,0.132
147,1,0.475,0.139
148,1,0.463,0.148
149,1,0.455,0.154
150,1,0.445,0.164
151,1,0.433,0.175
152,1,0.420,0.188
153,1,0.416,0.195
154,1,0.403,0.219
155,1,0.393,0.230
156,1,0.381,0.251
157,1,0.373,0.262
158,0,-1.000,-1.000
159,0,-1.000,-1.000
160,0,-1.000,-1.000
161,0,-1.000,-1.000
162,1,0.363,0.248
163,1,0.369,0.226
164,1,0.375,0.207
165,1,0.382,0.189
166,1,0.386,0.173
167,1,0.394,0.167
168,1,0.395,0.158
169,1,0.403,0.143
170,1,0.413,0.143
171,1,0.415,0.140
172,1,0.421,0.143
173,1,0.429,0.152
174,1,0.438,0.160
175,1,0.446,0.169
176,1,0.453,0.178
177,1,0.461,0.194
178,1,0.475,0.211
179,1,0.485,0.226
180,1,0.496,0.245
181,1,0.507,0.268
182,1,0.519,0.294
183,1,0.529,0.317
184,1,0.539,0.341
185,1,0.553,0.379
186,1,0.568,0.411
187,1,0.576,0.436
188,1,0.593,0.478
189,1,0.601,0.469
190,1,0.615,0.462
191,1,0.623,0.460
192,1,0.634,0.459
193,1,0.646,0.459
194,1,0.652,0.458
195,1,0.661,0.463
196,1,0.678,0.485
197,1,0.689,0.493
198,1,0.702,0.500
199,1,0.709,0.511
200,1,0.729,0.533
201,1,0.743,0.551
202,1,0.757,0.579
203,1,0.772,0.602
204,1,0.784,0.631
205,1,0.794,0.666
206,1,0.429,0.187
207,1,0.418,0.206
208,1,0.407,0.248
209,1,0.394,0.256
210,1,0.385,0.276
211,1,0.372,0.316
212,1,0.359,0.345
213,1,0.346,0.395
214,1,0.334,0.429
215,1,0.324,0.468
216,1,0.308,0.521
217,1,0.292,0.577
218,1,0.279,0.588
219,1,0.268,0.581
220,0,-1.000,-1.000
221,1,0.231,0.589
222,1,0.220,0.591
223,1,0.197,0.604
224,1,0.187,0.613
225,1,0.155,0.635
226,1,0.135,0.645
227,1,0.161,0.613
228,1,0.191,0.529
229,1,0.226,0.463
230,1,0.260,0.419
231,1,0.277,0.377
232,1,0.298,0.339
233,1,0.321,0.314
234,1,0.337,0.277
235,1,0.354,0.258
236,1,0.367,0.231
237,1,0.380,0.222
238,1,0.395,0.206
239,1,0.404,0.197
240,1,0.414,0.185
241,1,0.427,0.180
242,1,0.433,0.168
243,1,0.443,0.162
244,1,0.454,0.162
245,1,0.460,0.159
246,1,0.466,0.159
247,1,0.474,0.158
248,1,0.481,0.158
249,1,0.487,0.161
250,1,0.494,0.164
251,1,0.502,0.167
252,1,0.505,0.168
253,1,0.512,0.176
254,1,0.516,0.178
255,1,0.521,0.181
256,1,0.524,0.189
257,1,0.531,0.193
258,1,0.535,0.204
259,1,0.535,0.204
260,1,0.537,0.206
261,1,0.544,0.194
262,1,0.546,0.191
263,1,0.548,0.177
264,1,0.551,0.170
265,1,0.553,0.165
266,1,0.560,0.158
267,1,0.559,0.156
268,1,0.560,0.146
269,1,0.564,0.138
270,1,0.564,0.129
271,1,0.565,0.118
272,1,0.566,0.111
273,1,0.566,0.103
274,1,0.568,0.098
275,1,0.569,0.088
276,1,0.571,0.081
277,1,0.572,0.082
278,1,0.576,0.081
279,1,0.574,0.074
280,1,0.579,0.071
281,1,0.579,0.078
282,1,0.578,0.070
283,1,0.580,0.074
284,1,0.582,0.083
285,1,0.582,0.086
286,1,0.585,0.088
287,1,0.587,0.102
288,1,0.588,0.100
289,1,0.590,0.107
290,1,0.590,0.128
291,1,0.592,0.133
292,1,0.594,0.150
293,1,0.595,0.157
294,1,0.597,0.180
295,1,0.602,0.197
296,1,0.600,0.220
297,1,0.604,0.238
298,1,0.604,0.250
299,0,-1.000,-1.000
300,1,0.607,0.320
301,1,0.609,0.322
302,1,0.606,0.305
303,1,0.609,0.275
304,0,-1.000,-1.000
305,1,0.604,0.235
306,1,0.605,0.224
307,1,0.608,0.207
308,1,0.608,0.196
309,1,0.607,0.180
310,1,0.607,0.180
311,1,0.605,0.171
312,1,0.607,0.163
313,1,0.606,0.156
314,1,0.604,0.156
315,1,0.604,0.156
316,1,0.605,0.143
317,1,0.605,0.149
318,1,0.604,0.152
319,1,0.604,0.154
320,1,0.604,0.160
321,1,0.604,0.162
322,1,0.604,0.165
323,1,0.604,0.176
324,1,0.604,0.180
325,1,0.607,0.178
326,1,0.615,0.181
327,1,0.619,0.179
328,1,0.626,0.184
329,1,0.632,0.187
330,1,0.638,0.193
331,1,0.641,0.185
332,1,0.646,0.202
333,1,0.655,0.209
334,1,0.659,0.221
335,1,0.667,0.237
336,1,0.677,0.247
337,1,0.688,0.271
338,1,0.695,0.290
339,1,0.698,0.289
340,0,-1.000,-1.000
341,0,-1.000,-1.000
342,0,-1.000,-1.000
343,0,-1.000,-1.000
344,1,0.660,0.231
345,1,0.659,0.217
346,1,0.645,0.216
347,1,0.641,0.206
348,1,0.634,0.205
349,1,0.627,0.204
350,1,0.622,0.204
351,1,0.617,0.203
352,1,0.608,0.200
353,1,0.605,0.203
354,1,0.603,0.207
355,1,0.599,0.210
356,1,0.591,0.218
357,1,0.583,0.227
358,1,0.584,0.234
359,1,0.581,0.247
360,1,0.574,0.259
361,1,0.572,0.269
362,1,0.572,0.280
363,1,0.572,0.297
364,1,0.568,0.312
365,1,0.568,0.319
366,1,0.566,0.308
367,1,0.564,0.297
368,1,0.566,0.294
369,1,0.565,0.285
370,1,0.564,0.285
371,1,0.562,0.278
372,1,0.562,0.274
373,1,0.561,0.274
374,1,0.561,0.276
375,1,0.560,0.276
376,1,0.556,0.279
377,1,0.558,0.285
378,1,0.559,0.290
379,1,0.558,0.293
380,1,0.554,0.302
381,1,0.554,0.307
382,1,0.554,0.314
383,1,0.555,0.328
384,1,0.554,0.326
385,1,0.550,0.321
386,1,0.550,0.320
387,1,0.399,0.160
388,1,0.405,0.153
389,1,0.412,0.153
390,1,0.418,0.151
391,1,0.422,0.153
392,1,0.431,0.156
393,1,0.439,0.158
394,1,0.449,0.162
395,1,0.455,0.168
396,1,0.464,0.177
397,1,0.475,0.189
398,1,0.482,0.196
399,1,0.494,0.206
400,1,0.505,0.225
401,1,0.514,0.241
402,1,0.531,0.266
403,1,0.544,0.291
404,1,0.555,0.316
405,1,0.572,0.336
406,1,0.586,0.369
407,1,0.595,0.405
408,1,0.612,0.448
409,1,0.632,0.483
410,1,0.648,0.494
411,1,0.660,0.497
412,1,0.676,0.493
413,1,0.689,0.491
414,1,0.708,0.500
415,1,0.728,0.510
416,1,0.743,0.519
417,1,0.764,0.537
418,1,0.784,0.553
419,1,0.801,0.562
420,1,0.821,0.577
421,1,0.856,0.627
422,1,0.859,0.631
423,0,-1.000,-1.000
424,1,0.813,0.490
425,1,0.795,0.440
426,1,0.784,0.389
427,1,0.761,0.341
428,1,0.745,0.311
429,1,0.737,0.268
430,1,0.728,0.240
431,1,0.714,0.231
432,1,0.704,0.202
433,1,0.695,0.184
434,1,0.688,0.173
435,1,0.680,0.161
436,1,0.675,0.147
437,1,0.668,0.138
438,1,0.661,0.131
439,1,0.654,0.132
440,1,0.652,0.123
441,1,0.644,0.120
442,1,0.643,0.121
443,1,0.640,0.121
444,1,0.633,0.121
445,1,0.628,0.124
446,1,0.626,0.126
447,1,0.622,0.128
448,1,0.617,0.131
449,1,0.615,0.140
450,1,0.613,0.144
451,1,0.610,0.153
452,1,0.608,0.156
453,1,0.604,0.166
454,1,0.603,0.176
455,1,0.601,0.175
456,1,0.598,0.190
457,1,0.596,0.197
458,1,0.595,0.200
459,1,0.596,0.211
460,1,0.593,0.199
461,1,0.593,0.191
462,1,0.593,0.184
463,1,0.596,0.171
464,1,0.594,0.171
465,1,0.594,0.159
466,1,0.594,0.154
467,1,0.596,0.148
468,1,0.597,0.144
469,1,0.597,0.144
470,1,0.596,0.137
471,1,0.598,0.127
472,1,0.600,0.121
473,1,0.600,0.118
474,1,0.600,0.106
475,1,0.603,0.103
476,1,0.602,0.098
477,1,0.604,0.093
478,1,0.605,0.089
479,1,0.605,0.089
480,1,0.605,0.089
481,1,0.608,0.085
482,1,0.608,0.085
483,1,0.609,0.091
484,1,0.609,0.091
485,1,0.611,0.095
486,1,0.611,0.103
487,1,0.610,0.109
488,1,0.614,0.117
489,1,0.613,0.119
490,1,0.613,0.128
491,1,0.615,0.140
492,1,0.616,0.152
493,1,0.616,0.165
494,1,0.616,0.177
495,1,0.616,0.203
496,1,0.615,0.217
497,1,0.615,0.238
498,1,0.619,0.260
499,1,0.617,0.289
500,1,0.617,0.300
501,1,0.617,0.322
502,1,0.617,0.350
503,1,0.615,0.338
504,1,0.611,0.318
505,1,0.609,0.302
506,1,0.605,0.284
507,1,0.599,0.266
508,1,0.595,0.247
509,1,0.592,0.240
510,1,0.590,0.234
511,1,0.586,0.225
512,1,0.582,0.215
513,1,0.582,0.215
514,1,0.578,0.212
515,1,0.573,0.211
516,1,0.573,0.211
517,1,0.567,0.207
518,1,0.565,0.207
519,1,0.561,0.213
520,1,0.560,0.215
521,1,0.555,0.221
522,1,0.555,0.224
523,1,0.552,0.241
524,1,0.551,0.241
525,1,0.545,0.250
526,1,0.544,0.255
527,1,0.542,0.265
528,1,0.539,0.271
529,1,0.537,0.263
530,1,0.538,0.250
531,1,0.537,0.240
532,1,0.536,0.235
533,1,0.535,0.231
534,1,0.533,0.228
535,1,0.533,0.228
536,1,0.533,0.225
537,1,0.542,0.214
538,1,0.550,0.214
539,1,0.557,0.210
540,1,0.567,0.204
541,1,0.575,0.204
542,1,0.586,0.206
543,1,0.592,0.209
544,1,0.605,0.213
545,1,0.617,0.215
546,1,0.632,0.226
547,1,0.638,0.234
548,0,-1.000,-1.000
549,1,0.666,0.249
550,1,0.678,0.267
551,1,0.667,0.250
552,1,0.651,0.221
553,1,0.626,0.186
554,1,0.617,0.181
555,1,0.598,0.151
556,1,0.585,0.136
557,1,0.573,0.121
558,1,0.557,0.109
559,1,0.547,0.101
560,1,0.530,0.092
561,1,0.521,0.079
562,1,0.511,0.079
563,1,0.502,0.076
564,1,0.486,0.065
565,1,0.482,0.065
566,1,0.468,0.064
567,1,0.462,0.071
568,1,0.451,0.072
569,1,0.443,0.071
570,1,0.439,0.074
571,1,0.435,0.074
572,1,0.435,0.107
573,1,0.421,0.108
574,1,0.421,0.125
575,1,0.414,0.155
576,1,0.409,0.182
577,1,0.406,0.199
578,1,0.402,0.239
579,1,0.398,0.268
580,1,0.390,0.304
581,1,0.383,0.343
582,1,0.382,0.377
583,1,0.372,0.436
584,1,0.366,0.462
585,1,0.357,0.458
586,1,0.348,0.456
587,1,0.342,0.458
588,1,0.332,0.460
589,1,0.322,0.466
590,1,0.312,0.491
591,1,0.302,0.497
592,1,0.292,0.509
593,1,0.276,0.529
594,1,0.264,0.550
595,1,0.256,0.582
596,1,0.242,0.617
597,1,0.226,0.656
598,1,0.203,0.700
599,1,0.184,0.761
600,1,0.171,0.809
601,1,0.148,0.867
602,1,0.124,0.955
603,1,0.323,0.334
604,1,0.308,0.366
605,1,0.283,0.403
606,1,0.266,0.445
607,1,0.246,0.500
608,1,0.227,0.544
609,1,0.207,0.600
610,1,0.186,0.599
611,1,0.166,0.613
612,1,0.142,0.618
613,1,0.122,0.620
614,1,0.103,0.619
615,1,0.078,0.636
616,0,-1.000,-1.000
617,0,-1.000,-1.000
618,0,-1.000,-1.000
619,0,-1.000,-1.000
620,1,0.078,0.544
621,1,0.102,0.495
622,1,0.135,0.435
623,1,0.161,0.385
624,1,0.195,0.338
625,1,0.212,0.307
626,1,0.233,0.283
627,1,0.252,0.255
628,1,0.270,0.232
629,1,0.286,0.206
630,1,0.296,0.200
631,1,0.310,0.181
632,1,0.324,0.169
633,1,0.334,0.160
634,1,0.346,0.153
635,1,0.354,0.151
636,1,0.366,0.144
637,1,0.372,0.142
638,1,0.379,0.143
639,1,0.390,0.142
640,1,0.396,0.142
641,1,0.401,0.142
642,1,0.410,0.143
643,1,0.417,0.147
644,1,0.421,0.154
645,1,0.425,0.156
646,1,0.431,0.168
647,1,0.436,0.168
648,1,0.439,0.176
649,1,0.444,0.185
650,1,0.448,0.189
651,1,0.452,0.202
652,1,0.454,0.204
653,1,0.461,0.217
654,1,0.461,0.210
655,1,0.462,0.196
656,1,0.463,0.193
657,1,0.467,0.179
658,1,0.467,0.172
659,1,0.470,0.163
660,1,0.470,0.161
661,1,0.472,0.155
662,1,0.472,0.155
663,1,0.476,0.152
664,1,0.480,0.148
665,1,0.487,0.151
666,1,0.494,0.152
667,1,0.501,0.154
668,1,0.510,0.156
669,1,0.517,0.161
670,1,0.528,0.163
671,1,0.536,0.173
672,1,0.546,0.184
673,1,0.557,0.190
674,1,0.570,0.202
675,1,0.584,0.225
676,0,-1.000,-1.000
677,1,0.614,0.260
678,1,0.617,0.264
679,0,-1.000,-1.000
680,0,-1.000,-1.000
681,1,0.585,0.212
682,1,0.576,0.193
683,1,0.568,0.191
684,1,0.559,0.175
685,1,0.546,0.165
686,1,0.537,0.159
687,1,0.534,0.150
688,1,0.526,0.141
689,1,0.516,0.141
690,1,0.511,0.142
691,1,0.504,0.141
692,1,0.497,0.146
693,1,0.490,0.146
694,1,0.483,0.146
695,1,0.475,0.154
696,1,0.470,0.156
697,1,0.468,0.162
698,1,0.459,0.176
699,1,0.455,0.184
700,1,0.451,0.184
701,0,-1.000,-1.000
702,0,-1.000,-1.000
703,0,-1.000,-1.000
704,0,-1.000,-1.000
705,0,-1.000,-1.000
706,0,-1.000,-1.000
707,0,-1.000,-1.000
708,0,-1.000,-1.000
709,1,0.419,0.219
710,1,0.415,0.206
711,1,0.415,0.202
712,1,0.413,0.190
713,1,0.408,0.191
714,1,0.404,0.182
715,1,0.404,0.181
716,1,0.402,0.176
717,1,0.401,0.172
718,1,0.397,0.176
719,1,0.396,0.173
720,1,0.396,0.173
721,0,-1.000,-1.000
722,1,0.400,0.166
723,1,0.407,0.158
724,1,0.410,0.158
725,1,0.418,0.158
726,1,0.428,0.154
727,1,0.433,0.154
728,1,0.440,0.154
729,1,0.447,0.154
730,1,0.452,0.156
731,1,0.464,0.164
732,1,0.472,0.169
733,1,0.476,0.174
734,1,0.486,0.180
735,1,0.498,0.194
736,1,0.504,0.204
737,1,0.512,0.213
738,1,0.520,0.230
739,1,0.530,0.244
740,1,0.536,0.256
741,1,0.540,0.269
742,1,0.542,0.277
743,1,0.546,0.287
744,1,0.552,0.307
745,1,0.559,0.319
746,1,0.560,0.307
747,1,0.560,0.295
748,1,0.567,0.292
749,1,0.567,0.280
750,1,0.569,0.279
751,1,0.571,0.274
752,1,0.572,0.271
753,1,0.643,0.248
754,1,0.642,0.224
755,1,0.636,0.199
756,1,0.637,0.190
757,1,0.637,0.183
758,1,0.636,0.177
759,1,0.631,0.158
760,1,0.628,0.157
761,1,0.629,0.148
762,1,0.630,0.147
763,1,0.628,0.142
764,1,0.626,0.144
765,1,0.627,0.142
766,1,0.627,0.144
767,1,0.627,0.148
768,1,0.626,0.152
769,1,0.628,0.156
770,1,0.628,0.156
771,1,0.626,0.159
772,1,0.626,0.165
773,1,0.626,0.169
774,1,0.626,0.176
775,1,0.626,0.185
776,1,0.626,0.187
777,1,0.626,0.206
778,1,0.626,0.213
779,1,0.627,0.224
780,1,0.627,0.216
781,1,0.628,0.202
782,1,0.633,0.194
783,1,0.632,0.189
784,1,0.634,0.178
785,1,0.634,0.178
786,1,0.636,0.169
787,1,0.636,0.168
788,1,0.643,0.160
789,1,0.643,0.160
790,1,0.643,0.160
791,1,0.641,0.156
792,1,0.635,0.149
793,1,0.632,0.144
794,1,0.624,0.136
795,1,0.619,0.134
796,1,0.613,0.128
797,1,0.607,0.124
798,1,0.602,0.121
799,1,0.596,0.121
800,1,0.592,0.118
801,1,0.584,0.118
802,1,0.578,0.119
803,1,0.571,0.119
804,1,0.564,0.126
805,1,0.554,0.128
806,1,0.549,0.133
807,1,0.541,0.142
808,1,0.536,0.146
809,1,0.527,0.153
810,1,0.517,0.169
811,1,0.510,0.174
812,1,0.501,0.189
813,1,0.495,0.200
814,1,0.488,0.206
815,0,-1.000,-1.000
816,0,-1.000,-1.000
817,0,-1.000,-1.000
818,1,0.455,0.278
819,1,0.450,0.293
820,1,0.445,0.309
821,1,0.444,0.313
822,0,-1.000,-1.000
823,0,-1.000,-1.000
824,0,-1.000,-1.000
825,0,-1.000,-1.000
826,0,-1.000,-1.000
827,0,-1.000,-1.000
828,0,-1.000,-1.000
829,0,-1.000,-1.000
830,0,-1.000,-1.000
831,0,-1.000,-1.000
832,0,-1.000,-1.000
833,0,-1.000,-1.000
834,1,0.441,0.276
835,1,0.441,0.276
836,1,0.441,0.281
837,1,0.443,0.289
838,1,0.443,0.289
839,1,0.440,0.279
840,1,0.441,0.280
841,1,0.443,0.269
842,1,0.443,0.269
843,0,-1.000,-1.000
844,1,0.494,0.136
845,1,0.492,0.148
846,1,0.489,0.152
847,1,0.488,0.159
848,1,0.483,0.169
849,1,0.482,0.172
850,1,0.480,0.184
851,1,0.478,0.191
852,1,0.474,0.197
853,1,0.474,0.176
854,1,0.477,0.170
855,1,0.477,0.158
856,1,0.474,0.149
857,1,0.472,0.137
858,1,0.471,0.131
859,1,0.472,0.132
860,1,0.472,0.126
861,1,0.472,0.120
862,1,0.476,0.116
863,1,0.476,0.107
864,1,0.478,0.100
865,1,0.478,0.100
866,1,0.479,0.090
867,1,0.481,0.089
868,1,0.482,0.082
869,1,0.486,0.082
870,1,0.490,0.079
871,1,0.490,0.078
872,1,0.494,0.078
873,1,0.496,0.074
874,1,0.503,0.074
875,1,0.502,0.078
876,1,0.504,0.080
877,1,0.508,0.082
878,1,0.510,0.089
879,1,0.517,0.095
880,1,0.519,0.103
881,1,0.523,0.111
882,1,0.528,0.124
883,1,0.532,0.133
884,1,0.536,0.146
885,1,0.541,0.167
886,1,0.548,0.182
887,1,0.552,0.199
888,1,0.558,0.219
889,1,0.565,0.244
890,1,0.570,0.280
891,1,0.579,0.306
892,1,0.587,0.340
893,1,0.590,0.369
894,1,0.601,0.400
895,1,0.609,0.462
896,1,0.619,0.507
897,1,0.627,0.544
898,1,0.636,0.602
899,1,0.649,0.674
900,0,-1.000,-1.000
901,1,0.664,0.674
902,1,0.671,0.674
903,1,0.679,0.671
904,1,0.693,0.671
905,1,0.710,0.684
906,1,0.718,0.694
907,0,-1.000,-1.000
908,1,0.718,0.608
909,1,0.715,0.550
910,1,0.703,0.472
911,1,0.697,0.420
912,1,0.696,0.358
913,1,0.690,0.312
914,1,0.686,0.288
915,1,0.680,0.250
916,1,0.677,0.216
917,1,0.670,0.196
918,1,0.664,0.180
919,1,0.658,0.159
920,1,0.658,0.143
921,1,0.652,0.144
922,1,0.648,0.129
923,1,0.644,0.131
924,1,0.642,0.120
925,1,0.637,0.124
926,1,0.635,0.119
927,1,0.634,0.121
928,1,0.632,0.124
929,1,0.629,0.128
930,1,0.623,0.135
931,1,0.620,0.142
932,1,0.620,0.145
933,1,0.617,0.158
934,1,0.615,0.166
935,1,0.613,0.181
936,1,0.613,0.181
937,1,0.609,0.196
938,1,0.607,0.204
939,1,0.610,0.201
940,1,0.611,0.199
941,1,0.615,0.194
942,1,0.618,0.190
943,1,0.620,0.181
944,1,0.620,0.181
945,1,0.626,0.183
946,1,0.628,0.182
947,1,0.632,0.182
948,1,0.636,0.189
949,1,0.640,0.189
950,1,0.643,0.198
951,1,0.647,0.201
952,1,0.649,0.220
953,1,0.655,0.230
954,1,0.657,0.243
955,1,0.667,0.261
956,1,0.670,0.278
957,1,0.675,0.312
958,1,0.682,0.339
959,1,0.690,0.373
960,1,0.698,0.406
961,1,0.699,0.440
962,1,0.709,0.488
963,1,0.716,0.541
964,1,0.723,0.578
965,1,0.728,0.587
966,1,0.729,0.637
967,1,0.734,0.699
968,1,0.748,0.764
969,1,0.753,0.753
970,1,0.761,0.754
971,1,0.769,0.754
972,1,0.779,0.756
973,1,0.784,0.730
974,1,0.770,0.643
975,1,0.734,0.549
976,1,0.721,0.487
977,1,0.707,0.422
978,1,0.683,0.346
979,1,0.670,0.303
980,1,0.660,0.271
981,1,0.647,0.228
982,1,0.634,0.188
983,1,0.617,0.146
984,1,0.610,0.120
985,1,0.599,0.096
986,1,0.592,0.081
987,1,0.583,0.053
988,1,0.572,0.042
989,1,0.561,0.028
990,1,0.553,0.016
991,1,0.546,0.009
992,1,0.536,0.004
993,0,-1.000,-1.000
994,0,-1.000,-1.000
995,0,-1.000,-1.000
996,0,-1.000,-1.000
997,0,-1.000,-1.000
998,0,-1.000,-1.000
999,0,-1.000,-1.000
1000,1,0.497,0.001
1001,1,0.491,0.016
1002,1,0.487,0.027
1003,1,0.485,0.035
1004,1,0.478,0.037
1005,1,0.478,0.049
1006,1,0.473,0.063
1007,1,0.472,0.066
1008,1,0.466,0.080
1009,1,0.465,0.091
1010,1,0.461,0.106
1011,1,0.459,0.115
1012,1,0.456,0.126
1013,1,0.455,0.139
1014,1,0.455,0.139
1015,1,0.453,0.144
1016,1,0.453,0.144
1017,1,0.452,0.154
1018,1,0.579,0.165
1019,1,0.578,0.156
1020,1,0.578,0.158
1021,1,0.583,0.152
1022,1,0.583,0.149
1023,1,0.585,0.147
1024,1,0.585,0.143
1025,1,0.586,0.135
1026,1,0.586,0.135
1027,1,0.590,0.132
1028,1,0.589,0.136
1029,1,0.589,0.138
1030,1,0.591,0.145
1031,1,0.591,0.146
1032,1,0.594,0.152
1033,1,0.597,0.160
1034,1,0.597,0.166
1035,1,0.598,0.174
1036,1,0.601,0.186
1037,1,0.604,0.212
1038,1,0.605,0.224
1039,1,0.611,0.245
1040,1,0.614,0.267
1041,1,0.618,0.286
1042,1,0.619,0.317
1043,1,0.619,0.340
1044,1,0.622,0.380
1045,1,0.624,0.420
1046,1,0.628,0.446
1047,1,0.632,0.496
1048,1,0.637,0.539
1049,1,0.637,0.580
1050,1,0.647,0.571
1051,1,0.653,0.565
1052,1,0.659,0.559
1053,1,0.666,0.561
1054,1,0.672,0.567
1055,1,0.673,0.567
1056,1,0.685,0.589
1057,1,0.694,0.597
1058,1,0.700,0.607
1059,1,0.704,0.624
1060,1,0.709,0.631
1061,1,0.717,0.645
1062,1,0.723,0.676
1063,1,0.724,0.676
1064,1,0.703,0.603
1065,1,0.686,0.506
1066,1,0.680,0.443
1067,1,0.659,0.391
1068,1,0.649,0.334
1069,1,0.634,0.294
1070,1,0.626,0.252
1071,1,0.610,0.211
1072,1,0.603,0.185
1073,1,0.594,0.163
1074,1,0.582,0.130
1075,1,0.577,0.111
1076,1,0.563,0.093
1077,1,0.556,0.085
1078,1,0.554,0.073
1079,1,0.547,0.065
1080,1,0.538,0.058
1081,1,0.531,0.046
1082,1,0.526,0.046
1083,1,0.519,0.039
1084,1,0.515,0.044
1085,1,0.509,0.044
1086,1,0.503,0.044
1087,1,0.502,0.056
1088,1,0.494,0.056
1089,1,0.489,0.058
1090,1,0.486,0.069
1091,1,0.484,0.077
1092,1,0.480,0.078
1093,1,0.477,0.089
1094,1,0.471,0.102
1095,1,0.469,0.113
1096,1,0.467,0.127
1097,1,0.465,0.144
1098,1,0.469,0.175
1099,1,0.470,0.216
1100,1,0.470,0.240
1101,1,0.470,0.286
1102,1,0.472,0.338
1103,1,0.474,0.387
1104,1,0.475,0.444
1105,1,0.394,0.121
1106,1,0.399,0.119
1107,1,0.400,0.119
1108,1,0.401,0.118
1109,1,0.403,0.108
1110,1,0.406,0.106
1111,1,0.406,0.106
1112,1,0.409,0.105
1113,1,0.410,0.105
1114,1,0.414,0.105
1115,1,0.414,0.105
1116,0,-1.000,-1.000
1117,1,0.416,0.108
1118,1,0.418,0.112
1119,1,0.421,0.118
1120,1,0.422,0.119
1121,1,0.424,0.131
1122,1,0.426,0.142
1123,1,0.426,0.145
1124,1,0.429,0.152
1125,1,0.434,0.169
1126,1,0.434,0.175
1127,1,0.438,0.191
1128,1,0.438,0.206
1129,1,0.440,0.224
1130,1,0.441,0.245
1131,1,0.444,0.266
1132,1,0.448,0.296
1133,1,0.452,0.319
1134,1,0.453,0.349
1135,1,0.454,0.391
1136,1,0.458,0.417
1137,1,0.464,0.463
1138,1,0.465,0.506
1139,1,0.471,0.541
1140,1,0.473,0.577
1141,0,-1.000,-1.000
1142,1,0.477,0.569
1143,1,0.477,0.570
1144,1,0.477,0.572
1145,1,0.477,0.579
1146,1,0.478,0.594
1147,1,0.479,0.601
1148,1,0.489,0.630
1149,0,-1.000,-1.000
1150,1,0.467,0.502
1151,1,0.461,0.444
1152,1,0.456,0.396
1153,1,0.451,0.341
1154,1,0.443,0.305
1155,1,0.442,0.277
1156,1,0.439,0.261
1157,1,0.435,0.245
1158,1,0.431,0.227
1159,1,0.431,0.216
1160,1,0.431,0.207
1161,1,0.427,0.195
1162,1,0.427,0.194
1163,1,0.427,0.185
1164,0,-1.000,-1.000
1165,1,0.427,0.181
1166,1,0.426,0.179
1167,1,0.426,0.176
1168,1,0.424,0.167
1169,1,0.426,0.167
1170,1,0.426,0.166
1171,1,0.426,0.166
1172,1,0.427,0.164
1173,1,0.427,0.164
1174,1,0.427,0.164
1175,1,0.427,0.164
1176,1,0.427,0.181
1177,1,0.431,0.184
1178,1,0.430,0.188
1179,1,0.430,0.199
1180,1,0.430,0.211
1181,1,0.430,0.231
1182,1,0.430,0.246
1183,1,0.431,0.260
1184,1,0.430,0.269
1185,1,0.431,0.294
1186,1,0.431,0.316
1187,1,0.432,0.338
1188,1,0.432,0.359
1189,1,0.434,0.396
1190,1,0.434,0.420
1191,1,0.434,0.448
1192,1,0.434,0.450
1193,1,0.433,0.431
1194,1,0.431,0.426
1195,1,0.426,0.417
1196,1,0.422,0.414
1197,1,0.422,0.410
1198,1,0.421,0.410
1199,1,0.417,0.407
1200,1,0.417,0.407
1201,1,0.415,0.415
1202,1,0.413,0.418
1203,1,0.415,0.418
1204,1,0.408,0.430
1205,1,0.408,0.441
1206,1,0.407,0.438
1207,1,0.403,0.419
1208,1,0.405,0.393
1209,0,-1.000,-1.000
1210,0,-1.000,-1.000
1211,0,-1.000,-1.000
1212,1,0.406,0.281
1213,1,0.406,0.260
1214,0,-1.000,-1.000
1215,1,0.407,0.232
1216,1,0.407,0.212
1217,1,0.406,0.202
1218,1,0.408,0.200
1219,1,0.407,0.194
1220,1,0.407,0.192
1221,1,0.407,0.189
1222,1,0.408,0.187
1223,1,0.408,0.187
1224,1,0.408,0.184
1225,1,0.408,0.184
1226,1,0.412,0.187
1227,1,0.412,0.187
1228,1,0.413,0.194
1229,1,0.412,0.198
1230,0,-1.000,-1.000
1231,0,-1.000,-1.000
1232,0,-1.000,-1.000
1233,0,-1.000,-1.000
1234,0,-1.000,-1.000
1235,0,-1.000,-1.000
1236,0,-1.000,-1.000
1237,0,-1.000,-1.000
1238,0,-1.000,-1.000
1239,0,-1.000,-1.000
1240,0,-1.000,-1.000
1241,0,-1.000,-1.000
1242,0,-1.000,-1.000
1243,0,-1.000,-1.000
1244,0,-1.000,-1.000
1245,1,0.418,0.165
1246,1,0.417,0.149
1247,1,0.417,0.140
1248,1,0.419,0.120
1249,0,-1.000,-1.000
1250,1,0.424,0.075
1251,1,0.425,0.055
1252,1,0.426,0.041
1253,1,0.428,0.017
1254,0,-1.000,-1.000
1255,0,-1.000,-1.000
1256,0,-1.000,-1.000
1257,0,-1.000,-1.000
1258,0,-1.000,-1.000
1259,0,-1.000,-1.000
1260,0,-1.000,-1.000
1261,0,-1.000,-1.000
1262,0,-1.000,-1.000
1263,0,-1.000,-1.000
1264,0,-1.000,-1.000
1265,0,-1.000,-1.000
1266,0,-1.000,-1.000
1267,0,-1.000,-1.000
1268,0,-1.000,-1.000
1269,0,-1.000,-1.000
1270,0,-1.000,-1.000
1271,0,-1.000,-1.000
1272,0,-1.000,-1.000
1273,0,-1.000,-1.000
1274,0,-1.000,-1.000
1275,0,-1.000,-1.000
1276,0,-1.000,-1.000
1277,0,-1.000,-1.000
1278,0,-1.000,-1.000
1279,0,-1.000,-1.000
1280,0,-1.000,-1.000
1281,1,0.555,0.007
1282,1,0.562,0.028
1283,1,0.567,0.051
1284,1,0.575,0.092
1285,1,0.582,0.127
1286,1,0.588,0.161
1287,1,0.599,0.211
1288,1,0.606,0.252
1289,1,0.620,0.325
1290,1,0.621,0.366
1291,1,0.631,0.414
1292,1,0.636,0.459
1293,1,0.640,0.527
1294,1,0.650,0.573
1295,1,0.653,0.634
1296,1,0.662,0.622
1297,1,0.671,0.599
1298,1,0.682,0.574
1299,1,0.683,0.570
1300,1,0.695,0.542
1301,1,0.696,0.541
1302,1,0.712,0.514
1303,1,0.716,0.500
1304,1,0.723,0.492
1305,1,0.730,0.486
1306,1,0.741,0.480
1307,1,0.745,0.480
1308,1,0.757,0.479
1309,1,0.765,0.481
1310,1,0.772,0.481
1311,1,0.781,0.490
1312,1,0.792,0.507
1313,1,0.799,0.517
1314,1,0.806,0.531
1315,1,0.816,0.556
1316,1,0.827,0.572
1317,1,0.827,0.596
1318,1,0.835,0.622
1319,1,0.808,0.586
1320,1,0.780,0.505
1321,1,0.745,0.448
1322,1,0.722,0.401
1323,1,0.693,0.338
1324,1,0.663,0.310
1325,1,0.646,0.281
1326,1,0.620,0.238
1327,1,0.605,0.221
1328,1,0.588,0.194
1329,1,0.571,0.181
1330,1,0.558,0.164
1331,1,0.545,0.154
1332,1,0.538,0.148
1333,1,0.521,0.137
1334,1,0.512,0.130
1335,1,0.499,0.132
1336,1,0.493,0.127
1337,1,0.480,0.131
1338,1,0.474,0.132
1339,1,0.466,0.133
1340,1,0.458,0.141
1341,1,0.451,0.148
1342,1,0.447,0.151
1343,1,0.441,0.157
1344,1,0.437,0.167
1345,1,0.429,0.177
1346,1,0.424,0.188
1347,1,0.420,0.195
1348,1,0.416,0.208
1349,1,0.413,0.219
1350,0,-1.000,-1.000
1351,1,0.405,0.245
1352,1,0.402,0.256
1353,1,0.397,0.272
1354,1,0.395,0.269
1355,1,0.394,0.255
1356,1,0.392,0.241
1357,0,-1.000,-1.000
1358,1,0.389,0.221
1359,1,0.387,0.213
1360,1,0.385,0.203
1361,1,0.384,0.194
1362,1,0.382,0.193
1363,1,0.382,0.187
1364,1,0.380,0.183
1365,1,0.380,0.181
1366,1,0.377,0.177
1367,1,0.376,0.175
1368,1,0.374,0.179
1369,1,0.372,0.177
1370,1,0.371,0.174
1371,1,0.370,0.174
1372,1,0.366,0.181
1373,1,0.365,0.184
1374,1,0.362,0.184
1375,1,0.361,0.190
1376,1,0.358,0.203
1377,1,0.354,0.212
1378,1,0.350,0.224
1379,1,0.348,0.235
1380,1,0.345,0.254
1381,1,0.339,0.271
1382,1,0.333,0.298
1383,1,0.330,0.323
1384,1,0.328,0.352
1385,1,0.320,0.385
1386,1,0.315,0.421
1387,1,0.311,0.461
1388,1,0.301,0.510
1389,1,0.297,0.563
1390,1,0.286,0.624
1391,1,0.282,0.684
1392,1,0.273,0.764
1393,1,0.262,0.847
1394,1,0.252,0.896
1395,1,0.239,0.912
1396,1,0.222,0.933
1397,1,0.212,0.953
1398,0,-1.000,-1.000
1399,0,-1.000,-1.000
1400,0,-1.000,-1.000
1401,0,-1.000,-1.000
1402,0,-1.000,-1.000
1403,0,-1.000,-1.000
1404,0,-1.000,-1.000
1405,0,-1.000,-1.000
1406,1,0.494,0.071
1407,1,0.501,0.059
1408,1,0.511,0.054
1409,1,0.518,0.051
1410,1,0.527,0.051
1411,1,0.534,0.048
1412,1,0.539,0.055
1413,1,0.547,0.054
1414,1,0.552,0.062
1415,1,0.555,0.063
1416,1,0.561,0.072
1417,1,0.563,0.081
1418,1,0.570,0.092
1419,1,0.573,0.101
1420,1,0.577,0.111
1421,1,0.580,0.122
1422,1,0.584,0.132
1423,1,0.587,0.144
1424,1,0.588,0.158
1425,1,0.589,0.171
1426,1,0.593,0.182
1427,1,0.595,0.195
1428,1,0.596,0.208
1429,1,0.599,0.223
1430,1,0.601,0.217
1431,1,0.601,0.206
1432,1,0.603,0.188
1433,1,0.605,0.175
1434,1,0.605,0.169
1435,1,0.607,0.156
1436,1,0.608,0.151
1437,1,0.609,0.144
1438,1,0.610,0.136
1439,1,0.611,0.135
1440,1,0.611,0.131
1441,1,0.611,0.126
1442,1,0.615,0.126
1443,1,0.615,0.126
1444,1,0.615,0.123
1445,1,0.616,0.127
1446,1,0.618,0.127
1447,1,0.617,0.131
1448,1,0.617,0.137
1449,1,0.617,0.139
1450,1,0.617,0.131
1451,1,0.621,0.116
1452,1,0.622,0.109
1453,1,0.622,0.097
1454,1,0.624,0.094
1455,1,0.627,0.086
1456,1,0.628,0.080
1457,1,0.630,0.073
1458,1,0.633,0.069
1459,1,0.634,0.064
1460,1,0.634,0.058
1461,1,0.636,0.056
1462,1,0.639,0.056
1463,1,0.642,0.058
1464,1,0.643,0.056
1465,1,0.643,0.060
1466,1,0.646,0.067
1467,1,0.649,0.071
1468,1,0.651,0.078
1469,1,0.654,0.088
1470,1,0.654,0.092
1471,1,0.656,0.101
1472,1,0.661,0.124
1473,1,0.664,0.144
1474,1,0.668,0.166
1475,1,0.670,0.187
1476,1,0.670,0.206
1477,1,0.674,0.240
1478,1,0.680,0.273
1479,1,0.680,0.305
1480,1,0.686,0.344
1481,1,0.687,0.385
1482,1,0.691,0.421
1483,1,0.693,0.476
1484,1,0.697,0.522
1485,0,-1.000,-1.000
1486,0,-1.000,-1.000
1487,1,0.709,0.648
1488,1,0.719,0.640
1489,1,0.722,0.635
1490,1,0.732,0.634
1491,1,0.740,0.631
1492,1,0.746,0.630
1493,1,0.754,0.632
1494,1,0.761,0.643
1495,1,0.769,0.652
1496,1,0.778,0.660
1497,1,0.790,0.679
1498,1,0.794,0.699
1499,1,0.798,0.718
1500,1,0.791,0.648
1501,1,0.777,0.579
1502,1,0.769,0.514
1503,1,0.759,0.455
1504,1,0.747,0.394
1505,1,0.731,0.337
1506,1,0.725,0.303
1507,1,0.717,0.271
1508,1,0.712,0.247
1509,1,0.706,0.209
1510,1,0.695,0.186
1511,1,0.688,0.167
1512,1,0.683,0.148
1513,1,0.678,0.138
1514,1,0.671,0.123
1515,1,0.667,0.111
1516,1,0.662,0.106
1517,1,0.658,0.101
1518,1,0.656,0.097
1519,1,0.648,0.095
1520,1,0.645,0.094
1521,1,0.642,0.098
1522,1,0.641,0.101
1523,1,0.637,0.105
1524,1,0.633,0.107
1525,1,0.629,0.112
1526,1,0.628,0.125
1527,1,0.628,0.125
1528,1,0.622,0.135
1529,1,0.619,0.149
1530,1,0.618,0.156
1531,1,0.618,0.158
1532,1,0.614,0.181
1533,1,0.612,0.194
1534,1,0.609,0.202
1535,1,0.606,0.213
1536,1,0.606,0.229
1537,1,0.605,0.244
1538,1,0.602,0.256
1539,1,0.600,0.269
1540,1,0.601,0.261
1541,1,0.600,0.248
1542,0,-1.000,-1.000
1543,1,0.601,0.224
1544,1,0.600,0.216
1545,1,0.600,0.203
1546,1,0.600,0.199
1547,1,0.600,0.193
1548,1,0.600,0.184
1549,1,0.600,0.184
1550,1,0.601,0.186
1551,1,0.599,0.176
1552,1,0.604,0.177
1553,1,0.605,0.188
1554,1,0.611,0.194
1555,1,0.616,0.193
1556,1,0.621,0.203
1557,1,0.626,0.213
1558,1,0.632,0.226
1559,1,0.637,0.244
1560,1,0.642,0.260
1561,1,0.648,0.282
1562,1,0.653,0.301
1563,1,0.660,0.332
1564,1,0.669,0.367
1565,1,0.670,0.388
1566,1,0.681,0.427
1567,1,0.688,0.473
1568,0,-1.000,-1.000
1569,0,-1.000,-1.000
1570,0,-1.000,-1.000
1571,0,-1.000,-1.000
1572,0,-1.000,-1.000
1573,0,-1.000,-1.000
1574,0,-1.000,-1.000
1575,0,-1.000,-1.000
1576,0,-1.000,-1.000
1577,1,0.789,0.608
1578,1,0.804,0.631
1579,0,-1.000,-1.000
1580,1,0.800,0.593
1581,0,-1.000,-1.000
1582,1,0.761,0.465
1583,1,0.748,0.420
1584,1,0.729,0.365
1585,1,0.721,0.329
1586,1,0.708,0.292
1587,1,0.693,0.256
1588,1,0.681,0.232
1589,1,0.671,0.213
1590,1,0.659,0.186
1591,1,0.652,0.168
1592,1,0.645,0.154
1593,1,0.633,0.139
1594,1,0.629,0.130
1595,1,0.622,0.121
1596,1,0.613,0.113
1597,1,0.609,0.106
1598,1,0.604,0.106
1599,1,0.597,0.105
1600,1,0.592,0.097
1601,1,0.585,0.100
1602,1,0.584,0.100
1603,1,0.576,0.107
1604,1,0.572,0.110
1605,1,0.570,0.116
1606,1,0.564,0.124
1607,1,0.561,0.127
1608,1,0.559,0.133
1609,1,0.554,0.144
1610,1,0.549,0.156
1611,1,0.548,0.160
1612,1,0.546,0.172
1613,1,0.545,0.183
1614,1,0.545,0.191
1615,1,0.547,0.208
1616,1,0.548,0.224
1617,1,0.551,0.250
1618,1,0.549,0.257
1619,1,0.549,0.262
1620,1,0.549,0.262
1621,1,0.549,0.273
1622,1,0.552,0.292
1623,1,0.547,0.305
1624,1,0.549,0.317
1625,1,0.549,0.310
1626,1,0.552,0.301
1627,1,0.552,0.291
1628,1,0.552,0.291
1629,1,0.552,0.290
1630,1,0.553,0.283
1631,1,0.553,0.283
1632,1,0.555,0.284
1633,1,0.557,0.289
1634,1,0.557,0.289
1635,1,0.557,0.289
1636,1,0.557,0.300
1637,1,0.558,0.309
1638,0,-1.000,-1.000
1639,1,0.408,0.148
1640,1,0.405,0.144
1641,1,0.404,0.142
1642,1,0.402,0.133
1643,0,-1.000,-1.000
1644,0,-1.000,-1.000
1645,1,0.403,0.128
1646,1,0.407,0.120
1647,1,0.411,0.120
1648,1,0.415,0.113
1649,1,0.417,0.109
1650,1,0.420,0.104
1651,1,0.424,0.097
1652,1,0.429,0.098
1653,1,0.432,0.093
1654,1,0.435,0.095
1655,1,0.438,0.094
1656,1,0.443,0.091
1657,1,0.445,0.090
1658,1,0.451,0.096
1659,1,0.455,0.092
1660,1,0.458,0.097
1661,1,0.463,0.104
1662,1,0.468,0.108
1663,1,0.473,0.115
1664,1,0.477,0.122
1665,1,0.484,0.130
1666,1,0.489,0.141
1667,1,0.493,0.156
1668,1,0.498,0.167
1669,1,0.503,0.178
1670,1,0.509,0.193
1671,1,0.518,0.212
1672,1,0.523,0.226
1673,1,0.531,0.253
1674,1,0.539,0.276
1675,1,0.542,0.299
1676,1,0.551,0.326
1677,1,0.559,0.357
1678,1,0.565,0.388
1679,1,0.575,0.423
1680,1,0.582,0.463
1681,1,0.590,0.493
1682,1,0.598,0.535
1683,1,0.602,0.534
1684,1,0.607,0.523
1685,1,0.611,0.519
1686,1,0.621,0.517
1687,1,0.621,0.515
1688,1,0.630,0.515
1689,1,0.634,0.518
1690,1,0.641,0.526
1691,1,0.648,0.526
1692,1,0.653,0.538
1693,1,0.660,0.550
1694,0,-1.000,-1.000
1695,0,-1.000,-1.000
1696,1,0.663,0.430
1697,1,0.664,0.382
1698,1,0.660,0.340
1699,1,0.662,0.310
1700,1,0.664,0.279
1701,1,0.662,0.258
1702,1,0.662,0.230
1703,1,0.662,0.215
1704,1,0.662,0.206
1705,1,0.662,0.193
1706,1,0.662,0.183
1707,1,0.661,0.174
1708,1,0.661,0.169
1709,1,0.662,0.167
1710,1,0.660,0.166
1711,1,0.660,0.169
1712,1,0.660,0.169
1713,1,0.659,0.170
1714,1,0.658,0.172
1715,1,0.658,0.180
1716,1,0.658,0.183
1717,1,0.658,0.191
1718,1,0.658,0.200
1719,1,0.658,0.197
1720,1,0.661,0.200
1721,1,0.665,0.200
1722,1,0.667,0.204
1723,1,0.667,0.211
1724,1,0.671,0.217
1725,1,0.671,0.224
1726,1,0.672,0.236
1727,1,0.672,0.244
1728,1,0.669,0.257
1729,1,0.669,0.269
1730,1,0.669,0.283
1731,1,0.665,0.294
1732,1,0.666,0.312
1733,0,-1.000,-1.000
1734,1,0.423,0.140
1735,1,0.440,0.107
1736,1,0.455,0.080
1737,1,0.465,0.058
1738,1,0.478,0.047
1739,1,0.489,0.024
1740,1,0.499,0.020
1741,1,0.511,0.009
1742,1,0.517,0.004
1743,1,0.523,0.000
1744,1,0.532,0.003
1745,1,0.540,0.003
1746,1,0.545,0.003
1747,1,0.553,0.004
1748,1,0.559,0.010
1749,1,0.564,0.016
1750,1,0.568,0.019
1751,1,0.573,0.029
1752,1,0.577,0.036
1753,1,0.579,0.045
1754,1,0.584,0.060
1755,1,0.586,0.069
1756,1,0.590,0.081
1757,1,0.594,0.093
1758,1,0.597,0.106
1759,1,0.599,0.120
1760,1,0.602,0.131
1761,1,0.604,0.146
1762,1,0.605,0.160
1763,1,0.605,0.176
1764,1,0.609,0.189
1765,1,0.611,0.203
1766,1,0.610,0.187
1767,1,0.612,0.172
1768,1,0.613,0.162
1769,1,0.615,0.151
1770,1,0.616,0.144
1771,1,0.617,0.131
1772,1,0.618,0.124
1773,1,0.620,0.117
1774,1,0.620,0.114
1775,0,-1.000,-1.000
1776,1,0.621,0.105
1777,1,0.623,0.100
1778,1,0.624,0.100
1779,1,0.624,0.094
1780,1,0.627,0.091
1781,1,0.627,0.094
1782,1,0.629,0.086
1783,1,0.629,0.086
1784,1,0.630,0.089
1785,1,0.631,0.090
1786,1,0.631,0.092
1787,1,0.634,0.094
1788,1,0.634,0.098
1789,1,0.634,0.101
1790,1,0.635,0.108
1791,1,0.635,0.115
1792,1,0.636,0.123
1793,1,0.636,0.131
1794,1,0.636,0.149
1795,1,0.637,0.155
1796,1,0.637,0.171
1797,1,0.637,0.192
1798,1,0.638,0.203
1799,1,0.637,0.222
1800,1,0.638,0.247
1801,1,0.639,0.281
1802,1,0.639,0.302
1803,1,0.639,0.328
1804,1,0.638,0.363
1805,1,0.638,0.394
1806,1,0.639,0.434
1807,0,-1.000,-1.000
1808,1,0.636,0.519
1809,1,0.636,0.559
1810,1,0.635,0.566
1811,0,-1.000,-1.000
1812,0,-1.000,-1.000
1813,0,-1.000,-1.000
1814,0,-1.000,-1.000
1815,0,-1.000,-1.000
1816,0,-1.000,-1.000
1817,0,-1.000,-1.000
1818,0,-1.000,-1.000
1819,0,-1.000,-1.000
1820,1,0.635,0.659
1821,1,0.634,0.692
1822,1,0.635,0.724
1823,1,0.627,0.655
1824,1,0.621,0.598
1825,1,0.618,0.528
1826,1,0.609,0.469
1827,1,0.603,0.418
1828,1,0.605,0.384
1829,1,0.600,0.348
1830,1,0.595,0.311
1831,1,0.594,0.289
1832,1,0.590,0.262
1833,1,0.590,0.246
1834,1,0.584,0.225
1835,1,0.584,0.213
1836,1,0.583,0.204
1837,1,0.582,0.198
1838,1,0.578,0.189
1839,1,0.577,0.187
1840,1,0.577,0.187
1841,1,0.576,0.182
1842,1,0.576,0.182
1843,1,0.574,0.185
1844,1,0.573,0.186
1845,1,0.573,0.187
1846,1,0.573,0.194
1847,1,0.572,0.201
1848,1,0.572,0.208
1849,1,0.572,0.212
1850,1,0.572,0.221
1851,0,-1.000,-1.000
1852,1,0.572,0.240
1853,1,0.572,0.250
1854,1,0.572,0.258
1855,1,0.572,0.271
1856,1,0.570,0.265
1857,1,0.572,0.253
1858,1,0.573,0.245
1859,0,-1.000,-1.000
1860,1,0.580,0.222
1861,1,0.582,0.222
1862,1,0.585,0.214
1863,1,0.590,0.210
1864,1,0.591,0.207
1865,1,0.593,0.203
1866,1,0.595,0.203
1867,1,0.598,0.202
1868,1,0.601,0.202
1869,1,0.605,0.207
1870,1,0.607,0.208
1871,1,0.611,0.217
1872,1,0.613,0.219
1873,1,0.617,0.226
1874,1,0.618,0.233
1875,1,0.622,0.247
1876,1,0.624,0.261
1877,1,0.629,0.276
1878,1,0.630,0.287
1879,1,0.633,0.305
1880,1,0.635,0.314
1881,1,0.641,0.338
1882,1,0.641,0.355
1883,0,-1.000,-1.000
1884,0,-1.000,-1.000
1885,0,-1.000,-1.000
1886,0,-1.000,-1.000
1887,0,-1.000,-1.000
1888,0,-1.000,-1.000
1889,1,0.436,0.347
1890,1,0.435,0.344
1891,1,0.436,0.317
1892,1,0.440,0.294
1893,1,0.445,0.263
1894,1,0.451,0.249
1895,1,0.452,0.230
1896,0,-1.000,-1.000
1897,1,0.456,0.211
1898,1,0.458,0.198
1899,1,0.463,0.191
1900,1,0.463,0.181
1901,1,0.467,0.175
1902,1,0.467,0.174
1903,1,0.468,0.174
1904,1,0.472,0.169
1905,1,0.473,0.169
1906,1,0.474,0.173
1907,1,0.474,0.175
1908,1,0.478,0.181
1909,1,0.479,0.182
1910,1,0.477,0.188
1911,1,0.469,0.190
1912,1,0.462,0.193
1913,1,0.456,0.197
1914,1,0.448,0.203
1915,1,0.441,0.208
1916,1,0.432,0.216
1917,1,0.423,0.226
1918,1,0.415,0.239
1919,1,0.403,0.254
1920,1,0.395,0.270
1921,1,0.380,0.288
1922,0,-1.000,-1.000
1923,0,-1.000,-1.000
1924,0,-1.000,-1.000
1925,1,0.387,0.289
1926,1,0.398,0.269
1927,1,0.409,0.256
1928,1,0.420,0.241
1929,1,0.431,0.228
1930,1,0.440,0.215
1931,1,0.451,0.208
1932,1,0.462,0.199
1933,1,0.471,0.194
1934,1,0.481,0.192
1935,1,0.492,0.189
1936,1,0.498,0.189
1937,1,0.507,0.189
1938,1,0.514,0.188
1939,1,0.522,0.190
1940,1,0.531,0.196
1941,1,0.539,0.206
1942,1,0.541,0.209
1943,1,0.548,0.217
1944,1,0.553,0.224
1945,0,-1.000,-1.000
1946,0,-1.000,-1.000
1947,0,-1.000,-1.000
1948,0,-1.000,-1.000
1949,0,-1.000,-1.000
1950,0,-1.000,-1.000
1951,0,-1.000,-1.000
1952,1,0.591,0.253
1953,1,0.594,0.245
1954,1,0.599,0.240
1955,1,0.600,0.236
1956,1,0.602,0.221
1957,1,0.605,0.220
1958,1,0.609,0.218
1959,1,0.610,0.218
1960,0,-1.000,-1.000
1961,1,0.597,0.213
1962,1,0.586,0.202
1963,1,0.577,0.202
1964,1,0.567,0.198
1965,1,0.553,0.198
1966,1,0.541,0.205
1967,1,0.534,0.205
1968,1,0.521,0.205
1969,1,0.509,0.210
1970,1,0.495,0.219
1971,1,0.483,0.228
1972,1,0.473,0.234
1973,1,0.460,0.241
1974,1,0.444,0.255
1975,1,0.431,0.268
1976,1,0.420,0.281
1977,1,0.407,0.298
1978,1,0.392,0.312
1979,1,0.384,0.326
1980,1,0.393,0.303
1981,1,0.403,0.283
1982,1,0.412,0.260
1983,1,0.422,0.238
1984,1,0.433,0.219
1985,1,0.442,0.203
1986,1,0.453,0.184
1987,1,0.463,0.175
1988,1,0.470,0.167
1989,1,0.477,0.156
1990,1,0.488,0.145
1991,1,0.496,0.138
1992,1,0.503,0.138
1993,1,0.511,0.137
1994,1,0.519,0.129
1995,1,0.526,0.130
1996,1,0.536,0.124
1997,1,0.543,0.126
1998,1,0.551,0.132
1999,1,0.556,0.132
2000,1,0.563,0.140
2001,1,0.569,0.148
2002,1,0.577,0.152
2003,1,0.580,0.157
2004,1,0.589,0.169
2005,1,0.590,0.176
2006,1,0.598,0.185
2007,1,0.603,0.202
2008,1,0.606,0.205
2009,1,0.600,0.213
2010,1,0.592,0.215
2011,0,-1.000,-1.000
2012,0,-1.000,-1.000
2013,1,0.567,0.230
2014,0,-1.000,-1.000
2015,0,-1.000,-1.000
2016,0,-1.000,-1.000
2017,1,0.545,0.249
2018,1,0.539,0.253
2019,1,0.536,0.256
2020,1,0.531,0.268
2021,1,0.523,0.283
2022,1,0.520,0.292
2023,1,0.514,0.301
2024,1,0.512,0.306
2025,1,0.511,0.311
2026,1,0.506,0.297
2027,1,0.503,0.290
2028,1,0.500,0.286
2029,1,0.497,0.283
2030,1,0.495,0.275
2031,1,0.493,0.270
2032,1,0.461,0.211
2033,1,0.458,0.199
2034,1,0.456,0.187
2035,1,0.453,0.175
2036,1,0.452,0.165
2037,1,0.450,0.156
2038,1,0.448,0.151
2039,1,0.446,0.142
2040,1,0.444,0.138
2041,1,0.443,0.132
2042,1,0.441,0.131
2043,1,0.440,0.129
2044,1,0.442,0.122
2045,1,0.447,0.120
2046,1,0.449,0.118
2047,1,0.454,0.111
2048,1,0.459,0.110
2049,1,0.461,0.109
2050,1,0.464,0.108
2051,1,0.469,0.106
2052,1,0.473,0.105
2053,1,0.477,0.106
2054,1,0.482,0.113
2055,1,0.486,0.111
2056,1,0.491,0.115
2057,1,0.495,0.121
2058,1,0.501,0.124
2059,1,0.505,0.132
2060,1,0.510,0.141
2061,1,0.514,0.149
2062,1,0.519,0.158
2063,1,0.526,0.167
2064,1,0.533,0.181
2065,1,0.537,0.196
2066,1,0.543,0.209
2067,1,0.549,0.231
2068,1,0.556,0.246
2069,1,0.561,0.263
2070,1,0.571,0.291
2071,1,0.576,0.312
2072,1,0.583,0.336
2073,1,0.592,0.361
2074,0,-1.000,-1.000
2075,0,-1.000,-1.000
2076,0,-1.000,-1.000
2077,0,-1.000,-1.000
2078,0,-1.000,-1.000
2079,0,-1.000,-1.000
2080,0,-1.000,-1.000
2081,0,-1.000,-1.000
2082,0,-1.000,-1.000
2083,0,-1.000,-1.000
2084,0,-1.000,-1.000
2085,0,-1.000,-1.000
2086,0,-1.000,-1.000
2087,0,-1.000,-1.000
2088,0,-1.000,-1.000
2089,1,0.689,0.480
2090,0,-1.000,-1.000
2091,0,-1.000,-1.000
2092,0,-1.000,-1.000
2093,0,-1.000,-1.000
2094,0,-1.000,-1.000
2095,1,0.606,0.296
2096,1,0.592,0.281
2097,1,0.580,0.259
2098,1,0.571,0.243
2099,1,0.561,0.230
2100,1,0.554,0.222
2101,1,0.544,0.215
2102,1,0.539,0.208
2103,1,0.533,0.209
2104,1,0.526,0.206
2105,1,0.520,0.205
2106,1,0.521,0.195
2107,1,0.523,0.184
2108,1,0.524,0.176
2109,1,0.527,0.170
2110,1,0.528,0.156
2111,1,0.533,0.154
2112,1,0.534,0.145
2113,1,0.538,0.141
2114,1,0.540,0.133
2115,1,0.544,0.133
2116,1,0.547,0.129
2117,1,0.550,0.125
2118,1,0.554,0.128
2119,1,0.558,0.127
2120,1,0.561,0.131
2121,1,0.564,0.134
2122,1,0.568,0.144
2123,1,0.572,0.152
2124,1,0.576,0.163
2125,1,0.581,0.174
2126,1,0.585,0.191
2127,1,0.591,0.210
2128,1,0.595,0.228
2129,1,0.600,0.254
2130,1,0.604,0.279
2131,1,0.611,0.308
2132,1,0.616,0.343
2133,1,0.622,0.380
2134,1,0.629,0.424
2135,1,0.635,0.466
2136,1,0.640,0.519
2137,1,0.648,0.576
2138,1,0.657,0.632
2139,1,0.666,0.700
2140,1,0.590,0.141
2141,1,0.595,0.146
2142,1,0.599,0.151
2143,1,0.602,0.161
2144,1,0.604,0.168
2145,1,0.607,0.174
2146,1,0.609,0.186
2147,1,0.611,0.193
2148,1,0.615,0.194
2149,1,0.618,0.180
2150,1,0.617,0.170
2151,1,0.623,0.159
2152,1,0.623,0.151
2153,1,0.625,0.144
2154,1,0.628,0.134
2155,0,-1.000,-1.000
2156,1,0.627,0.119
2157,1,0.624,0.116
2158,1,0.625,0.110
2159,1,0.622,0.107
2160,1,0.621,0.106
2161,1,0.621,0.098
2162,1,0.617,0.097
2163,1,0.618,0.091
2164,1,0.617,0.092
2165,1,0.616,0.094
2166,1,0.615,0.095
2167,1,0.613,0.095
2168,1,0.612,0.098
2169,1,0.611,0.100
2170,1,0.611,0.105
2171,1,0.608,0.110
2172,1,0.608,0.117
2173,1,0.607,0.125
2174,1,0.605,0.134
2175,1,0.604,0.149
2176,1,0.603,0.159
2177,1,0.600,0.175
2178,1,0.600,0.187
2179,1,0.598,0.206
2180,1,0.597,0.219
2181,1,0.595,0.249
2182,1,0.593,0.264
2183,1,0.591,0.290
2184,1,0.592,0.312
2185,1,0.585,0.342
2186,1,0.586,0.376
2187,1,0.585,0.405
2188,1,0.584,0.416
2189,1,0.582,0.408
2190,1,0.583,0.396
2191,1,0.584,0.389
2192,1,0.583,0.389
2193,1,0.583,0.389
2194,1,0.583,0.389
2195,1,0.583,0.389
2196,1,0.583,0.389
2197,1,0.583,0.395
2198,0,-1.000,-1.000
2199,1,0.592,0.364
2200,1,0.596,0.334
2201,1,0.601,0.301
2202,1,0.605,0.275
2203,1,0.608,0.255
2204,1,0.611,0.243
2205,1,0.614,0.223
2206,1,0.619,0.210
2207,1,0.622,0.207
2208,1,0.622,0.195
2209,1,0.628,0.187
2210,1,0.626,0.181
2211,1,0.629,0.184
2212,1,0.632,0.179
2213,1,0.632,0.181
2214,1,0.633,0.178
2215,1,0.637,0.185
2216,1,0.639,0.189
2217,0,-1.000,-1.000
2218,1,0.640,0.185
2219,1,0.642,0.183
2220,1,0.643,0.175
2221,1,0.641,0.174
2222,1,0.645,0.171
2223,1,0.647,0.169
2224,1,0.648,0.168
2225,1,0.649,0.169
2226,1,0.651,0.169
2227,1,0.652,0.174
2228,1,0.654,0.175
2229,1,0.655,0.181
2230,1,0.656,0.189
2231,1,0.658,0.192
2232,1,0.661,0.203
2233,1,0.661,0.211
2234,1,0.662,0.223
2235,1,0.665,0.241
2236,1,0.667,0.252
2237,1,0.665,0.266
2238,1,0.670,0.285
2239,0,-1.000,-1.000
2240,0,-1.000,-1.000
2241,1,0.662,0.269
2242,1,0.660,0.248
2243,1,0.657,0.238
2244,1,0.653,0.223
2245,1,0.649,0.213
2246,1,0.645,0.202
2247,1,0.641,0.200
2248,1,0.639,0.194
2249,1,0.637,0.194
2250,1,0.632,0.191
2251,1,0.632,0.191
2252,0,-1.000,-1.000
2253,0,-1.000,-1.000
2254,1,0.619,0.173
2255,1,0.613,0.168
2256,1,0.605,0.158
2257,1,0.600,0.154
2258,0,-1.000,-1.000
2259,1,0.589,0.142
2260,1,0.578,0.141
2261,1,0.571,0.138
2262,1,0.565,0.135
2263,1,0.556,0.132
2264,1,0.549,0.142
2265,1,0.542,0.135
2266,1,0.534,0.143
2267,1,0.525,0.143
2268,1,0.517,0.153
2269,1,0.509,0.158
2270,1,0.501,0.168
2271,1,0.496,0.170
2272,1,0.484,0.189
2273,1,0.477,0.200
2274,0,-1.000,-1.000
2275,0,-1.000,-1.000
2276,0,-1.000,-1.000
2277,1,0.444,0.254
2278,0,-1.000,-1.000
2279,0,-1.000,-1.000
2280,1,0.420,0.315
2281,1,0.410,0.336
2282,1,0.399,0.361
2283,1,0.395,0.364
2284,1,0.389,0.353
2285,1,0.384,0.341
2286,1,0.377,0.330
2287,1,0.373,0.327
2288,1,0.368,0.322
2289,1,0.364,0.314
2290,1,0.360,0.309
2291,1,0.353,0.308
2292,1,0.350,0.305
2293,1,0.344,0.309
2294,0,-1.000,-1.000
2295,1,0.335,0.312
2296,1,0.340,0.310
2297,0,-1.000,-1.000
2298,0,-1.000,-1.000
2299,1,0.389,0.270
2300,1,0.399,0.257
2301,1,0.414,0.248
2302,1,0.429,0.236
2303,1,0.443,0.233
2304,1,0.457,0.225
2305,1,0.471,0.220
2306,1,0.482,0.221
2307,1,0.494,0.217
2308,1,0.507,0.216
2309,1,0.519,0.218
2310,1,0.531,0.221
2311,1,0.540,0.220
2312,1,0.549,0.227
2313,0,-1.000,-1.000
2314,1,0.569,0.240
2315,1,0.581,0.246
2316,0,-1.000,-1.000
2317,0,-1.000,-1.000
2318,0,-1.000,-1.000
2319,0,-1.000,-1.000
2320,0,-1.000,-1.000
2321,0,-1.000,-1.000
2322,0,-1.000,-1.000
2323,1,0.480,0.148
2324,1,0.478,0.155
2325,1,0.484,0.152
2326,1,0.490,0.149
2327,1,0.497,0.147
2328,1,0.501,0.149
2329,1,0.506,0.148
2330,1,0.514,0.151
2331,1,0.518,0.150
2332,1,0.526,0.156
2333,1,0.532,0.163
2334,1,0.539,0.171
2335,1,0.546,0.176
2336,1,0.554,0.192
2337,1,0.562,0.205
2338,1,0.569,0.209
2339,1,0.574,0.229
2340,1,0.582,0.254
2341,1,0.592,0.272
2342,1,0.599,0.294
2343,1,0.606,0.326
2344,1,0.618,0.354
2345,1,0.623,0.385
2346,1,0.633,0.424
2347,1,0.647,0.467
2348,1,0.655,0.506
2349,1,0.661,0.505
2350,1,0.669,0.504
2351,1,0.673,0.503
2352,1,0.683,0.508
2353,1,0.691,0.507
2354,1,0.699,0.519
2355,1,0.708,0.530
2356,1,0.718,0.544
2357,1,0.722,0.557
2358,1,0.732,0.572
2359,0,-1.000,-1.000
2360,0,-1.000,-1.000
2361,1,0.761,0.659
2362,1,0.762,0.670
2363,1,0.747,0.613
2364,1,0.722,0.516
2365,1,0.703,0.459
2366,1,0.689,0.408
2367,1,0.678,0.365
2368,1,0.665,0.327
2369,1,0.654,0.290
2370,1,0.644,0.256
2371,1,0.634,0.232
2372,1,0.628,0.214
2373,1,0.621,0.197
2374,1,0.616,0.176
2375,1,0.610,0.170
2376,1,0.604,0.158
2377,1,0.602,0.146
2378,1,0.595,0.138
2379,1,0.594,0.131
2380,1,0.589,0.131
2381,1,0.585,0.128
2382,1,0.581,0.125
2383,1,0.581,0.125
2384,1,0.577,0.124
2385,1,0.574,0.127
2386,1,0.572,0.127
2387,1,0.570,0.130
2388,1,0.570,0.134
2389,1,0.566,0.138
2390,1,0.566,0.143
2391,1,0.568,0.152
2392,1,0.561,0.158
2393,1,0.561,0.161
2394,1,0.560,0.168
2395,1,0.562,0.179
2396,1,0.558,0.183
2397,1,0.558,0.190
2398,1,0.559,0.194
2399,1,0.558,0.185
2400,1,0.556,0.175
2401,1,0.558,0.169
2402,1,0.559,0.160
2403,1,0.559,0.153
2404,1,0.559,0.151
2405,1,0.559,0.139
2406,1,0.561,0.134
2407,1,0.562,0.124
2408,1,0.562,0.118
2409,1,0.562,0.108
2410,1,0.566,0.105
2411,1,0.567,0.098
2412,1,0.566,0.096
2413,1,0.568,0.093
2414,1,0.568,0.091
2415,1,0.568,0.086
2416,1,0.571,0.086
2417,1,0.571,0.089
2418,1,0.572,0.086
2419,1,0.573,0.092
2420,1,0.576,0.093
2421,1,0.576,0.096
2422,1,0.577,0.102
2423,1,0.577,0.105
2424,1,0.579,0.114
2425,1,0.581,0.124
2426,1,0.581,0.136
2427,1,0.583,0.145
2428,1,0.583,0.160
2429,1,0.588,0.173
2430,1,0.588,0.191
2431,1,0.589,0.209
2432,1,0.591,0.226
2433,1,0.594,0.254
2434,1,0.595,0.269
2435,1,0.594,0.294
2436,1,0.594,0.316
2437,0,-1.000,-1.000
2438,0,-1.000,-1.000
2439,0,-1.000,-1.000
2440,1,0.554,0.259
2441,1,0.545,0.247
2442,1,0.533,0.233
2443,1,0.522,0.220
2444,1,0.514,0.212
2445,1,0.503,0.209
2446,1,0.494,0.200
2447,1,0.485,0.194
2448,1,0.476,0.190
2449,1,0.469,0.190
2450,1,0.457,0.190
2451,1,0.451,0.194
2452,1,0.443,0.194
2453,1,0.434,0.195
2454,1,0.426,0.202
2455,1,0.419,0.204
2456,1,0.412,0.212
2457,1,0.406,0.216
2458,0,-1.000,-1.000
2459,0,-1.000,-1.000
2460,1,0.385,0.246
2461,1,0.379,0.257
2462,1,0.376,0.269
2463,1,0.368,0.273
2464,1,0.362,0.266
2465,1,0.359,0.252
2466,1,0.353,0.247
2467,1,0.348,0.237
2468,0,-1.000,-1.000
2469,0,-1.000,-1.000
2470,0,-1.000,-1.000
2471,0,-1.000,-1.000
2472,0,-1.000,-1.000
2473,0,-1.000,-1.000
2474,1,0.329,0.177
2475,1,0.329,0.157
2476,1,0.334,0.138
2477,1,0.338,0.120
2478,1,0.340,0.104
2479,1,0.344,0.086
2480,1,0.346,0.067
2481,1,0.350,0.059
2482,1,0.354,0.038
2483,1,0.356,0.028
2484,1,0.359,0.014
2485,1,0.365,0.005
2486,0,-1.000,-1.000
2487,0,-1.000,-1.000
2488,0,-1.000,-1.000
2489,0,-1.000,-1.000
2490,0,-1.000,-1.000
2491,0,-1.000,-1.000
2492,0,-1.000,-1.000
2493,0,-1.000,-1.000
2494,0,-1.000,-1.000
2495,0,-1.000,-1.000
2496,0,-1.000,-1.000
2497,0,-1.000,-1.000
2498,0,-1.000,-1.000
2499,1,0.466,0.005
2500,1,0.478,0.018
2501,1,0.484,0.034
2502,1,0.496,0.055
2503,1,0.511,0.074
2504,1,0.521,0.108
2505,1,0.536,0.148
2506,1,0.546,0.173
2507,1,0.561,0.219
2508,1,0.574,0.253
2509,1,0.590,0.302
2510,1,0.606,0.353
2511,1,0.622,0.411
2512,1,0.640,0.467
2513,1,0.650,0.509
2514,1,0.666,0.571
2515,1,0.683,0.645
2516,1,0.701,0.706
2517,1,0.714,0.779
2518,1,0.729,0.840
2519,1,0.740,0.821
2520,1,0.754,0.804
2521,1,0.531,0.140
2522,1,0.539,0.143
2523,1,0.546,0.146
2524,1,0.551,0.152
2525,1,0.556,0.157
2526,1,0.564,0.164
2527,1,0.568,0.169
2528,1,0.573,0.178
2529,1,0.578,0.180
2530,1,0.585,0.194
2531,1,0.588,0.198
2532,1,0.592,0.208
2533,1,0.597,0.199
2534,1,0.600,0.185
2535,1,0.604,0.185
2536,1,0.608,0.175
2537,1,0.611,0.166
2538,1,0.614,0.158
2539,1,0.618,0.154
2540,1,0.620,0.146
2541,1,0.623,0.139
2542,1,0.623,0.127
2543,1,0.624,0.119
2544,1,0.623,0.110
2545,1,0.626,0.098
2546,1,0.628,0.093
2547,1,0.627,0.081
2548,1,0.625,0.079
2549,1,0.628,0.075
2550,1,0.629,0.067
2551,1,0.627,0.065
2552,1,0.628,0.060
2553,1,0.628,0.056
2554,1,0.631,0.056
2555,1,0.630,0.052
2556,1,0.632,0.055
2557,1,0.630,0.056
2558,1,0.631,0.056
2559,1,0.631,0.059
2560,1,0.631,0.062
2561,1,0.630,0.068
2562,1,0.631,0.074
2563,1,0.630,0.080
2564,1,0.632,0.090
2565,1,0.632,0.102
2566,1,0.631,0.113
2567,1,0.631,0.126
2568,1,0.629,0.139
2569,1,0.629,0.156
2570,1,0.628,0.172
2571,1,0.627,0.189
2572,1,0.626,0.208
2573,1,0.627,0.221
2574,0,-1.000,-1.000
2575,0,-1.000,-1.000
2576,0,-1.000,-1.000
2577,0,-1.000,-1.000
2578,0,-1.000,-1.000
2579,0,-1.000,-1.000
2580,0,-1.000,-1.000
2581,0,-1.000,-1.000
2582,0,-1.000,-1.000
2583,0,-1.000,-1.000
2584,0,-1.000,-1.000
2585,0,-1.000,-1.000
2586,0,-1.000,-1.000
2587,0,-1.000,-1.000
2588,0,-1.000,-1.000
2589,0,-1.000,-1.000
2590,0,-1.000,-1.000
2591,0,-1.000,-1.000
2592,0,-1.000,-1.000
2593,1,0.579,0.215
2594,1,0.571,0.203
2595,1,0.556,0.188
2596,1,0.543,0.181
2597,1,0.533,0.176
2598,1,0.525,0.173
2599,1,0.517,0.169
2600,1,0.505,0.169
2601,1,0.499,0.167
2602,1,0.494,0.169
2603,1,0.485,0.171
2604,1,0.481,0.171
2605,1,0.472,0.175
2606,0,-1.000,-1.000
2607,1,0.748,0.556
2608,1,0.729,0.502
2609,1,0.702,0.455
2610,1,0.681,0.399
2611,1,0.660,0.357
2612,1,0.642,0.324
2613,1,0.624,0.290
2614,1,0.608,0.267
2615,1,0.595,0.242
2616,1,0.582,0.222
2617,1,0.569,0.206
2618,1,0.565,0.195
2619,1,0.556,0.183
2620,1,0.549,0.181
2621,1,0.541,0.174
2622,1,0.532,0.168
2623,1,0.528,0.162
2624,1,0.522,0.162
2625,1,0.516,0.166
2626,1,0.511,0.164
2627,1,0.509,0.166
2628,1,0.504,0.169
2629,1,0.500,0.168
2630,1,0.496,0.175
2631,1,0.493,0.180
2632,1,0.490,0.185
2633,1,0.487,0.192
2634,1,0.485,0.194
2635,1,0.483,0.204
2636,1,0.480,0.211
2637,1,0.480,0.205
2638,1,0.480,0.196
2639,1,0.478,0.188
2640,1,0.478,0.176
2641,1,0.479,0.169
2642,1,0.480,0.166
2643,1,0.478,0.159
2644,1,0.477,0.156
2645,1,0.478,0.149
2646,1,0.476,0.148
2647,1,0.477,0.148
2648,1,0.481,0.143
2649,1,0.485,0.134
2650,1,0.485,0.129
2651,1,0.490,0.124
2652,1,0.493,0.123
2653,1,0.495,0.116
2654,1,0.498,0.114
2655,1,0.501,0.113
2656,1,0.506,0.110
2657,1,0.507,0.110
2658,1,0.513,0.111
2659,1,0.517,0.108
2660,1,0.521,0.112
2661,1,0.526,0.119
2662,1,0.529,0.115
2663,1,0.533,0.122
2664,0,-1.000,-1.000
2665,1,0.544,0.134
2666,1,0.552,0.148
2667,1,0.555,0.153
2668,1,0.561,0.168
2669,1,0.567,0.176
2670,1,0.573,0.192
2671,1,0.580,0.208
2672,1,0.582,0.226
2673,1,0.592,0.247
2674,1,0.599,0.264
2675,1,0.607,0.290
2676,1,0.615,0.319
2677,1,0.623,0.340
2678,1,0.634,0.370
2679,0,-1.000,-1.000
2680,0,-1.000,-1.000
2681,0,-1.000,-1.000
2682,0,-1.000,-1.000
2683,0,-1.000,-1.000
2684,0,-1.000,-1.000
2685,0,-1.000,-1.000
2686,0,-1.000,-1.000
2687,0,-1.000,-1.000
2688,0,-1.000,-1.000
2689,0,-1.000,-1.000
2690,0,-1.000,-1.000
2691,0,-1.000,-1.000
2692,0,-1.000,-1.000
2693,1,0.755,0.505
2694,1,0.761,0.510
2695,1,0.771,0.510
2696,0,-1.000,-1.000
2697,0,-1.000,-1.000
2698,1,0.708,0.384
2699,1,0.680,0.344
2700,1,0.657,0.293
2701,1,0.631,0.256
2702,1,0.616,0.232
2703,1,0.599,0.212
2704,1,0.582,0.187
2705,1,0.571,0.174
2706,1,0.559,0.167
2707,1,0.549,0.154
2708,1,0.538,0.143
2709,1,0.528,0.137
2710,1,0.521,0.131
2711,1,0.512,0.131
2712,1,0.506,0.134
2713,1,0.499,0.153
2714,1,0.489,0.164
2715,1,0.482,0.183
2716,1,0.474,0.195
2717,1,0.466,0.217
2718,1,0.457,0.234
2719,1,0.449,0.251
2720,1,0.440,0.268
2721,1,0.429,0.288
2722,1,0.418,0.307
2723,1,0.409,0.332
2724,1,0.398,0.357
2725,1,0.388,0.382
2726,1,0.374,0.419
2727,1,0.366,0.432
2728,1,0.356,0.433
2729,1,0.343,0.431
2730,1,0.334,0.435
2731,1,0.321,0.441
2732,1,0.310,0.441
2733,1,0.296,0.452
2734,1,0.287,0.461
2735,1,0.275,0.472
2736,1,0.259,0.488
2737,1,0.245,0.508
2738,1,0.233,0.533
2739,1,0.223,0.551
2740,0,-1.000,-1.000
2741,1,0.216,0.525
2742,1,0.227,0.499
2743,1,0.242,0.442
2744,1,0.247,0.417
2745,1,0.257,0.387
2746,1,0.267,0.358
2747,1,0.275,0.334
2748,1,0.285,0.314
2749,1,0.292,0.294
2750,1,0.299,0.279
2751,1,0.305,0.264
2752,1,0.311,0.251
2753,1,0.321,0.244
2754,1,0.325,0.237
2755,1,0.330,0.223
2756,1,0.337,0.227
2757,1,0.342,0.220
2758,1,0.347,0.220
2759,1,0.355,0.219
2760,1,0.360,0.220
2761,1,0.366,0.222
2762,1,0.369,0.224
2763,1,0.376,0.231
2764,1,0.381,0.235
2765,1,0.381,0.244
2766,1,0.382,0.251
2767,1,0.384,0.266
2768,1,0.384,0.281
2769,1,0.385,0.296
2770,1,0.384,0.309
2771,1,0.384,0.323
2772,1,0.382,0.311
2773,1,0.379,0.310
2774,1,0.502,0.092
2775,1,0.511,0.087
2776,1,0.518,0.085
2777,1,0.525,0.080
2778,1,0.530,0.084
2779,1,0.534,0.088
2780,1,0.540,0.091
2781,1,0.544,0.093
2782,1,0.548,0.096
2783,1,0.552,0.108
2784,1,0.556,0.113
2785,1,0.558,0.117
2786,1,0.560,0.131
2787,1,0.565,0.141
2788,1,0.566,0.152
2789,1,0.568,0.156
2790,1,0.570,0.167
2791,1,0.572,0.183
2792,1,0.574,0.191
2793,1,0.576,0.197
2794,1,0.576,0.188
2795,1,0.578,0.171
2796,1,0.579,0.161
2797,1,0.580,0.151
2798,1,0.582,0.144
2799,1,0.582,0.131
2800,1,0.584,0.128
2801,1,0.583,0.119
2802,1,0.586,0.118
2803,1,0.585,0.113
2804,0,-1.000,-1.000
2805,0,-1.000,-1.000
2806,0,-1.000,-1.000
2807,1,0.586,0.025
2808,1,0.583,0.005
2809,0,-1.000,-1.000
2810,0,-1.000,-1.000
2811,0,-1.000,-1.000
2812,0,-1.000,-1.000
2813,0,-1.000,-1.000
2814,0,-1.000,-1.000
2815,0,-1.000,-1.000
2816,0,-1.000,-1.000
2817,0,-1.000,-1.000
2818,0,-1.000,-1.000
2819,0,-1.000,-1.000
2820,0,-1.000,-1.000
2821,0,-1.000,-1.000
2822,0,-1.000,-1.000
2823,0,-1.000,-1.000
2824,0,-1.000,-1.000
2825,0,-1.000,-1.000
2826,0,-1.000,-1.000
2827,0,-1.000,-1.000
2828,0,-1.000,-1.000
2829,0,-1.000,-1.000
2830,0,-1.000,-1.000
2831,0,-1.000,-1.000
2832,0,-1.000,-1.000
2833,0,-1.000,-1.000
2834,0,-1.000,-1.000
2835,0,-1.000,-1.000
2836,0,-1.000,-1.000
2837,0,-1.000,-1.000
2838,0,-1.000,-1.000
2839,0,-1.000,-1.000
2840,0,-1.000,-1.000
2841,0,-1.000,-1.000
2842,0,-1.000,-1.000
2843,0,-1.000,-1.000
2844,0,-1.000,-1.000
2845,0,-1.000,-1.000
2846,0,-1.000,-1.000
2847,0,-1.000,-1.000
2848,0,-1.000,-1.000
2849,0,-1.000,-1.000
2850,0,-1.000,-1.000
2851,0,-1.000,-1.000
2852,0,-1.000,-1.000
2853,0,-1.000,-1.000
2854,0,-1.000,-1.000
2855,0,-1.000,-1.000
2856,0,-1.000,-1.000
2857,0,-1.000,-1.000
2858,0,-1.000,-1.000
2859,0,-1.000,-1.000
2860,0,-1.000,-1.000
2861,0,-1.000,-1.000
2862,0,-1.000,-1.000
2863,0,-1.000,-1.000
2864,0,-1.000,-1.000
2865,1,0.528,0.026
2866,1,0.526,0.073
2867,1,0.525,0.130
2868,1,0.524,0.197
2869,1,0.524,0.247
2870,1,0.520,0.307
2871,1,0.521,0.370
2872,1,0.518,0.432
2873,1,0.516,0.497
2874,1,0.516,0.557
2875,1,0.514,0.567
2876,1,0.511,0.542
2877,1,0.510,0.512
2878,1,0.509,0.494
2879,1,0.504,0.463
2880,1,0.499,0.435
2881,0,-1.000,-1.000
2882,1,0.494,0.397
2883,1,0.490,0.378
2884,1,0.488,0.360
2885,1,0.483,0.348
2886,1,0.479,0.331
2887,1,0.476,0.320
2888,1,0.473,0.310
2889,1,0.469,0.311
2890,1,0.466,0.303
2891,1,0.462,0.301
2892,1,0.460,0.304
2893,1,0.454,0.305
2894,1,0.452,0.312
2895,1,0.449,0.324
2896,1,0.449,0.319
2897,1,0.457,0.282
2898,1,0.464,0.251
2899,1,0.473,0.219
2900,1,0.479,0.200
2901,1,0.487,0.178
2902,1,0.489,0.161
2903,1,0.498,0.147
2904,1,0.502,0.138
2905,1,0.507,0.131
2906,1,0.509,0.127
2907,1,0.514,0.125
2908,1,0.519,0.120
2909,1,0.522,0.124
2910,1,0.522,0.127
2911,1,0.528,0.127
2912,1,0.530,0.133
2913,1,0.533,0.140
2914,1,0.536,0.145
2915,1,0.536,0.149
2916,1,0.541,0.162
2917,1,0.542,0.169
2918,1,0.544,0.179
2919,1,0.545,0.186
2920,1,0.549,0.194
2921,1,0.549,0.207
2922,1,0.550,0.208
2923,1,0.554,0.197
2924,1,0.554,0.191
2925,1,0.558,0.197
2926,1,0.558,0.194
2927,1,0.562,0.194
2928,1,0.561,0.194
2929,1,0.565,0.200
2930,1,0.566,0.199
2931,1,0.570,0.203
2932,1,0.571,0.211
2933,1,0.572,0.217
2934,1,0.573,0.226
2935,1,0.576,0.241
2936,1,0.582,0.250
2937,1,0.581,0.262
2938,1,0.586,0.281
2939,1,0.586,0.295
2940,1,0.590,0.319
2941,1,0.593,0.340
2942,1,0.594,0.365
2943,1,0.597,0.402
2944,1,0.601,0.424
2945,1,0.606,0.453
2946,1,0.604,0.487
2947,1,0.609,0.525
2948,1,0.613,0.527
2949,1,0.617,0.519
2950,1,0.619,0.513
2951,1,0.623,0.507
2952,1,0.630,0.501
2953,0,-1.000,-1.000
2954,0,-1.000,-1.000
2955,0,-1.000,-1.000
2956,0,-1.000,-1.000
2957,0,-1.000,-1.000
2958,0,-1.000,-1.000
2959,1,0.662,0.547
2960,1,0.666,0.566
2961,1,0.668,0.580
2962,1,0.671,0.586
2963,1,0.671,0.570
2964,1,0.666,0.513
2965,1,0.660,0.457
2966,1,0.657,0.415
2967,1,0.653,0.369
2968,1,0.644,0.326
2969,1,0.641,0.303
2970,1,0.640,0.274
2971,1,0.635,0.244
2972,1,0.632,0.225
2973,1,0.628,0.209
2974,1,0.626,0.197
2975,1,0.621,0.173
2976,1,0.619,0.156
2977,1,0.614,0.150
2978,1,0.615,0.143
2979,1,0.611,0.137
2980,1,0.609,0.130
2981,1,0.606,0.126
2982,1,0.604,0.122
2983,1,0.604,0.128
2984,1,0.599,0.128
2985,1,0.599,0.132
2986,1,0.597,0.134
2987,1,0.596,0.136
2988,1,0.594,0.142
2989,1,0.592,0.149
2990,1,0.591,0.161
2991,1,0.590,0.168
2992,1,0.587,0.177
2993,1,0.585,0.184
2994,0,-1.000,-1.000
2995,1,0.589,0.195
2996,1,0.598,0.199
2997,1,0.604,0.209
2998,1,0.610,0.215
2999,1,0.618,0.223
3000,1,0.627,0.246
3001,1,0.633,0.256
3002,1,0.642,0.274
3003,1,0.647,0.291
3004,1,0.656,0.313
3005,0,-1.000,-1.000
3006,0,-1.000,-1.000
3007,1,0.688,0.418
3008,1,0.697,0.437
3009,1,0.696,0.401
3010,1,0.698,0.368
3011,1,0.698,0.326
3012,1,0.700,0.305
3013,1,0.699,0.274
3014,1,0.700,0.245
3015,1,0.701,0.229
3016,1,0.702,0.204
3017,1,0.701,0.187
3018,1,0.701,0.166
3019,1,0.703,0.150
3020,1,0.704,0.137
3021,1,0.702,0.130
3022,1,0.704,0.124
3023,1,0.704,0.119
3024,1,0.701,0.106
3025,1,0.705,0.106
3026,1,0.702,0.102
3027,1,0.703,0.103
3028,1,0.703,0.104
3029,1,0.703,0.107
3030,1,0.702,0.106
3031,1,0.700,0.114
3032,1,0.699,0.117
3033,1,0.699,0.120
3034,1,0.701,0.128
3035,1,0.700,0.135
3036,1,0.698,0.151
3037,1,0.699,0.159
3038,1,0.556,0.168
3039,1,0.566,0.178
3040,1,0.573,0.195
3041,1,0.584,0.208
3042,1,0.598,0.234
3043,1,0.608,0.251
3044,1,0.619,0.272
3045,1,0.630,0.301
3046,1,0.641,0.333
3047,1,0.661,0.369
3048,1,0.673,0.403
3049,1,0.686,0.448
3050,1,0.703,0.495
3051,1,0.719,0.547
3052,1,0.732,0.576
3053,1,0.746,0.581
3054,1,0.765,0.594
3055,1,0.777,0.594
3056,1,0.794,0.604
3057,1,0.815,0.619
3058,1,0.835,0.632
3059,1,0.855,0.650
3060,0,-1.000,-1.000
3061,0,-1.000,-1.000
3062,1,0.935,0.738
3063,1,0.925,0.712
3064,0,-1.000,-1.000
3065,1,0.858,0.546
3066,1,0.835,0.485
3067,1,0.809,0.421
3068,1,0.787,0.379
3069,1,0.768,0.334
3070,1,0.751,0.294
3071,1,0.733,0.260
3072,1,0.721,0.233
3073,1,0.709,0.210
3074,1,0.695,0.190
3075,1,0.688,0.174
3076,1,0.679,0.156
3077,1,0.664,0.148
3078,1,0.656,0.133
3079,1,0.648,0.122
3080,1,0.638,0.119
3081,1,0.634,0.117
3082,1,0.626,0.107
3083,1,0.618,0.106
3084,1,0.615,0.105
3085,1,0.610,0.106
3086,1,0.606,0.110
3087,1,0.600,0.110
3088,1,0.595,0.111
3089,1,0.591,0.116
3090,1,0.587,0.120
3091,1,0.584,0.126
3092,1,0.581,0.129
3093,1,0.578,0.138
3094,1,0.574,0.148
3095,1,0.570,0.156
3096,1,0.570,0.156
3097,1,0.567,0.174
3098,1,0.562,0.178
3099,1,0.560,0.190
3100,1,0.559,0.197
3101,1,0.557,0.205
3102,1,0.553,0.216
3103,1,0.553,0.207
3104,1,0.553,0.194
3105,1,0.553,0.188
3106,1,0.553,0.174
3107,1,0.553,0.166
3108,1,0.553,0.163
3109,1,0.553,0.154
3110,1,0.553,0.151
3111,1,0.552,0.143
3112,1,0.553,0.140
3113,1,0.555,0.137
3114,1,0.561,0.140
3115,1,0.564,0.139
3116,1,0.569,0.139
3117,1,0.571,0.139
3118,1,0.575,0.139
3119,1,0.580,0.147
3120,1,0.585,0.154
3121,1,0.587,0.160
3122,1,0.594,0.170
3123,1,0.599,0.180
3124,1,0.605,0.194
3125,1,0.612,0.206
3126,1,0.621,0.226
3127,1,0.625,0.257
3128,1,0.630,0.267
3129,1,0.636,0.285
3130,1,0.644,0.314
3131,1,0.643,0.315
3132,1,0.637,0.292
3133,1,0.629,0.269
3134,1,0.627,0.248
3135,1,0.619,0.225
3136,1,0.614,0.215
3137,1,0.608,0.201
3138,1,0.603,0.195
3139,1,0.598,0.185
3140,1,0.594,0.178
3141,1,0.589,0.169
3142,1,0.584,0.169
3143,1,0.580,0.165
3144,1,0.574,0.163
3145,1,0.572,0.159
3146,1,0.567,0.162
3147,1,0.562,0.164
3148,1,0.559,0.169
3149,1,0.554,0.169
3150,1,0.553,0.173
3151,1,0.547,0.181
3152,1,0.544,0.188
3153,1,0.541,0.194
3154,1,0.537,0.202
3155,1,0.534,0.210
3156,1,0.532,0.219
3157,0,-1.000,-1.000
3158,1,0.525,0.243
3159,1,0.521,0.255
3160,1,0.520,0.244
3161,0,-1.000,-1.000
3162,1,0.518,0.223
3163,1,0.514,0.213
3164,1,0.514,0.211
3165,1,0.514,0.200
3166,1,0.510,0.197
3167,1,0.510,0.194
3168,1,0.506,0.186
3169,1,0.509,0.185
3170,1,0.515,0.184
3171,1,0.522,0.180
3172,1,0.528,0.182
3173,1,0.534,0.181
3174,1,0.544,0.184
3175,1,0.547,0.182
3176,1,0.553,0.190
3177,1,0.560,0.192
3178,1,0.568,0.199
3179,1,0.579,0.210
3180,1,0.588,0.220
3181,1,0.596,0.231
3182,1,0.611,0.252
3183,1,0.619,0.261
3184,1,0.622,0.259
3185,1,0.609,0.243
3186,1,0.603,0.223
3187,1,0.594,0.214
3188,1,0.583,0.200
3189,1,0.573,0.185
3190,1,0.565,0.172
3191,1,0.560,0.169
3192,1,0.555,0.166
3193,1,0.545,0.159
3194,1,0.537,0.154
3195,1,0.535,0.154
3196,1,0.526,0.157
3197,1,0.518,0.158
3198,1,0.515,0.158
3199,1,0.508,0.169
3200,1,0.504,0.169
3201,1,0.498,0.175
3202,1,0.494,0.181
3203,1,0.489,0.191
3204,1,0.488,0.193
3205,1,0.481,0.203
3206,1,0.477,0.206
3207,1,0.473,0.219
3208,0,-1.000,-1.000
3209,0,-1.000,-1.000
3210,0,-1.000,-1.000
3211,0,-1.000,-1.000
3212,0,-1.000,-1.000
3213,0,-1.000,-1.000
3214,0,-1.000,-1.000
3215,0,-1.000,-1.000
3216,1,0.444,0.194
3217,1,0.440,0.189
3218,1,0.440,0.186
3219,1,0.433,0.185
3220,1,0.434,0.183
3221,1,0.438,0.182
3222,1,0.445,0.179
3223,1,0.447,0.179
3224,1,0.452,0.179
3225,1,0.456,0.181
3226,1,0.462,0.189
3227,1,0.466,0.192
3228,1,0.471,0.199
3229,1,0.478,0.206
3230,1,0.485,0.215
3231,1,0.492,0.230
3232,1,0.501,0.244
3233,0,-1.000,-1.000
3234,1,0.513,0.250
3235,1,0.514,0.241
3236,1,0.515,0.229
3237,1,0.515,0.216
3238,1,0.518,0.208
3239,1,0.521,0.195
3240,1,0.521,0.195
3241,1,0.522,0.195
3242,1,0.524,0.189
3243,1,0.526,0.192
3244,1,0.526,0.195
3245,1,0.529,0.195
3246,1,0.529,0.202
3247,1,0.529,0.202
3248,1,0.531,0.210
3249,1,0.529,0.210
3250,1,0.530,0.197
3251,1,0.531,0.185
3252,1,0.531,0.177
3253,1,0.531,0.164
3254,1,0.531,0.155
3255,1,0.531,0.151
3256,1,0.531,0.144
3257,1,0.531,0.133
3258,1,0.532,0.128
3259,1,0.530,0.126
3260,1,0.533,0.121
3261,1,0.531,0.116
3262,1,0.532,0.118
3263,1,0.532,0.112
3264,1,0.532,0.112
3265,1,0.533,0.114
3266,1,0.531,0.116
3267,1,0.531,0.122
3268,1,0.531,0.125
3269,1,0.531,0.136
3270,1,0.531,0.144
3271,1,0.530,0.155
3272,1,0.530,0.158
3273,1,0.520,0.168
3274,1,0.506,0.172
3275,1,0.492,0.180
3276,1,0.480,0.187
3277,0,-1.000,-1.000
3278,1,0.457,0.198
3279,1,0.444,0.208
3280,1,0.440,0.217
3281,0,-1.000,-1.000
3282,1,0.422,0.225
3283,1,0.270,0.352
3284,1,0.262,0.394
3285,1,0.254,0.441
3286,1,0.247,0.494
3287,1,0.235,0.556
3288,1,0.227,0.587
3289,1,0.217,0.578
3290,1,0.206,0.563
3291,1,0.188,0.549
3292,1,0.176,0.539
3293,1,0.163,0.527
3294,1,0.153,0.529
3295,1,0.136,0.514
3296,1,0.129,0.522
3297,1,0.113,0.521
3298,1,0.116,0.494
3299,1,0.144,0.442
3300,1,0.184,0.399
3301,1,0.215,0.361
3302,1,0.251,0.320
3303,1,0.276,0.289
3304,1,0.304,0.260
3305,1,0.326,0.236
3306,1,0.346,0.217
3307,1,0.365,0.203
3308,1,0.382,0.189
3309,1,0.397,0.178
3310,1,0.412,0.169
3311,1,0.421,0.164
3312,1,0.432,0.161
3313,1,0.446,0.155
3314,1,0.457,0.145
3315,1,0.467,0.147
3316,1,0.477,0.147
3317,1,0.482,0.148
3318,1,0.494,0.146
3319,1,0.500,0.156
3320,1,0.508,0.157
3321,1,0.510,0.159
3322,1,0.520,0.162
3323,1,0.527,0.175
3324,1,0.532,0.173
3325,1,0.536,0.178
3326,1,0.542,0.186
3327,1,0.546,0.194
3328,1,0.552,0.198
3329,1,0.554,0.207
3330,1,0.559,0.217
3331,1,0.561,0.203
3332,1,0.561,0.188
3333,1,0.565,0.183
3334,1,0.570,0.174
3335,1,0.570,0.165
3336,1,0.577,0.158
3337,1,0.577,0.151
3338,1,0.579,0.146
3339,1,0.580,0.137
3340,1,0.578,0.131
3341,1,0.581,0.123
3342,1,0.582,0.111
3343,1,0.583,0.101
3344,1,0.585,0.095
3345,1,0.586,0.094
3346,0,-1.000,-1.000
3347,1,0.591,0.081
3348,1,0.591,0.073
3349,1,0.592,0.071
3350,1,0.592,0.069
3351,1,0.594,0.067
3352,1,0.595,0.068
3353,1,0.599,0.066
3354,1,0.599,0.077
3355,1,0.604,0.075
3356,1,0.605,0.083
3357,1,0.605,0.090
3358,1,0.608,0.093
3359,1,0.611,0.104
3360,1,0.611,0.110
3361,1,0.613,0.122
3362,1,0.615,0.140
3363,1,0.614,0.155
3364,1,0.619,0.163
3365,1,0.621,0.190
3366,1,0.624,0.202
3367,1,0.628,0.222
3368,0,-1.000,-1.000
3369,0,-1.000,-1.000
3370,0,-1.000,-1.000
3371,0,-1.000,-1.000
3372,0,-1.000,-1.000
3373,0,-1.000,-1.000
3374,0,-1.000,-1.000
3375,0,-1.000,-1.000
3376,1,0.646,0.348
3377,1,0.652,0.336
3378,1,0.653,0.335
3379,1,0.658,0.322
3380,0,-1.000,-1.000
3381,0,-1.000,-1.000
3382,1,0.667,0.307
3383,1,0.671,0.308
3384,1,0.669,0.314
3385,0,-1.000,-1.000
3386,0,-1.000,-1.000
3387,0,-1.000,-1.000
3388,1,0.628,0.256
3389,1,0.613,0.246
3390,1,0.599,0.231
3391,1,0.589,0.221
3392,1,0.573,0.214
3393,1,0.562,0.206
3394,1,0.549,0.205
3395,1,0.539,0.198
3396,1,0.528,0.199
3397,1,0.517,0.201
3398,1,0.508,0.202
3399,1,0.497,0.203
3400,1,0.486,0.202
3401,1,0.482,0.206
3402,1,0.473,0.212
3403,0,-1.000,-1.000
3404,0,-1.000,-1.000
3405,0,-1.000,-1.000
3406,0,-1.000,-1.000
3407,0,-1.000,-1.000
3408,1,0.423,0.258
3409,1,0.420,0.269
3410,1,0.415,0.275
3411,1,0.413,0.268
3412,1,0.407,0.250
3413,1,0.405,0.244
3414,1,0.401,0.242
3415,0,-1.000,-1.000
3416,1,0.391,0.221
3417,1,0.389,0.221
3418,1,0.380,0.218
3419,0,-1.000,-1.000
3420,1,0.401,0.205
3421,0,-1.000,-1.000
3422,1,0.426,0.203
3423,1,0.437,0.205
3424,1,0.452,0.202
3425,1,0.465,0.208
3426,1,0.482,0.213
3427,1,0.497,0.212
3428,1,0.516,0.226
3429,1,0.530,0.233
3430,1,0.555,0.242
3431,1,0.568,0.255
3432,1,0.586,0.282
3433,1,0.579,0.265
3434,1,0.572,0.246
3435,1,0.558,0.236
3436,1,0.549,0.224
3437,1,0.541,0.222
3438,1,0.530,0.214
3439,1,0.522,0.208
3440,1,0.514,0.211
3441,1,0.508,0.210
3442,1,0.502,0.207
3443,1,0.492,0.206
3444,1,0.486,0.214
3445,1,0.479,0.218
3446,1,0.473,0.215
3447,1,0.468,0.223
3448,0,-1.000,-1.000
3449,1,0.458,0.241
3450,1,0.455,0.247
3451,1,0.449,0.256
3452,0,-1.000,-1.000
3453,0,-1.000,-1.000
3454,0,-1.000,-1.000
3455,0,-1.000,-1.000
3456,0,-1.000,-1.000
3457,0,-1.000,-1.000
3458,0,-1.000,-1.000
3459,0,-1.000,-1.000
3460,0,-1.000,-1.000
3461,0,-1.000,-1.000
3462,0,-1.000,-1.000
3463,0,-1.000,-1.000
3464,0,-1.000,-1.000
3465,0,-1.000,-1.000
3466,0,-1.000,-1.000
3467,1,0.419,0.214
3468,0,-1.000,-1.000
3469,0,-1.000,-1.000
3470,0,-1.000,-1.000
3471,1,0.431,0.207
3472,1,0.438,0.201
3473,1,0.443,0.190
3474,1,0.452,0.188
3475,1,0.458,0.190
3476,1,0.465,0.186
3477,1,0.472,0.186
3478,1,0.481,0.179
3479,1,0.483,0.186
3480,0,-1.000,-1.000
3481,0,-1.000,-1.000
3482,0,-1.000,-1.000
3483,1,0.521,0.206
3484,1,0.531,0.217
3485,1,0.538,0.228
3486,1,0.546,0.238
3487,1,0.556,0.252
3488,1,0.562,0.263
3489,1,0.570,0.272
3490,1,0.579,0.287
3491,1,0.586,0.310
3492,1,0.596,0.319
3493,0,-1.000,-1.000
3494,0,-1.000,-1.000
3495,0,-1.000,-1.000
3496,0,-1.000,-1.000
3497,0,-1.000,-1.000
3498,0,-1.000,-1.000
3499,0,-1.000,-1.000
3500,0,-1.000,-1.000
3501,0,-1.000,-1.000
3502,0,-1.000,-1.000
3503,0,-1.000,-1.000
3504,0,-1.000,-1.000
3505,0,-1.000,-1.000
3506,0,-1.000,-1.000
3507,0,-1.000,-1.000
3508,0,-1.000,-1.000
3509,1,0.738,0.541
3510,1,0.707,0.484
3511,1,0.681,0.427
3512,1,0.655,0.381
3513,1,0.633,0.341
3514,1,0.611,0.304
3515,1,0.597,0.278
3516,1,0.576,0.253
3517,1,0.565,0.235
3518,1,0.552,0.219
3519,1,0.542,0.197
3520,1,0.528,0.189
3521,1,0.518,0.174
3522,1,0.507,0.168
3523,1,0.501,0.166
3524,1,0.497,0.162
3525,1,0.485,0.156
3526,1,0.480,0.156
3527,1,0.474,0.154
3528,1,0.469,0.160
3529,1,0.466,0.156
3530,1,0.461,0.164
3531,1,0.459,0.166
3532,1,0.453,0.171
3533,1,0.451,0.180
3534,1,0.448,0.180
3535,1,0.443,0.185
3536,1,0.443,0.193
3537,1,0.440,0.202
3538,1,0.435,0.211
3539,1,0.435,0.206
3540,1,0.432,0.195
3541,1,0.436,0.181
3542,1,0.433,0.175
3543,1,0.433,0.169
3544,1,0.435,0.162
3545,1,0.429,0.159
3546,1,0.430,0.156
3547,1,0.432,0.150
3548,1,0.431,0.150
3549,1,0.434,0.145
3550,1,0.439,0.138
3551,1,0.443,0.133
3552,1,0.445,0.137
3553,1,0.450,0.127
3554,1,0.455,0.123
3555,1,0.460,0.122
3556,1,0.466,0.125
3557,1,0.469,0.120
3558,1,0.476,0.125
3559,1,0.480,0.127
3560,1,0.485,0.131
3561,1,0.492,0.133
3562,1,0.498,0.141
3563,1,0.503,0.151
3564,1,0.511,0.154
3565,1,0.519,0.167
3566,1,0.526,0.180
3567,1,0.530,0.187
3568,1,0.543,0.207
3569,1,0.547,0.225
3570,1,0.558,0.241
3571,1,0.565,0.256
3572,1,0.572,0.277
3573,1,0.581,0.311
3574,1,0.590,0.340
3575,1,0.601,0.366
3576,1,0.610,0.398
3577,1,0.621,0.431
3578,1,0.635,0.477
3579,1,0.640,0.494
3580,1,0.644,0.487
3581,1,0.654,0.482
3582,1,0.662,0.481
3583,1,0.667,0.475
3584,1,0.679,0.477
3585,1,0.687,0.479
3586,0,-1.000,-1.000
3587,1,0.702,0.489
3588,1,0.711,0.497
3589,0,-1.000,-1.000
3590,0,-1.000,-1.000
3591,0,-1.000,-1.000
3592,0,-1.000,-1.000
3593,0,-1.000,-1.000
3594,0,-1.000,-1.000
3595,1,0.709,0.453
3596,1,0.684,0.398
3597,1,0.668,0.356
3598,1,0.652,0.330
3599,1,0.636,0.301
3600,1,0.617,0.270
3601,1,0.602,0.254
3602,1,0.594,0.230
3603,1,0.574,0.209
3604,1,0.565,0.194
3605,1,0.554,0.183
3606,1,0.541,0.176
3607,1,0.532,0.163
3608,1,0.526,0.155
3609,1,0.514,0.145
3610,1,0.506,0.145
3611,1,0.496,0.153
3612,1,0.492,0.145
3613,1,0.481,0.139
3614,1,0.478,0.146
3615,1,0.469,0.151
3616,1,0.464,0.153
3617,1,0.457,0.159
3618,1,0.449,0.167
3619,1,0.446,0.172
3620,1,0.440,0.181
3621,1,0.438,0.188
3622,1,0.433,0.197
3623,1,0.432,0.200
3624,1,0.426,0.214
3625,1,0.424,0.222
3626,0,-1.000,-1.000
3627,0,-1.000,-1.000
3628,0,-1.000,-1.000
3629,0,-1.000,-1.000
3630,0,-1.000,-1.000
3631,0,-1.000,-1.000
3632,0,-1.000,-1.000
3633,1,0.408,0.217
3634,1,0.405,0.209
3635,1,0.401,0.206
3636,1,0.402,0.196
3637,1,0.402,0.193
3638,1,0.403,0.191
3639,1,0.401,0.172
3640,1,0.395,0.184
3641,1,0.385,0.186
3642,1,0.380,0.189
3643,1,0.378,0.189
3644,1,0.370,0.190
3645,1,0.365,0.201
3646,1,0.358,0.207
3647,1,0.352,0.218
3648,1,0.345,0.223
3649,1,0.340,0.240
3650,1,0.332,0.263
3651,1,0.323,0.273
3652,1,0.319,0.293
3653,0,-1.000,-1.000
3654,0,-1.000,-1.000
3655,0,-1.000,-1.000
3656,1,0.362,0.227
3657,1,0.368,0.214
3658,1,0.377,0.202
3659,1,0.389,0.194
3660,1,0.394,0.188
3661,1,0.405,0.179
3662,1,0.413,0.171
3663,1,0.420,0.169
3664,1,0.428,0.167
3665,1,0.433,0.167
3666,0,-1.000,-1.000
3667,0,-1.000,-1.000
3668,1,0.444,0.172
3669,1,0.454,0.175
3670,1,0.456,0.174
3671,1,0.463,0.185
3672,1,0.468,0.190
3673,1,0.469,0.196
3674,1,0.471,0.203
3675,1,0.480,0.213
3676,1,0.482,0.220
3677,1,0.489,0.232
3678,1,0.495,0.253
3679,1,0.502,0.261
3680,1,0.503,0.275
3681,1,0.509,0.282
3682,1,0.513,0.286
3683,1,0.513,0.290
3684,1,0.513,0.296
3685,1,0.515,0.296
3686,1,0.515,0.303
3687,1,0.519,0.310
3688,0,-1.000,-1.000
3689,0,-1.000,-1.000
3690,1,0.524,0.300
3691,1,0.524,0.294
3692,1,0.528,0.293
3693,1,0.528,0.291
3694,1,0.529,0.291
3695,1,0.530,0.289
3696,1,0.533,0.291
3697,1,0.536,0.293
3698,0,-1.000,-1.000
3699,1,0.718,0.524
3700,1,0.691,0.486
3701,1,0.662,0.438
3702,1,0.640,0.393
3703,1,0.616,0.349
3704,1,0.599,0.322
3705,1,0.581,0.300
3706,1,0.559,0.269
3707,1,0.543,0.249
3708,1,0.534,0.234
3709,1,0.520,0.218
3710,1,0.514,0.218
3711,1,0.502,0.206
3712,1,0.492,0.199
3713,1,0.486,0.194
3714,1,0.480,0.191
3715,1,0.471,0.189
3716,1,0.465,0.189
3717,1,0.459,0.193
3718,1,0.453,0.191
3719,1,0.450,0.194
3720,1,0.445,0.194
3721,1,0.442,0.198
3722,1,0.437,0.204
3723,1,0.433,0.210
3724,1,0.433,0.210
3725,1,0.427,0.220
3726,1,0.425,0.220
3727,1,0.425,0.209
3728,1,0.423,0.202
3729,1,0.420,0.190
3730,1,0.420,0.180
3731,1,0.420,0.175
3732,1,0.418,0.167
3733,1,0.418,0.164
3734,1,0.415,0.160
3735,1,0.415,0.159
3736,1,0.414,0.156
3737,1,0.414,0.160
3738,1,0.418,0.146
3739,1,0.422,0.144
3740,1,0.427,0.144
3741,1,0.432,0.132
3742,1,0.439,0.131
3743,1,0.442,0.127
3744,1,0.447,0.124
3745,1,0.452,0.124
3746,1,0.459,0.121
3747,1,0.464,0.121
3748,1,0.468,0.121
3749,1,0.473,0.121
3750,1,0.480,0.121
3751,1,0.487,0.125
3752,1,0.491,0.127
3753,1,0.497,0.136
3754,1,0.502,0.136
3755,1,0.510,0.152
3756,1,0.518,0.154
3757,1,0.522,0.162
3758,1,0.532,0.180
3759,1,0.539,0.193
3760,1,0.545,0.204
3761,1,0.553,0.224
3762,1,0.560,0.244
3763,1,0.565,0.259
3764,1,0.571,0.280
3765,1,0.581,0.308
3766,1,0.590,0.335
3767,1,0.598,0.367
3768,1,0.604,0.399
3769,1,0.614,0.435
3770,1,0.623,0.473
3771,1,0.633,0.511
3772,1,0.641,0.540
3773,1,0.647,0.540
3774,1,0.655,0.534
3775,1,0.662,0.532
3776,1,0.668,0.531
3777,1,0.674,0.534
3778,1,0.681,0.542
3779,1,0.688,0.544
3780,1,0.696,0.550
3781,1,0.700,0.556
3782,0,-1.000,-1.000
3783,0,-1.000,-1.000
3784,0,-1.000,-1.000
3785,1,0.740,0.648
3786,1,0.736,0.644
3787,0,-1.000,-1.000
3788,1,0.695,0.506
3789,1,0.678,0.448
3790,1,0.665,0.398
3791,1,0.645,0.354
3792,1,0.631,0.308
3793,1,0.615,0.278
3794,1,0.604,0.244
3795,1,0.596,0.220
3796,1,0.580,0.190
3797,1,0.574,0.177
3798,1,0.565,0.161
3799,1,0.554,0.144
3800,1,0.546,0.133
3801,1,0.539,0.121
3802,1,0.534,0.113
3803,1,0.527,0.105
3804,1,0.517,0.113
3805,1,0.516,0.105
3806,1,0.509,0.102
3807,1,0.506,0.106
3808,1,0.499,0.107
3809,1,0.495,0.108
3810,1,0.490,0.112
3811,1,0.488,0.118
3812,1,0.484,0.125
3813,1,0.480,0.133
3814,1,0.477,0.143
3815,1,0.473,0.152
3816,1,0.472,0.163
3817,1,0.469,0.170
3818,1,0.467,0.180
3819,1,0.465,0.192
3820,0,-1.000,-1.000
3821,1,0.467,0.205
3822,1,0.475,0.201
3823,1,0.484,0.200
3824,1,0.490,0.200
3825,1,0.499,0.202
3826,1,0.509,0.207
3827,1,0.517,0.209
3828,1,0.527,0.218
3829,1,0.535,0.224
3830,1,0.544,0.241
3831,1,0.552,0.256
3832,1,0.571,0.271
3833,1,0.583,0.289
3834,1,0.591,0.313
3835,1,0.605,0.336
3836,1,0.616,0.362
3837,1,0.627,0.396
3838,1,0.649,0.441
3839,1,0.656,0.471
3840,1,0.671,0.519
3841,0,-1.000,-1.000
3842,0,-1.000,-1.000
3843,0,-1.000,-1.000
3844,0,-1.000,-1.000
3845,0,-1.000,-1.000
3846,0,-1.000,-1.000
3847,1,0.667,0.424
3848,1,0.652,0.383
3849,1,0.636,0.346
3850,1,0.624,0.320
3851,1,0.610,0.294
3852,1,0.597,0.270
3853,1,0.584,0.244
3854,1,0.572,0.222
3855,1,0.561,0.206
3856,1,0.551,0.194
3857,1,0.540,0.182
3858,1,0.534,0.169
3859,1,0.527,0.159
3860,1,0.518,0.157
3861,1,0.510,0.156
3862,1,0.504,0.147
3863,1,0.496,0.150
3864,1,0.487,0.144
3865,1,0.482,0.145
3866,1,0.478,0.148
3867,1,0.468,0.155
3868,1,0.468,0.157
3869,1,0.460,0.161
3870,1,0.455,0.171
3871,1,0.450,0.177
3872,1,0.446,0.183
3873,1,0.442,0.192
3874,1,0.445,0.193
3875,1,0.454,0.194
3876,1,0.458,0.190
3877,1,0.465,0.193
3878,1,0.472,0.196
3879,1,0.478,0.201
3880,1,0.483,0.205
3881,1,0.494,0.217
3882,1,0.498,0.224
3883,1,0.509,0.246
3884,1,0.518,0.261
3885,1,0.528,0.281
3886,1,0.536,0.294
3887,1,0.544,0.323
3888,1,0.559,0.356
3889,1,0.574,0.392
3890,1,0.586,0.428
3891,1,0.591,0.454
3892,1,0.592,0.441
3893,1,0.582,0.405
3894,1,0.576,0.355
3895,1,0.567,0.316
3896,1,0.560,0.291
3897,1,0.552,0.257
3898,1,0.546,0.230
3899,1,0.539,0.204
3900,1,0.535,0.181
3901,1,0.526,0.167
3902,1,0.524,0.149
3903,1,0.518,0.135
3904,1,0.511,0.121
3905,1,0.506,0.109
3906,1,0.502,0.106
3907,1,0.495,0.094
3908,1,0.492,0.094
3909,1,0.489,0.086
3910,1,0.481,0.084
3911,1,0.481,0.084
3912,1,0.472,0.083
3913,1,0.471,0.084
3914,1,0.468,0.086
3915,1,0.465,0.093
3916,1,0.464,0.094
3917,1,0.458,0.100
3918,1,0.458,0.118
3919,1,0.454,0.118
3920,1,0.453,0.123
3921,1,0.451,0.137
3922,1,0.447,0.146
3923,1,0.442,0.154
3924,1,0.447,0.163
3925,1,0.457,0.170
3926,1,0.472,0.192
3927,1,0.487,0.201
3928,1,0.501,0.224
3929,1,0.515,0.244
3930,1,0.527,0.268
3931,1,0.544,0.293
3932,1,0.562,0.331
3933,1,0.579,0.354
3934,1,0.599,0.396
3935,1,0.620,0.437
3936,1,0.622,0.436
3937,1,0.609,0.405
3938,1,0.595,0.362
3939,1,0.584,0.319
3940,1,0.570,0.287
3941,1,0.562,0.263
3942,1,0.551,0.240
3943,1,0.538,0.217
3944,1,0.531,0.202
3945,1,0.524,0.182
3946,1,0.515,0.169
3947,1,0.503,0.157
3948,1,0.493,0.148
3949,1,0.484,0.143
3950,1,0.474,0.137
3951,1,0.468,0.132
3952,1,0.465,0.131
3953,1,0.453,0.131
3954,1,0.452,0.132
3955,1,0.446,0.135
3956,1,0.439,0.136
3957,1,0.435,0.142
3958,1,0.426,0.151
3959,1,0.424,0.160
3960,1,0.417,0.163
3961,1,0.410,0.175
3962,1,0.408,0.179
3963,1,0.405,0.188
3964,1,0.399,0.206
3965,1,0.396,0.215
3966,1,0.393,0.221
3967,1,0.392,0.244
3968,1,0.386,0.263
3969,1,0.385,0.269
3970,1,0.381,0.283
3971,1,0.376,0.272
3972,1,0.377,0.266
3973,1,0.370,0.248
3974,1,0.369,0.249
3975,0,-1.000,-1.000
3976,0,-1.000,-1.000
3977,1,0.362,0.219
3978,1,0.355,0.206
3979,1,0.354,0.211
3980,1,0.352,0.203
3981,1,0.351,0.205
3982,1,0.347,0.202
3983,1,0.346,0.206
3984,1,0.340,0.208
3985,1,0.335,0.215
3986,1,0.330,0.215
3987,1,0.326,0.226
3988,1,0.320,0.234
3989,1,0.320,0.243
3990,1,0.313,0.258
3991,1,0.307,0.273
3992,0,-1.000,-1.000
3993,0,-1.000,-1.000
3994,0,-1.000,-1.000
3995,0,-1.000,-1.000
3996,0,-1.000,-1.000
3997,0,-1.000,-1.000
3998,0,-1.000,-1.000
3999,0,-1.000,-1.000
4000,0,-1.000,-1.000
4001,0,-1.000,-1.000
4002,1,0.290,0.288
4003,1,0.294,0.261
4004,1,0.296,0.246
4005,1,0.296,0.232
4006,1,0.301,0.223
4007,1,0.303,0.209
4008,1,0.305,0.201
4009,1,0.306,0.194
4010,1,0.306,0.194
4011,1,0.314,0.186
4012,1,0.316,0.183
4013,1,0.319,0.183
4014,1,0.322,0.183
4015,1,0.323,0.184
4016,1,0.323,0.186
4017,1,0.326,0.191
4018,1,0.328,0.191
4019,1,0.331,0.199
4020,1,0.333,0.200
4021,1,0.336,0.212
4022,0,-1.000,-1.000
4023,0,-1.000,-1.000
4024,0,-1.000,-1.000
4025,0,-1.000,-1.000
4026,0,-1.000,-1.000
4027,0,-1.000,-1.000
4028,0,-1.000,-1.000
4029,0,-1.000,-1.000
4030,0,-1.000,-1.000
4031,0,-1.000,-1.000
4032,0,-1.000,-1.000
4033,1,0.347,0.219
4034,1,0.349,0.210
4035,1,0.345,0.211
4036,1,0.347,0.205
4037,1,0.349,0.203
4038,1,0.346,0.200
4039,1,0.347,0.200
4040,1,0.347,0.202
4041,1,0.347,0.203
4042,1,0.349,0.206
4043,1,0.346,0.209
4044,1,0.349,0.217
4045,1,0.349,0.201
4046,1,0.345,0.214
4047,1,0.343,0.219
4048,1,0.341,0.220
4049,1,0.340,0.224
4050,0,-1.000,-1.000
4051,1,0.340,0.241
4052,1,0.336,0.247
4053,1,0.336,0.257
4054,1,0.335,0.269
4055,1,0.335,0.272
4056,1,0.335,0.269
4057,1,0.336,0.269
4058,1,0.336,0.275
4059,1,0.339,0.274
4060,1,0.339,0.278
4061,1,0.336,0.287
4062,1,0.336,0.293
4063,1,0.338,0.294
4064,1,0.340,0.297
4065,1,0.340,0.303
4066,0,-1.000,-1.000
4067,0,-1.000,-1.000
4068,1,0.342,0.301
4069,1,0.341,0.298
4070,1,0.533,0.166
4071,1,0.540,0.147
4072,1,0.546,0.145
4073,1,0.550,0.136
4074,1,0.554,0.123
4075,1,0.558,0.124
4076,1,0.559,0.120
4077,1,0.567,0.117
4078,1,0.567,0.117
4079,1,0.571,0.116
4080,1,0.575,0.111
4081,1,0.575,0.117
4082,1,0.580,0.122
4083,1,0.582,0.129
4084,1,0.587,0.129
4085,1,0.587,0.132
4086,1,0.587,0.140
4087,1,0.590,0.144
4088,1,0.595,0.152
4089,1,0.595,0.157
4090,1,0.598,0.171
4091,1,0.600,0.173
4092,1,0.604,0.187
4093,1,0.602,0.188
4094,1,0.606,0.179
4095,1,0.608,0.167
4096,1,0.609,0.157
4097,1,0.613,0.152
4098,1,0.616,0.146
4099,1,0.615,0.136
4100,1,0.620,0.137
4101,0,-1.000,-1.000
4102,1,0.621,0.126
4103,1,0.621,0.113
4104,1,0.627,0.105
4105,1,0.628,0.096
4106,1,0.629,0.090
4107,0,-1.000,-1.000
4108,0,-1.000,-1.000
4109,0,-1.000,-1.000
4110,1,0.634,0.061
4111,1,0.637,0.053
4112,1,0.638,0.056
4113,1,0.639,0.052
4114,1,0.641,0.049
4115,1,0.642,0.044
4116,1,0.645,0.055
4117,1,0.646,0.050
4118,1,0.647,0.055
4119,1,0.652,0.064
4120,1,0.652,0.069
4121,1,0.653,0.076
4122,1,0.655,0.083
4123,1,0.656,0.099
4124,1,0.659,0.112
4125,1,0.661,0.129
4126,1,0.661,0.142
4127,1,0.667,0.163
4128,1,0.666,0.185
4129,1,0.669,0.211
4130,1,0.669,0.246
4131,1,0.673,0.272
4132,1,0.673,0.303
4133,1,0.673,0.345
4134,1,0.676,0.399
4135,1,0.678,0.438
4136,1,0.678,0.481
4137,1,0.678,0.532
4138,1,0.682,0.587
4139,0,-1.000,-1.000
4140,1,0.688,0.638
4141,1,0.685,0.636
4142,1,0.690,0.635
4143,1,0.695,0.627
4144,1,0.695,0.625
4145,1,0.705,0.620
4146,1,0.707,0.623
4147,1,0.708,0.629
4148,0,-1.000,-1.000
4149,1,0.694,0.504
4150,1,0.684,0.429
4151,1,0.672,0.362
4152,1,0.666,0.334
4153,1,0.661,0.300
4154,1,0.655,0.267
4155,1,0.648,0.242
4156,0,-1.000,-1.000
4157,0,-1.000,-1.000
4158,1,0.640,0.208
4159,1,0.635,0.195
4160,0,-1.000,-1.000
4161,1,0.632,0.182
4162,1,0.629,0.180
4163,1,0.627,0.179
4164,0,-1.000,-1.000
4165,0,-1.000,-1.000
4166,0,-1.000,-1.000
4167,1,0.611,0.184
4168,1,0.607,0.174
4169,1,0.598,0.179
4170,1,0.592,0.185
4171,1,0.586,0.183
4172,1,0.579,0.185
4173,1,0.572,0.194
4174,1,0.565,0.201
4175,1,0.556,0.203
4176,1,0.543,0.221
4177,1,0.537,0.231
4178,1,0.529,0.246
4179,1,0.518,0.265
4180,1,0.509,0.285
4181,1,0.496,0.302
4182,1,0.483,0.328
4183,1,0.472,0.356
4184,1,0.465,0.375
4185,1,0.447,0.419
4186,1,0.435,0.456
4187,1,0.429,0.481
4188,0,-1.000,-1.000
4189,0,-1.000,-1.000
4190,0,-1.000,-1.000
4191,0,-1.000,-1.000
4192,0,-1.000,-1.000
4193,0,-1.000,-1.000
4194,0,-1.000,-1.000
4195,0,-1.000,-1.000
4196,0,-1.000,-1.000
4197,0,-1.000,-1.000
4198,0,-1.000,-1.000
4199,0,-1.000,-1.000
4200,0,-1.000,-1.000
4201,0,-1.000,-1.000
4202,1,0.339,0.426
4203,1,0.358,0.385
4204,1,0.381,0.345
4205,1,0.401,0.312
4206,1,0.420,0.275
4207,1,0.436,0.247
4208,1,0.451,0.224
4209,1,0.466,0.203
4210,1,0.480,0.189
4211,1,0.495,0.172
4212,1,0.507,0.161
4213,1,0.523,0.146
4214,1,0.534,0.143
4215,1,0.544,0.135
4216,1,0.554,0.127
4217,1,0.568,0.119
4218,1,0.574,0.119
4219,1,0.589,0.119
4220,0,-1.000,-1.000
4221,1,0.597,0.123
4222,1,0.611,0.122
4223,1,0.611,0.127
4224,1,0.618,0.137
4225,1,0.625,0.144
4226,1,0.633,0.150
4227,1,0.636,0.154
4228,1,0.644,0.169
4229,1,0.649,0.173
4230,1,0.652,0.191
4231,1,0.655,0.191
4232,0,-1.000,-1.000
4233,1,0.665,0.219
4234,0,-1.000,-1.000
4235,1,0.671,0.244
4236,1,0.676,0.261
4237,1,0.677,0.257
4238,1,0.679,0.243
4239,0,-1.000,-1.000
4240,0,-1.000,-1.000
4241,0,-1.000,-1.000
4242,1,0.687,0.201
4243,1,0.689,0.194
4244,0,-1.000,-1.000
4245,0,-1.000,-1.000
4246,0,-1.000,-1.000
4247,0,-1.000,-1.000
4248,0,-1.000,-1.000
4249,0,-1.000,-1.000
4250,0,-1.000,-1.000
4251,1,0.698,0.158
4252,1,0.699,0.150
4253,1,0.698,0.151
4254,0,-1.000,-1.000
4255,0,-1.000,-1.000
4256,0,-1.000,-1.000
4257,0,-1.000,-1.000
4258,0,-1.000,-1.000
4259,1,0.698,0.151
4260,1,0.695,0.155
4261,0,-1.000,-1.000
4262,0,-1.000,-1.000
4263,0,-1.000,-1.000
4264,1,0.702,0.133
4265,1,0.704,0.121
4266,1,0.705,0.116
4267,1,0.707,0.109
4268,1,0.707,0.104
4269,1,0.709,0.101
4270,1,0.712,0.101
4271,1,0.713,0.099
4272,1,0.716,0.096
4273,1,0.716,0.096
4274,1,0.718,0.102
4275,1,0.718,0.106
4276,1,0.719,0.109
4277,1,0.720,0.116
4278,1,0.720,0.127
4279,1,0.723,0.135
4280,1,0.726,0.147
4281,1,0.729,0.169
4282,1,0.728,0.184
4283,1,0.731,0.200
4284,1,0.731,0.210
4285,1,0.731,0.244
4286,1,0.734,0.268
4287,1,0.735,0.288
4288,1,0.736,0.327
4289,1,0.737,0.352
4290,1,0.738,0.383
4291,1,0.738,0.419
4292,1,0.738,0.456
4293,0,-1.000,-1.000
4294,0,-1.000,-1.000
4295,0,-1.000,-1.000
4296,1,0.748,0.468
4297,1,0.752,0.460
4298,1,0.752,0.456
4299,1,0.754,0.446
4300,1,0.511,0.287
4301,1,0.502,0.269
4302,1,0.491,0.244
4303,1,0.485,0.219
4304,1,0.478,0.216
4305,1,0.470,0.202
4306,1,0.462,0.187
4307,1,0.454,0.180
4308,1,0.449,0.174
4309,1,0.447,0.167
4310,1,0.443,0.167
4311,1,0.442,0.167
4312,1,0.438,0.167
4313,1,0.435,0.166
4314,1,0.432,0.164
4315,1,0.428,0.164
4316,1,0.427,0.165
4317,1,0.426,0.177
4318,1,0.423,0.176
4319,1,0.420,0.178
4320,1,0.419,0.187
4321,1,0.420,0.190
4322,1,0.418,0.201
4323,1,0.417,0.195
4324,1,0.417,0.189
4325,1,0.416,0.182
4326,1,0.417,0.169
4327,1,0.419,0.168
4328,1,0.418,0.156
4329,1,0.419,0.151
4330,1,0.420,0.144
4331,1,0.417,0.144
4332,0,-1.000,-1.000
4333,0,-1.000,-1.000
4334,1,0.419,0.131
4335,1,0.417,0.125
4336,1,0.420,0.120
4337,1,0.421,0.121
4338,1,0.419,0.117
4339,1,0.421,0.109
4340,1,0.420,0.115
4341,1,0.420,0.115
4342,1,0.418,0.112
4343,1,0.418,0.108
4344,1,0.418,0.110
4345,1,0.416,0.119
4346,1,0.416,0.119
4347,1,0.416,0.119
4348,1,0.412,0.124
4349,1,0.414,0.135
4350,1,0.411,0.133
4351,1,0.410,0.145
4352,1,0.409,0.157
4353,1,0.406,0.169
4354,1,0.406,0.178
4355,1,0.403,0.202
4356,1,0.401,0.222
4357,1,0.397,0.235
4358,1,0.396,0.261
4359,1,0.393,0.282
4360,1,0.391,0.300
4361,1,0.389,0.322
4362,1,0.387,0.351
4363,1,0.380,0.391
4364,1,0.379,0.434
4365,1,0.374,0.465
4366,1,0.368,0.510
4367,1,0.368,0.531
4368,1,0.363,0.561
4369,1,0.357,0.559
4370,1,0.348,0.544
4371,1,0.345,0.547
4372,1,0.336,0.550
4373,1,0.329,0.554
4374,1,0.326,0.547
4375,1,0.318,0.563
4376,1,0.310,0.571
4377,1,0.303,0.579
4378,1,0.298,0.591
4379,1,0.307,0.561
4380,1,0.326,0.489
4381,1,0.354,0.410
4382,1,0.370,0.359
4383,1,0.383,0.324
4384,1,0.400,0.291
4385,1,0.405,0.272
4386,1,0.415,0.247
4387,1,0.426,0.225
4388,1,0.435,0.211
4389,1,0.442,0.206
4390,1,0.444,0.203
4391,1,0.448,0.191
4392,1,0.457,0.184
4393,1,0.462,0.178
4394,1,0.468,0.178
4395,1,0.469,0.171
4396,1,0.476,0.172
4397,1,0.489,0.169
4398,1,0.490,0.159
4399,1,0.498,0.162
4400,1,0.504,0.161
4401,1,0.508,0.154
4402,1,0.514,0.159
4403,1,0.519,0.165
4404,1,0.535,0.168
4405,1,0.540,0.172
4406,1,0.546,0.173
4407,1,0.552,0.186
4408,1,0.557,0.193
4409,1,0.570,0.212
4410,1,0.581,0.228
4411,1,0.593,0.248
4412,1,0.602,0.262
4413,1,0.613,0.291
4414,1,0.623,0.319
4415,1,0.633,0.343
4416,1,0.643,0.367
4417,1,0.652,0.393
4418,1,0.668,0.434
4419,1,0.677,0.472
4420,1,0.691,0.520
4421,1,0.704,0.559
4422,1,0.711,0.562
4423,1,0.721,0.548
4424,1,0.735,0.540
4425,0,-1.000,-1.000
4426,0,-1.000,-1.000
4427,0,-1.000,-1.000
4428,0,-1.000,-1.000
4429,0,-1.000,-1.000
4430,0,-1.000,-1.000
4431,0,-1.000,-1.000
4432,0,-1.000,-1.000
4433,0,-1.000,-1.000
4434,1,0.773,0.460
4435,1,0.752,0.420
4436,1,0.727,0.379
4437,1,0.711,0.343
4438,1,0.689,0.305
4439,1,0.669,0.281
4440,1,0.653,0.260
4441,1,0.635,0.232
4442,1,0.622,0.212
4443,1,0.605,0.198
4444,1,0.596,0.183
4445,1,0.575,0.165
4446,1,0.566,0.167
4447,1,0.556,0.150
4448,1,0.542,0.149
4449,1,0.534,0.149
4450,1,0.528,0.143
4451,1,0.519,0.143
4452,1,0.512,0.144
4453,1,0.501,0.143
4454,1,0.492,0.143
4455,1,0.484,0.153
4456,1,0.477,0.151
4457,1,0.476,0.160
4458,1,0.469,0.167
4459,1,0.460,0.174
4460,1,0.457,0.181
4461,1,0.452,0.187
4462,1,0.445,0.200
4463,1,0.445,0.201
4464,1,0.448,0.202
4465,1,0.453,0.202
4466,1,0.463,0.202
4467,1,0.471,0.204
4468,1,0.475,0.204
4469,1,0.486,0.210
4470,1,0.495,0.218
4471,1,0.502,0.224
4472,1,0.514,0.228
4473,1,0.522,0.242
4474,1,0.533,0.258
4475,1,0.548,0.281
4476,1,0.549,0.288
4477,1,0.562,0.324
4478,1,0.578,0.343
4479,1,0.584,0.340
4480,1,0.581,0.297
4481,1,0.575,0.272
4482,1,0.570,0.256
4483,1,0.570,0.233
4484,1,0.566,0.211
4485,1,0.558,0.185
4486,1,0.559,0.169
4487,1,0.554,0.152
4488,1,0.553,0.131
4489,1,0.548,0.135
4490,1,0.547,0.119
4491,1,0.546,0.116
4492,1,0.543,0.107
4493,1,0.542,0.107
4494,1,0.537,0.101
4495,1,0.536,0.105
4496,1,0.535,0.103
4497,1,0.533,0.104
4498,1,0.533,0.104
4499,1,0.530,0.104
4500,1,0.530,0.107
4501,1,0.529,0.116
4502,1,0.525,0.119
4503,1,0.525,0.131
4504,1,0.530,0.150
4505,1,0.531,0.171
4506,1,0.536,0.197
4507,1,0.542,0.234
4508,1,0.551,0.276
4509,1,0.560,0.336
4510,1,0.566,0.374
4511,1,0.574,0.432
4512,1,0.578,0.460
4513,0,-1.000,-1.000
4514,1,0.581,0.426
4515,0,-1.000,-1.000
4516,1,0.509,0.139
4517,1,0.519,0.148
4518,1,0.519,0.151
4519,1,0.525,0.157
4520,1,0.530,0.173
4521,1,0.534,0.179
4522,1,0.542,0.196
4523,1,0.546,0.215
4524,1,0.552,0.225
4525,1,0.554,0.245
4526,1,0.558,0.259
4527,1,0.566,0.292
4528,1,0.572,0.328
4529,1,0.582,0.367
4530,1,0.584,0.402
4531,1,0.594,0.450
4532,1,0.594,0.494
4533,1,0.603,0.537
4534,1,0.613,0.592
4535,1,0.615,0.622
4536,1,0.617,0.622
4537,1,0.622,0.625
4538,1,0.627,0.638
4539,1,0.632,0.647
4540,1,0.637,0.659
4541,1,0.644,0.683
4542,1,0.644,0.723
4543,1,0.645,0.727
4544,1,0.645,0.675
4545,1,0.640,0.593
4546,1,0.640,0.531
4547,1,0.636,0.454
4548,1,0.634,0.405
4549,1,0.631,0.352
4550,1,0.629,0.302
4551,1,0.623,0.275
4552,1,0.622,0.237
4553,1,0.619,0.227
4554,1,0.619,0.202
4555,1,0.617,0.184
4556,1,0.615,0.166
4557,1,0.614,0.145
4558,1,0.610,0.137
4559,1,0.610,0.137
4560,1,0.610,0.119
4561,1,0.605,0.107
4562,1,0.605,0.107
4563,1,0.605,0.102
4564,1,0.604,0.100
4565,1,0.604,0.100
4566,1,0.601,0.106
4567,1,0.601,0.105
4568,1,0.601,0.106
4569,1,0.601,0.106
4570,1,0.598,0.112
4571,1,0.598,0.118
4572,1,0.598,0.119
4573,1,0.596,0.128
4574,1,0.595,0.136
4575,1,0.595,0.144
4576,1,0.593,0.152
4577,1,0.593,0.156
4578,0,-1.000,-1.000
4579,0,-1.000,-1.000
4580,1,0.591,0.183
4581,1,0.592,0.194
4582,1,0.592,0.206
4583,1,0.591,0.210
4584,1,0.591,0.198
4585,1,0.591,0.191
4586,1,0.593,0.175
4587,1,0.595,0.173
4588,1,0.594,0.161
4589,1,0.595,0.158
4590,1,0.595,0.149
4591,1,0.597,0.148
4592,1,0.596,0.141
4593,1,0.597,0.131
4594,1,0.599,0.132
4595,1,0.604,0.120
4596,1,0.602,0.117
4597,1,0.604,0.114
4598,1,0.608,0.107
4599,1,0.611,0.096
4600,1,0.614,0.094
4601,1,0.616,0.092
4602,1,0.622,0.090
4603,1,0.621,0.082
4604,1,0.628,0.080
4605,1,0.629,0.081
4606,1,0.633,0.083
4607,1,0.635,0.082
4608,1,0.639,0.087
4609,1,0.643,0.084
4610,1,0.647,0.094
4611,1,0.652,0.098
4612,1,0.653,0.110
4613,1,0.660,0.114
4614,1,0.660,0.125
4615,1,0.669,0.132
4616,1,0.669,0.147
4617,1,0.677,0.159
4618,1,0.679,0.186
4619,1,0.684,0.202
4620,1,0.688,0.216
4621,1,0.695,0.231
4622,1,0.697,0.256
4623,1,0.701,0.279
4624,1,0.704,0.313
4625,1,0.711,0.334
4626,1,0.714,0.368
4627,1,0.722,0.375
4628,1,0.724,0.365
4629,1,0.727,0.359
4630,0,-1.000,-1.000
4631,0,-1.000,-1.000
4632,0,-1.000,-1.000
4633,0,-1.000,-1.000
4634,0,-1.000,-1.000
4635,0,-1.000,-1.000
4636,0,-1.000,-1.000
4637,0,-1.000,-1.000
4638,0,-1.000,-1.000
4639,0,-1.000,-1.000
4640,0,-1.000,-1.000
4641,0,-1.000,-1.000
4642,1,0.729,0.281
4643,1,0.717,0.272
4644,1,0.702,0.248
4645,1,0.686,0.240
4646,1,0.674,0.228
4647,1,0.658,0.211
4648,1,0.641,0.202
4649,1,0.625,0.191
4650,1,0.610,0.193
4651,1,0.600,0.184
4652,1,0.587,0.184
4653,1,0.573,0.181
4654,1,0.558,0.177
4655,1,0.549,0.178
4656,1,0.537,0.179
4657,1,0.522,0.176
4658,1,0.513,0.187
4659,1,0.509,0.188
4660,0,-1.000,-1.000
4661,0,-1.000,-1.000
4662,1,0.468,0.214
4663,1,0.459,0.225
4664,1,0.456,0.230
4665,1,0.445,0.249
4666,1,0.439,0.253
4667,1,0.435,0.264
4668,1,0.424,0.275
4669,1,0.418,0.279
4670,1,0.410,0.291
4671,1,0.408,0.281
4672,1,0.405,0.268
4673,1,0.401,0.255
4674,1,0.395,0.248
4675,1,0.392,0.233
4676,0,-1.000,-1.000
4677,0,-1.000,-1.000
4678,0,-1.000,-1.000
4679,1,0.379,0.223
4680,1,0.374,0.224
4681,1,0.369,0.227
4682,1,0.368,0.225
4683,0,-1.000,-1.000
4684,0,-1.000,-1.000
4685,0,-1.000,-1.000
4686,0,-1.000,-1.000
4687,1,0.394,0.223
4688,1,0.407,0.220
4689,0,-1.000,-1.000
4690,1,0.432,0.221
4691,1,0.438,0.224
4692,1,0.451,0.222
4693,1,0.457,0.219
4694,1,0.468,0.212
4695,1,0.479,0.218
4696,1,0.487,0.214
4697,1,0.494,0.216
4698,1,0.505,0.218
4699,1,0.515,0.227
4700,1,0.527,0.228
4701,1,0.535,0.234
4702,1,0.538,0.246
4703,1,0.553,0.248
4704,1,0.564,0.268
4705,1,0.575,0.273
4706,1,0.583,0.289
4707,1,0.593,0.305
4708,1,0.599,0.319
4709,1,0.608,0.328
4710,1,0.623,0.356
4711,1,0.623,0.363
4712,0,-1.000,-1.000
4713,0,-1.000,-1.000
4714,0,-1.000,-1.000
4715,0,-1.000,-1.000
4716,0,-1.000,-1.000
4717,0,-1.000,-1.000
4718,0,-1.000,-1.000
4719,0,-1.000,-1.000
4720,0,-1.000,-1.000
4721,0,-1.000,-1.000
4722,0,-1.000,-1.000
4723,0,-1.000,-1.000
4724,0,-1.000,-1.000
4725,1,0.652,0.285
4726,1,0.642,0.269
4727,1,0.629,0.254
4728,1,0.616,0.244
4729,1,0.600,0.222
4730,1,0.590,0.209
4731,1,0.581,0.212
4732,1,0.571,0.203
4733,1,0.560,0.197
4734,1,0.549,0.188
4735,1,0.536,0.187
4736,1,0.527,0.179
4737,1,0.522,0.183
4738,1,0.510,0.185
4739,1,0.500,0.186
4740,1,0.494,0.187
4741,1,0.487,0.185
4742,1,0.482,0.196
4743,1,0.476,0.202
4744,1,0.464,0.198
4745,1,0.460,0.207
4746,1,0.451,0.219
4747,1,0.446,0.224
4748,0,-1.000,-1.000
4749,0,-1.000,-1.000
4750,0,-1.000,-1.000
4751,0,-1.000,-1.000
4752,0,-1.000,-1.000
4753,0,-1.000,-1.000
4754,0,-1.000,-1.000
4755,0,-1.000,-1.000
4756,0,-1.000,-1.000
4757,1,0.417,0.233
4758,1,0.414,0.245
4759,0,-1.000,-1.000
4760,1,0.414,0.238
4761,1,0.414,0.225
4762,1,0.416,0.221
4763,1,0.417,0.215
4764,1,0.417,0.206
4765,1,0.418,0.200
4766,1,0.418,0.200
4767,1,0.422,0.197
4768,1,0.422,0.197
4769,1,0.420,0.197
4770,1,0.420,0.198
4771,1,0.421,0.206
4772,1,0.424,0.207
4773,1,0.423,0.219
4774,1,0.423,0.221
4775,0,-1.000,-1.000
4776,0,-1.000,-1.000
4777,1,0.426,0.247
4778,1,0.422,0.250
4779,0,-1.000,-1.000
4780,0,-1.000,-1.000
4781,1,0.424,0.219
4782,1,0.423,0.205
4783,1,0.423,0.188
4784,1,0.425,0.179
4785,1,0.424,0.171
4786,1,0.423,0.162
4787,1,0.424,0.150
4788,1,0.425,0.142
4789,1,0.424,0.135
4790,1,0.424,0.127
4791,1,0.424,0.119
4792,1,0.426,0.110
4793,1,0.429,0.106
4794,1,0.429,0.105
4795,1,0.429,0.098
4796,1,0.430,0.099
4797,1,0.430,0.099
4798,1,0.435,0.102
4799,1,0.435,0.102
4800,1,0.435,0.106
4801,1,0.437,0.121
4802,1,0.440,0.139
4803,1,0.447,0.161
4804,1,0.453,0.180
4805,1,0.453,0.188
4806,1,0.455,0.196
4807,1,0.460,0.221
4808,1,0.460,0.238
4809,1,0.464,0.240
4810,1,0.463,0.218
4811,1,0.465,0.202
4812,0,-1.000,-1.000
4813,0,-1.000,-1.000
4814,1,0.464,0.156
4815,1,0.466,0.150
4816,1,0.467,0.138
4817,1,0.232,0.637
4818,1,0.204,0.649
4819,1,0.184,0.653
4820,1,0.162,0.673
4821,1,0.123,0.710
4822,1,0.104,0.716
4823,1,0.070,0.745
4824,1,0.042,0.773
4825,1,0.042,0.773
4826,1,0.080,0.667
4827,1,0.130,0.582
4828,1,0.168,0.502
4829,1,0.197,0.449
4830,1,0.223,0.401
4831,1,0.246,0.349
4832,1,0.269,0.308
4833,1,0.293,0.270
4834,1,0.315,0.247
4835,1,0.326,0.221
4836,1,0.342,0.206
4837,1,0.359,0.179
4838,1,0.374,0.177
4839,1,0.384,0.163
4840,1,0.393,0.156
4841,1,0.406,0.145
4842,1,0.415,0.138
4843,1,0.427,0.134
4844,1,0.434,0.133
4845,1,0.436,0.132
4846,1,0.451,0.122
4847,1,0.454,0.134
4848,1,0.465,0.138
4849,1,0.471,0.131
4850,1,0.473,0.135
4851,1,0.482,0.139
4852,1,0.483,0.146
4853,1,0.490,0.149
4854,1,0.498,0.163
4855,1,0.502,0.169
4856,1,0.503,0.169
4857,1,0.511,0.178
4858,1,0.513,0.181
4859,1,0.517,0.193
4860,1,0.520,0.203
4861,0,-1.000,-1.000
4862,1,0.528,0.198
4863,1,0.526,0.187
4864,1,0.531,0.180
4865,1,0.534,0.176
4866,1,0.534,0.169
4867,1,0.537,0.158
4868,1,0.537,0.153
4869,1,0.542,0.146
4870,1,0.546,0.144
4871,1,0.546,0.144
4872,1,0.534,0.144
4873,1,0.531,0.140
4874,1,0.526,0.140
4875,1,0.516,0.140
4876,1,0.511,0.139
4877,1,0.501,0.145
4878,1,0.495,0.141
4879,1,0.483,0.155
4880,1,0.476,0.156
4881,1,0.459,0.169
4882,1,0.452,0.174
4883,1,0.440,0.184
4884,1,0.434,0.197
4885,1,0.418,0.206
4886,1,0.404,0.233
4887,1,0.383,0.266
4888,1,0.372,0.281
4889,1,0.355,0.319
4890,1,0.341,0.345
4891,1,0.323,0.373
4892,1,0.302,0.410
4893,1,0.278,0.462
4894,1,0.262,0.507
4895,0,-1.000,-1.000
4896,0,-1.000,-1.000
4897,0,-1.000,-1.000
4898,0,-1.000,-1.000
4899,1,0.226,0.500
4900,1,0.239,0.461
4901,1,0.265,0.402
4902,1,0.281,0.358
4903,1,0.301,0.322
4904,1,0.320,0.277
4905,1,0.335,0.238
4906,1,0.354,0.205
4907,1,0.360,0.195
4908,1,0.374,0.166
4909,1,0.390,0.137
4910,1,0.404,0.119
4911,1,0.415,0.106
4912,1,0.426,0.093
4913,1,0.439,0.083
4914,1,0.445,0.076
4915,1,0.465,0.063
4916,1,0.468,0.063
4917,1,0.472,0.056
4918,0,-1.000,-1.000
4919,1,0.494,0.050
4920,1,0.501,0.056
4921,1,0.506,0.056
4922,1,0.514,0.053
4923,1,0.523,0.061
4924,1,0.527,0.068
4925,1,0.531,0.075
4926,1,0.540,0.080
4927,1,0.552,0.089
4928,1,0.551,0.093
4929,1,0.555,0.098
4930,1,0.561,0.110
4931,1,0.565,0.121
4932,1,0.566,0.132
4933,1,0.563,0.144
4934,1,0.562,0.152
4935,1,0.562,0.169
4936,1,0.560,0.187
4937,1,0.559,0.196
4938,1,0.557,0.213
4939,1,0.557,0.244
4940,1,0.557,0.269
4941,1,0.554,0.289
4942,1,0.549,0.331
4943,0,-1.000,-1.000
4944,1,0.542,0.324
4945,1,0.537,0.301
4946,1,0.536,0.284
4947,1,0.531,0.256
4948,1,0.528,0.248
4949,1,0.524,0.240
4950,1,0.520,0.224
4951,1,0.516,0.224
4952,1,0.511,0.214
4953,1,0.507,0.213
4954,1,0.504,0.213
4955,1,0.499,0.207
4956,1,0.498,0.207
4957,1,0.497,0.207
4958,1,0.492,0.211
4959,1,0.492,0.213
4960,1,0.487,0.219
4961,1,0.484,0.217
4962,1,0.481,0.218
4963,0,-1.000,-1.000
4964,0,-1.000,-1.000
4965,0,-1.000,-1.000
4966,0,-1.000,-1.000
4967,0,-1.000,-1.000
4968,1,0.455,0.198
4969,1,0.446,0.199
4970,1,0.444,0.211
4971,1,0.439,0.219
4972,1,0.438,0.220
4973,1,0.434,0.223
4974,1,0.426,0.243
4975,1,0.416,0.259
4976,1,0.408,0.270
4977,1,0.404,0.285
4978,0,-1.000,-1.000
4979,1,0.409,0.265
4980,0,-1.000,-1.000
4981,0,-1.000,-1.000
4982,0,-1.000,-1.000
4983,1,0.427,0.216
4984,1,0.426,0.206
4985,1,0.431,0.208
4986,1,0.436,0.209
4987,1,0.436,0.208
4988,0,-1.000,-1.000
4989,1,0.439,0.195
4990,1,0.445,0.188
4991,1,0.448,0.187
4992,1,0.451,0.184
4993,1,0.457,0.181
4994,1,0.457,0.181
4995,1,0.465,0.174
4996,1,0.466,0.173
4997,1,0.472,0.174
4998,1,0.476,0.175
4999,1,0.477,0.178
5000,1,0.485,0.181
5001,1,0.491,0.187
5002,1,0.492,0.194
5003,1,0.497,0.196
5004,1,0.502,0.210
5005,1,0.509,0.225
5006,1,0.513,0.229
5007,1,0.521,0.253
5008,1,0.528,0.279
5009,1,0.530,0.281
5010,1,0.537,0.303
5011,1,0.542,0.324
5012,1,0.547,0.337
5013,1,0.555,0.369
5014,0,-1.000,-1.000
5015,0,-1.000,-1.000
5016,0,-1.000,-1.000
5017,0,-1.000,-1.000
5018,0,-1.000,-1.000
5019,0,-1.000,-1.000
5020,0,-1.000,-1.000
5021,0,-1.000,-1.000
5022,0,-1.000,-1.000
5023,0,-1.000,-1.000
5024,0,-1.000,-1.000
5025,0,-1.000,-1.000
5026,0,-1.000,-1.000
5027,0,-1.000,-1.000
5028,0,-1.000,-1.000
5029,0,-1.000,-1.000
5030,0,-1.000,-1.000
5031,0,-1.000,-1.000
5032,0,-1.000,-1.000
5033,0,-1.000,-1.000
5034,1,0.611,0.339
5035,1,0.601,0.316
5036,1,0.592,0.289
5037,1,0.584,0.269
5038,1,0.576,0.251
5039,1,0.564,0.239
5040,1,0.561,0.226
5041,1,0.557,0.211
5042,1,0.549,0.206
5043,1,0.543,0.191
5044,1,0.536,0.176
5045,1,0.529,0.176
5046,1,0.524,0.172
5047,1,0.517,0.161
5048,1,0.514,0.164
5049,1,0.509,0.167
5050,1,0.505,0.168
5051,1,0.498,0.168
5052,1,0.494,0.177
5053,1,0.491,0.180
5054,1,0.485,0.182
5055,1,0.479,0.191
5056,1,0.478,0.195
5057,1,0.476,0.205
5058,1,0.474,0.206
5059,1,0.481,0.205
5060,1,0.489,0.206
5061,1,0.495,0.208
5062,1,0.499,0.210
5063,1,0.508,0.216
5064,1,0.516,0.219
5065,1,0.522,0.224
5066,1,0.532,0.233
5067,1,0.540,0.249
5068,1,0.548,0.257
5069,1,0.556,0.280
5070,1,0.564,0.290
5071,1,0.576,0.316
5072,1,0.585,0.336
5073,1,0.595,0.356
5074,1,0.607,0.388
5075,0,-1.000,-1.000
5076,1,0.603,0.374
5077,1,0.590,0.345
5078,1,0.585,0.318
5079,1,0.578,0.299
5080,1,0.566,0.274
5081,1,0.559,0.249
5082,1,0.548,0.227
5083,1,0.543,0.213
5084,1,0.534,0.202
5085,1,0.528,0.184
5086,1,0.520,0.174
5087,1,0.515,0.167
5088,1,0.507,0.158
5089,1,0.501,0.155
5090,1,0.496,0.145
5091,1,0.490,0.145
5092,1,0.485,0.144
5093,1,0.478,0.141
5094,1,0.474,0.141
5095,1,0.470,0.142
5096,1,0.462,0.151
5097,1,0.458,0.144
5098,1,0.458,0.151
5099,1,0.454,0.158
5100,1,0.449,0.169
5101,1,0.449,0.172
5102,1,0.451,0.183
5103,1,0.459,0.198
5104,1,0.463,0.206
5105,1,0.476,0.233
5106,1,0.477,0.251
5107,1,0.487,0.281
5108,1,0.492,0.317
5109,1,0.497,0.326
5110,1,0.507,0.365
5111,1,0.515,0.402
5112,1,0.526,0.449
5113,1,0.512,0.434
5114,1,0.503,0.416
5115,1,0.481,0.377
5116,1,0.474,0.359
5117,1,0.476,0.347
5118,1,0.476,0.345
5119,1,0.477,0.319
5120,1,0.478,0.317
5121,1,0.480,0.305
5122,1,0.481,0.305
5123,1,0.481,0.305
5124,1,0.483,0.296
5125,1,0.483,0.295
5126,1,0.483,0.295
5127,1,0.484,0.300
5128,1,0.484,0.300
5129,1,0.484,0.300
5130,1,0.484,0.307
5131,1,0.486,0.316
5132,1,0.485,0.319
5133,1,0.486,0.331
5134,1,0.487,0.341
5135,1,0.487,0.334
5136,1,0.485,0.325
5137,1,0.485,0.322
5138,1,0.482,0.306
5139,1,0.587,0.326
5140,1,0.601,0.359
5141,1,0.619,0.396
5142,1,0.640,0.439
5143,1,0.656,0.481
5144,1,0.679,0.529
5145,1,0.701,0.553
5146,1,0.719,0.553
5147,1,0.742,0.567
5148,1,0.763,0.581
5149,1,0.789,0.598
5150,1,0.808,0.608
5151,0,-1.000,-1.000
5152,0,-1.000,-1.000
5153,0,-1.000,-1.000
5154,0,-1.000,-1.000
5155,0,-1.000,-1.000
5156,0,-1.000,-1.000
5157,1,0.792,0.442
5158,1,0.782,0.398
5159,1,0.763,0.362
5160,1,0.744,0.326
5161,1,0.721,0.287
5162,1,0.713,0.271
5163,1,0.699,0.253
5164,1,0.692,0.228
5165,1,0.678,0.205
5166,1,0.673,0.204
5167,1,0.661,0.187
5168,1,0.655,0.181
5169,1,0.647,0.169
5170,1,0.643,0.167
5171,1,0.637,0.156
5172,1,0.632,0.156
5173,1,0.627,0.156
5174,1,0.621,0.151
5175,1,0.617,0.151
5176,1,0.613,0.156
5177,1,0.614,0.154
5178,1,0.607,0.159
5179,1,0.599,0.165
5180,1,0.599,0.171
5181,1,0.598,0.174
5182,1,0.598,0.177
5183,1,0.596,0.178
5184,1,0.595,0.183
5185,1,0.592,0.193
5186,1,0.589,0.201
5187,1,0.589,0.211
5188,1,0.585,0.219
5189,1,0.589,0.208
5190,1,0.589,0.188
5191,1,0.588,0.184
5192,1,0.589,0.181
5193,1,0.591,0.171
5194,1,0.590,0.159
5195,1,0.591,0.157
5196,1,0.591,0.155
5197,1,0.594,0.147
5198,1,0.590,0.147
5199,1,0.585,0.139
5200,1,0.581,0.128
5201,1,0.577,0.119
5202,1,0.572,0.110
5203,1,0.570,0.101
5204,1,0.565,0.098
5205,1,0.560,0.092
5206,1,0.554,0.085
5207,1,0.549,0.083
5208,1,0.545,0.078
5209,1,0.537,0.071
5210,1,0.533,0.075
5211,1,0.527,0.072
5212,1,0.525,0.073
5213,1,0.520,0.074
5214,1,0.509,0.074
5215,1,0.504,0.076
5216,1,0.502,0.080
5217,1,0.490,0.088
5218,1,0.482,0.092
5219,1,0.479,0.101
5220,1,0.473,0.108
5221,1,0.467,0.123
5222,1,0.459,0.127
5223,1,0.450,0.152
5224,1,0.439,0.162
5225,1,0.434,0.173
5226,1,0.429,0.186
5227,0,-1.000,-1.000
5228,0,-1.000,-1.000
5229,0,-1.000,-1.000
5230,1,0.391,0.283
5231,1,0.386,0.296
5232,0,-1.000,-1.000
5233,1,0.364,0.365
5234,1,0.357,0.391
5235,1,0.353,0.382
5236,1,0.349,0.381
5237,1,0.345,0.360
5238,1,0.345,0.360
5239,0,-1.000,-1.000
5240,1,0.335,0.341
5241,1,0.335,0.341
5242,1,0.329,0.331
5243,1,0.324,0.329
5244,1,0.322,0.321
5245,0,-1.000,-1.000
5246,0,-1.000,-1.000
5247,0,-1.000,-1.000
5248,0,-1.000,-1.000
5249,1,0.378,0.219
5250,1,0.386,0.206
5251,1,0.397,0.192
5252,1,0.406,0.180
5253,1,0.419,0.169
5254,1,0.425,0.163
5255,1,0.429,0.162
5256,1,0.436,0.153
5257,1,0.440,0.143
5258,1,0.439,0.138
5259,1,0.436,0.117
5260,1,0.436,0.106
5261,1,0.431,0.098
5262,1,0.430,0.086
5263,1,0.429,0.074
5264,1,0.427,0.061
5265,1,0.424,0.061
5266,1,0.422,0.048
5267,1,0.420,0.035
5268,1,0.420,0.035
5269,1,0.418,0.035
5270,1,0.413,0.027
5271,1,0.413,0.027
5272,1,0.413,0.027
5273,1,0.406,0.029
5274,1,0.406,0.035
5275,1,0.406,0.039
5276,1,0.405,0.057
5277,1,0.400,0.063
5278,1,0.400,0.079
5279,1,0.398,0.080
5280,1,0.396,0.113
5281,1,0.393,0.131
5282,1,0.393,0.154
5283,1,0.390,0.187
5284,1,0.391,0.231
5285,1,0.385,0.276
5286,1,0.386,0.318
5287,1,0.385,0.370
5288,1,0.382,0.430
5289,0,-1.000,-1.000
5290,1,0.685,0.482
5291,1,0.659,0.417
5292,1,0.640,0.350
5293,1,0.615,0.303
5294,1,0.595,0.245
5295,1,0.579,0.205
5296,1,0.565,0.173
5297,1,0.542,0.141
5298,1,0.535,0.113
5299,1,0.523,0.099
5300,1,0.515,0.088
5301,1,0.503,0.068
5302,1,0.495,0.069
5303,1,0.485,0.061
5304,1,0.480,0.057
5305,1,0.473,0.055
5306,1,0.464,0.057
5307,1,0.459,0.062
5308,1,0.454,0.066
5309,1,0.448,0.065
5310,1,0.447,0.069
5311,1,0.440,0.072
5312,1,0.434,0.083
5313,1,0.432,0.091
5314,1,0.431,0.099
5315,1,0.428,0.112
5316,1,0.422,0.110
5317,1,0.422,0.129
5318,1,0.418,0.138
5319,1,0.416,0.149
5320,1,0.414,0.164
5321,1,0.409,0.175
5322,1,0.410,0.186
5323,1,0.407,0.196
5324,1,0.407,0.188
5325,1,0.402,0.177
5326,1,0.397,0.168
5327,1,0.397,0.146
5328,1,0.398,0.142
5329,1,0.397,0.130
5330,1,0.394,0.124
5331,1,0.391,0.119
5332,1,0.390,0.112
5333,1,0.386,0.109
5334,0,-1.000,-1.000
5335,1,0.388,0.098
5336,1,0.388,0.096
5337,1,0.389,0.095
5338,1,0.387,0.095
5339,1,0.385,0.101
5340,1,0.385,0.100
5341,1,0.385,0.108
5342,1,0.385,0.108
5343,1,0.383,0.108
5344,1,0.383,0.113
5345,1,0.383,0.123
5346,1,0.384,0.130
5347,1,0.381,0.140
5348,1,0.382,0.154
5349,1,0.380,0.168
5350,1,0.380,0.180
5351,1,0.379,0.193
5352,1,0.379,0.209
5353,1,0.378,0.236
5354,1,0.378,0.265
5355,1,0.377,0.289
5356,1,0.376,0.315
5357,1,0.373,0.348
5358,1,0.375,0.384
5359,1,0.373,0.426
5360,1,0.371,0.469
5361,1,0.368,0.499
5362,1,0.366,0.486
5363,1,0.364,0.484
5364,1,0.360,0.481
5365,1,0.355,0.477
5366,1,0.349,0.481
5367,1,0.348,0.488
5368,1,0.346,0.495
5369,1,0.343,0.506
5370,1,0.340,0.528
5371,1,0.335,0.532
5372,1,0.330,0.551
5373,1,0.351,0.503
5374,1,0.365,0.458
5375,1,0.386,0.390
5376,1,0.405,0.347
5377,1,0.417,0.307
5378,1,0.439,0.263
5379,1,0.452,0.231
5380,1,0.461,0.205
5381,1,0.476,0.181
5382,1,0.486,0.159
5383,1,0.496,0.145
5384,1,0.504,0.128
5385,1,0.519,0.110
5386,1,0.523,0.105
5387,1,0.534,0.094
5388,1,0.539,0.086
5389,1,0.549,0.076
5390,1,0.559,0.081
5391,1,0.559,0.081
5392,1,0.568,0.081
5393,1,0.575,0.081
5394,1,0.582,0.081
5395,1,0.586,0.085
5396,1,0.593,0.093
5397,1,0.598,0.099
5398,1,0.603,0.103
5399,1,0.607,0.111
5400,1,0.613,0.123
5401,1,0.615,0.136
5402,1,0.619,0.138
5403,1,0.626,0.146
5404,1,0.630,0.156
5405,1,0.626,0.174
5406,1,0.633,0.161
5407,1,0.630,0.174
5408,1,0.631,0.178
5409,1,0.632,0.180
5410,1,0.632,0.194
5411,1,0.632,0.194
5412,1,0.633,0.210
5413,1,0.632,0.215
5414,1,0.635,0.235
5415,1,0.635,0.248
5416,1,0.636,0.269
5417,1,0.639,0.286
5418,1,0.637,0.302
5419,1,0.638,0.342
5420,1,0.639,0.367
5421,1,0.639,0.383
5422,1,0.640,0.427
5423,1,0.637,0.463
5424,1,0.635,0.487
5425,1,0.635,0.489
5426,1,0.635,0.489
5427,1,0.632,0.458
5428,1,0.631,0.411
5429,1,0.624,0.396
5430,1,0.621,0.368
5431,1,0.615,0.344
5432,1,0.606,0.315
5433,1,0.602,0.291
5434,1,0.597,0.275
5435,1,0.593,0.256
5436,1,0.589,0.242
5437,1,0.584,0.228
5438,1,0.582,0.211
5439,1,0.578,0.203
5440,1,0.573,0.197
5441,1,0.573,0.197
5442,1,0.562,0.179
5443,1,0.562,0.179
5444,1,0.559,0.179
5445,1,0.554,0.181
5446,1,0.550,0.181
5447,1,0.550,0.181
5448,1,0.546,0.187
5449,1,0.542,0.193
5450,1,0.539,0.198
5451,1,0.537,0.204
5452,1,0.536,0.209
5453,1,0.532,0.218
5454,1,0.530,0.227
5455,1,0.526,0.245
5456,1,0.521,0.264
5457,1,0.521,0.264
5458,1,0.520,0.272
5459,1,0.516,0.284
5460,1,0.516,0.284
5461,1,0.515,0.277
5462,1,0.510,0.253
5463,1,0.510,0.248
5464,1,0.510,0.248
5465,1,0.510,0.246
5466,1,0.506,0.231
5467,1,0.506,0.228
5468,1,0.505,0.224
5469,1,0.505,0.224
5470,1,0.501,0.221
5471,1,0.503,0.214
5472,1,0.512,0.216
5473,1,0.521,0.218
5474,1,0.528,0.218
5475,1,0.537,0.217
5476,1,0.539,0.218
5477,1,0.544,0.224
5478,1,0.557,0.231
5479,1,0.566,0.241
5480,1,0.574,0.252
5481,1,0.585,0.260
5482,1,0.593,0.272
5483,1,0.605,0.290
5484,1,0.610,0.303
5485,1,0.628,0.330
5486,1,0.639,0.347
5487,0,-1.000,-1.000
5488,0,-1.000,-1.000
5489,0,-1.000,-1.000
5490,0,-1.000,-1.000
5491,1,0.635,0.342
5492,1,0.623,0.316
5493,1,0.612,0.285
5494,1,0.601,0.266
5495,1,0.592,0.254
5496,1,0.583,0.231
5497,1,0.565,0.204
5498,1,0.554,0.202
5499,1,0.545,0.186
5500,1,0.537,0.177
5501,1,0.530,0.170
5502,1,0.515,0.155
5503,1,0.509,0.155
5504,1,0.500,0.155
5505,1,0.495,0.148
5506,1,0.483,0.146
5507,1,0.480,0.146
5508,1,0.472,0.148
5509,1,0.466,0.155
5510,1,0.457,0.157
5511,1,0.452,0.162
5512,1,0.443,0.170
5513,1,0.443,0.170
5514,1,0.431,0.182
5515,1,0.428,0.190
5516,0,-1.000,-1.000
5517,0,-1.000,-1.000
5518,0,-1.000,-1.000
5519,0,-1.000,-1.000
5520,0,-1.000,-1.000
5521,1,0.403,0.254
5522,1,0.395,0.265
5523,1,0.395,0.262
5524,1,0.390,0.253
5525,1,0.390,0.238
5526,1,0.391,0.220
5527,1,0.388,0.222
5528,1,0.388,0.211
5529,1,0.382,0.205
5530,1,0.382,0.202
5531,1,0.386,0.198
5532,1,0.390,0.199
5533,1,0.403,0.197
5534,1,0.418,0.198
5535,1,0.432,0.200
5536,1,0.442,0.202
5537,1,0.446,0.203
5538,1,0.461,0.203
5539,1,0.479,0.225
5540,1,0.492,0.225
5541,1,0.509,0.236
5542,1,0.526,0.255
5543,1,0.547,0.276
5544,1,0.572,0.298
5545,1,0.581,0.313
5546,1,0.602,0.336
5547,1,0.635,0.370
5548,1,0.656,0.408
5549,1,0.676,0.434
5550,1,0.702,0.479
5551,1,0.730,0.531
5552,1,0.761,0.576
5553,1,0.793,0.637
5554,1,0.828,0.692
5555,1,0.856,0.688
5556,1,0.882,0.700
5557,1,0.914,0.716
5558,1,0.939,0.725
5559,0,-1.000,-1.000
5560,1,0.401,0.656
5561,1,0.416,0.643
5562,1,0.426,0.594
5563,1,0.444,0.518
5564,1,0.449,0.458
5565,1,0.465,0.408
5566,1,0.474,0.364
5567,1,0.483,0.335
5568,1,0.492,0.309
5569,1,0.499,0.269
5570,1,0.507,0.245
5571,1,0.515,0.223
5572,1,0.519,0.217
5573,1,0.524,0.209
5574,1,0.528,0.192
5575,1,0.534,0.179
5576,1,0.543,0.178
5577,1,0.544,0.175
5578,1,0.549,0.172
5579,1,0.551,0.169
5580,1,0.554,0.169
5581,1,0.557,0.169
5582,1,0.562,0.167
5583,1,0.566,0.169
5584,1,0.570,0.171
5585,1,0.570,0.173
5586,1,0.577,0.182
5587,1,0.574,0.181
5588,1,0.578,0.195
5589,1,0.582,0.198
5590,1,0.584,0.206
5591,1,0.585,0.207
5592,1,0.586,0.193
5593,1,0.590,0.195
5594,1,0.591,0.179
5595,1,0.594,0.173
5596,1,0.596,0.167
5597,1,0.597,0.159
5598,1,0.598,0.159
5599,1,0.603,0.151
5600,1,0.606,0.147
5601,1,0.606,0.147
5602,1,0.604,0.135
5603,1,0.605,0.135
5604,1,0.606,0.130
5605,1,0.608,0.118
5606,1,0.606,0.115
5607,1,0.607,0.101
5608,1,0.609,0.094
5609,1,0.607,0.090
5610,1,0.608,0.090
5611,1,0.611,0.087
5612,1,0.613,0.078
5613,1,0.613,0.078
5614,1,0.615,0.078
5615,1,0.615,0.078
5616,1,0.615,0.078
5617,1,0.617,0.078
5618,1,0.619,0.078
5619,1,0.622,0.083
5620,1,0.622,0.085
5621,1,0.624,0.094
5622,1,0.628,0.096
5623,1,0.628,0.111
5624,1,0.629,0.114
5625,1,0.631,0.128
5626,1,0.635,0.145
5627,1,0.636,0.155
5628,1,0.639,0.175
5629,1,0.641,0.189
5630,1,0.645,0.202
5631,1,0.648,0.236
5632,1,0.654,0.265
5633,1,0.656,0.301
5634,1,0.661,0.319
5635,1,0.662,0.354
5636,1,0.667,0.390
5637,1,0.671,0.425
5638,1,0.675,0.469
5639,1,0.682,0.513
5640,1,0.682,0.560
5641,1,0.687,0.604
5642,1,0.694,0.643
5643,1,0.704,0.630
5644,1,0.713,0.614
5645,1,0.716,0.614
5646,1,0.723,0.620
5647,1,0.724,0.621
5648,1,0.738,0.621
5649,1,0.742,0.621
5650,1,0.764,0.644
5651,1,0.773,0.659
5652,1,0.783,0.664
5653,1,0.788,0.674
5654,1,0.794,0.694
5655,1,0.764,0.620
5656,1,0.735,0.537
5657,1,0.707,0.472
5658,1,0.686,0.433
5659,1,0.668,0.378
5660,1,0.653,0.364
5661,1,0.628,0.308
5662,1,0.611,0.277
5663,1,0.598,0.266
5664,1,0.584,0.236
5665,1,0.567,0.218
5666,1,0.551,0.197
5667,1,0.534,0.185
5668,1,0.532,0.173
5669,1,0.515,0.165
5670,1,0.503,0.155
5671,1,0.503,0.155
5672,1,0.490,0.149
5673,1,0.472,0.151
5674,1,0.472,0.154
5675,1,0.462,0.153
5676,1,0.457,0.159
5677,1,0.447,0.163
5678,1,0.443,0.169
5679,1,0.434,0.172
5680,1,0.430,0.184
5681,1,0.422,0.192
5682,1,0.414,0.200
5683,1,0.413,0.213
5684,1,0.405,0.219
5685,0,-1.000,-1.000
5686,0,-1.000,-1.000
5687,0,-1.000,-1.000
5688,0,-1.000,-1.000
5689,0,-1.000,-1.000
5690,0,-1.000,-1.000
5691,0,-1.000,-1.000
5692,0,-1.000,-1.000
5693,0,-1.000,-1.000
5694,0,-1.000,-1.000
5695,0,-1.000,-1.000
5696,1,0.365,0.216
5697,1,0.365,0.215
5698,1,0.365,0.200
5699,1,0.365,0.200
5700,1,0.363,0.195
5701,0,-1.000,-1.000
5702,1,0.371,0.192
5703,1,0.383,0.194
5704,1,0.397,0.202
5705,1,0.414,0.196
5706,1,0.420,0.196
5707,1,0.439,0.197
5708,1,0.448,0.211
5709,1,0.470,0.220
5710,1,0.487,0.234
5711,1,0.501,0.243
5712,1,0.523,0.265
5713,1,0.544,0.275
5714,1,0.568,0.309
5715,1,0.577,0.316
5716,1,0.600,0.345
5717,1,0.621,0.373
5718,1,0.643,0.391
5719,1,0.677,0.434
5720,1,0.705,0.487
5721,1,0.728,0.528
5722,1,0.756,0.570
5723,0,-1.000,-1.000
5724,0,-1.000,-1.000
5725,0,-1.000,-1.000
5726,0,-1.000,-1.000
5727,0,-1.000,-1.000
5728,1,0.753,0.462
5729,1,0.723,0.406
5730,1,0.701,0.367
5731,1,0.683,0.336
5732,1,0.664,0.292
5733,1,0.642,0.273
5734,1,0.627,0.248
5735,1,0.614,0.227
5736,1,0.587,0.194
5737,1,0.572,0.187
5738,1,0.559,0.178
5739,1,0.544,0.159
5740,1,0.536,0.157
5741,1,0.515,0.144
5742,1,0.503,0.136
5743,1,0.491,0.129
5744,1,0.477,0.129
5745,1,0.467,0.130
5746,1,0.462,0.130
5747,1,0.457,0.130
5748,1,0.445,0.134
5749,1,0.436,0.137
5750,1,0.420,0.138
5751,1,0.415,0.148
5752,1,0.407,0.152
5753,1,0.403,0.160
5754,1,0.393,0.168
5755,1,0.381,0.187
5756,1,0.381,0.187
5757,1,0.379,0.194
5758,1,0.367,0.213
5759,1,0.366,0.213
5760,1,0.356,0.242
5761,1,0.349,0.246
5762,1,0.344,0.262
5763,1,0.344,0.277
5764,1,0.337,0.276
5765,1,0.332,0.258
5766,1,0.334,0.250
5767,0,-1.000,-1.000
5768,0,-1.000,-1.000
5769,0,-1.000,-1.000
5770,1,0.326,0.219
5771,0,-1.000,-1.000
5772,1,0.319,0.206
5773,1,0.321,0.199
5774,1,0.326,0.206
5775,1,0.337,0.191
5776,1,0.346,0.194
5777,1,0.362,0.197
5778,1,0.376,0.202
5779,1,0.390,0.197
5780,1,0.404,0.204
5781,1,0.418,0.213
5782,1,0.436,0.222
5783,1,0.448,0.235
5784,1,0.466,0.245
5785,1,0.486,0.259
5786,1,0.503,0.285
5787,1,0.516,0.301
5788,1,0.543,0.324
5789,1,0.535,0.291
5790,1,0.530,0.264
5791,1,0.518,0.243
5792,1,0.510,0.219
5793,1,0.501,0.199
5794,1,0.497,0.185
5795,1,0.493,0.166
5796,1,0.481,0.147
5797,1,0.476,0.135
5798,1,0.471,0.125
5799,1,0.463,0.114
5800,1,0.460,0.109
5801,1,0.454,0.104
5802,1,0.449,0.102
5803,1,0.445,0.102
5804,1,0.443,0.102
5805,1,0.436,0.101
5806,1,0.433,0.100
5807,1,0.426,0.101
5808,1,0.426,0.101
5809,1,0.423,0.111
5810,1,0.424,0.108
5811,1,0.420,0.115
5812,1,0.416,0.124
5813,1,0.415,0.133
5814,1,0.411,0.137
5815,0,-1.000,-1.000
5816,1,0.401,0.166
5817,1,0.396,0.186
5818,1,0.391,0.205
5819,1,0.387,0.236
5820,1,0.382,0.254
5821,0,-1.000,-1.000
5822,0,-1.000,-1.000
5823,0,-1.000,-1.000
5824,0,-1.000,-1.000
5825,0,-1.000,-1.000
5826,0,-1.000,-1.000
5827,0,-1.000,-1.000
5828,1,0.376,0.306
5829,1,0.382,0.294
5830,1,0.386,0.271
5831,1,0.394,0.251
5832,1,0.401,0.239
5833,1,0.407,0.217
5834,1,0.409,0.202
5835,1,0.414,0.194
5836,1,0.426,0.180
5837,1,0.427,0.172
5838,1,0.435,0.173
5839,1,0.439,0.165
5840,1,0.444,0.158
5841,1,0.451,0.157
5842,1,0.455,0.157
5843,1,0.459,0.154
5844,1,0.463,0.154
5845,1,0.467,0.156
5846,1,0.471,0.169
5847,1,0.474,0.169
5848,1,0.482,0.165
5849,1,0.482,0.174
5850,1,0.491,0.183
5851,1,0.495,0.187
5852,1,0.498,0.187
5853,1,0.507,0.191
5854,1,0.516,0.191
5855,1,0.524,0.194
5856,1,0.535,0.198
5857,1,0.540,0.206
5858,1,0.552,0.218
5859,1,0.559,0.219
5860,1,0.576,0.245
5861,1,0.582,0.247
5862,1,0.591,0.266
5863,1,0.602,0.288
5864,1,0.618,0.313
5865,0,-1.000,-1.000
5866,1,0.641,0.365
5867,0,-1.000,-1.000
5868,0,-1.000,-1.000
5869,0,-1.000,-1.000
5870,1,0.608,0.286
5871,1,0.598,0.268
5872,1,0.587,0.248
5873,1,0.577,0.239
5874,1,0.566,0.223
5875,1,0.560,0.207
5876,1,0.549,0.188
5877,0,-1.000,-1.000
5878,0,-1.000,-1.000
5879,1,0.521,0.173
5880,1,0.515,0.164
5881,1,0.511,0.164
5882,1,0.504,0.164
5883,1,0.496,0.156
5884,1,0.493,0.156
5885,1,0.487,0.163
5886,1,0.479,0.168
5887,1,0.473,0.171
5888,1,0.469,0.174
5889,1,0.466,0.180
5890,1,0.463,0.185
5891,1,0.455,0.193
5892,1,0.452,0.200
5893,1,0.451,0.213
5894,1,0.442,0.223
5895,0,-1.000,-1.000
5896,0,-1.000,-1.000
5897,0,-1.000,-1.000
5898,0,-1.000,-1.000
5899,0,-1.000,-1.000
5900,0,-1.000,-1.000
5901,1,0.424,0.222
5902,1,0.421,0.210
5903,1,0.421,0.205
5904,1,0.420,0.197
5905,1,0.417,0.194
5906,1,0.417,0.188
5907,1,0.415,0.188
5908,1,0.412,0.187
5909,0,-1.000,-1.000
5910,1,0.412,0.183
5911,1,0.414,0.181
5912,1,0.423,0.175
5913,1,0.426,0.172
5914,1,0.436,0.166
5915,1,0.444,0.167
5916,1,0.445,0.166
5917,1,0.454,0.156
5918,1,0.465,0.156
5919,1,0.471,0.158
5920,1,0.477,0.159
5921,1,0.484,0.162
5922,1,0.491,0.162
5923,1,0.499,0.164
5924,1,0.512,0.168
5925,1,0.518,0.178
5926,1,0.529,0.184
5927,1,0.541,0.194
5928,1,0.548,0.206
5929,1,0.556,0.215
5930,1,0.565,0.227
5931,1,0.576,0.247
5932,1,0.592,0.264
5933,1,0.593,0.275
5934,1,0.607,0.292
5935,1,0.616,0.313
5936,1,0.621,0.327
5937,1,0.633,0.350
5938,0,-1.000,-1.000
5939,0,-1.000,-1.000
5940,0,-1.000,-1.000
5941,0,-1.000,-1.000
5942,0,-1.000,-1.000
5943,0,-1.000,-1.000
5944,0,-1.000,-1.000
5945,0,-1.000,-1.000
5946,0,-1.000,-1.000
5947,0,-1.000,-1.000
5948,0,-1.000,-1.000
5949,0,-1.000,-1.000
5950,1,0.654,0.284
5951,1,0.630,0.261
5952,1,0.620,0.251
5953,1,0.606,0.250
5954,1,0.591,0.245
5955,1,0.576,0.225
5956,1,0.555,0.215
5957,1,0.534,0.215
5958,1,0.521,0.214
5959,1,0.514,0.212
5960,1,0.498,0.204
5961,1,0.487,0.204
5962,1,0.469,0.210
5963,0,-1.000,-1.000
5964,0,-1.000,-1.000
5965,1,0.435,0.214
5966,1,0.423,0.221
5967,0,-1.000,-1.000
5968,0,-1.000,-1.000
5969,0,-1.000,-1.000
5970,0,-1.000,-1.000
5971,1,0.378,0.269
5972,1,0.371,0.275
5973,1,0.368,0.277
5974,1,0.360,0.268
5975,1,0.355,0.253
5976,1,0.351,0.255
5977,1,0.344,0.242
5978,0,-1.000,-1.000
5979,0,-1.000,-1.000
5980,0,-1.000,-1.000
5981,1,0.361,0.212
5982,1,0.374,0.210
5983,1,0.386,0.213
5984,1,0.394,0.213
5985,0,-1.000,-1.000
5986,0,-1.000,-1.000
5987,1,0.434,0.219
5988,1,0.450,0.221
5989,1,0.453,0.221
5990,1,0.470,0.230
5991,1,0.487,0.235
5992,1,0.497,0.249
5993,1,0.508,0.255
5994,1,0.523,0.273
5995,1,0.538,0.281
5996,1,0.553,0.303
5997,1,0.566,0.314
5998,1,0.576,0.334
5999,1,0.594,0.355
6000,1,0.609,0.378
6001,1,0.622,0.395
6002,0,-1.000,-1.000
6003,0,-1.000,-1.000
6004,0,-1.000,-1.000
6005,0,-1.000,-1.000
6006,1,0.618,0.311
6007,1,0.605,0.291
6008,1,0.597,0.273
6009,1,0.584,0.256
6010,1,0.578,0.245
6011,1,0.565,0.221
6012,1,0.557,0.217
6013,1,0.543,0.206
6014,1,0.536,0.195
6015,1,0.527,0.186
6016,1,0.518,0.177
6017,1,0.508,0.172
6018,1,0.504,0.171
6019,1,0.494,0.163
6020,1,0.487,0.163
6021,1,0.474,0.162
6022,1,0.463,0.162
6023,1,0.463,0.162
6024,1,0.455,0.169
6025,1,0.447,0.171
6026,1,0.436,0.181
6027,1,0.436,0.181
6028,1,0.431,0.191
6029,1,0.425,0.194
6030,1,0.417,0.206
6031,0,-1.000,-1.000
6032,0,-1.000,-1.000
6033,0,-1.000,-1.000
6034,0,-1.000,-1.000
6035,0,-1.000,-1.000
6036,0,-1.000,-1.000
6037,0,-1.000,-1.000
6038,1,0.405,0.214
6039,1,0.407,0.214
6040,1,0.410,0.210
6041,1,0.410,0.210
6042,1,0.409,0.213
6043,1,0.414,0.222
6044,0,-1.000,-1.000
6045,0,-1.000,-1.000
6046,0,-1.000,-1.000
6047,0,-1.000,-1.000
6048,0,-1.000,-1.000
6049,0,-1.000,-1.000
6050,0,-1.000,-1.000
6051,0,-1.000,-1.000
6052,1,0.417,0.178
6053,1,0.416,0.170
6054,1,0.415,0.169
6055,1,0.411,0.168
6056,1,0.412,0.165
6057,1,0.415,0.167
6058,1,0.418,0.167
6059,1,0.418,0.167
6060,1,0.418,0.167
6061,1,0.418,0.175
6062,1,0.418,0.181
6063,1,0.414,0.182
6064,0,-1.000,-1.000
6065,0,-1.000,-1.000
6066,1,0.405,0.200
6067,1,0.395,0.204
6068,1,0.390,0.209
6069,1,0.383,0.223
6070,1,0.377,0.237
6071,1,0.372,0.249
6072,1,0.367,0.270
6073,1,0.356,0.281
6074,1,0.350,0.301
6075,1,0.343,0.326
6076,1,0.336,0.352
6077,1,0.330,0.386
6078,0,-1.000,-1.000
6079,0,-1.000,-1.000
6080,0,-1.000,-1.000
6081,0,-1.000,-1.000
6082,0,-1.000,-1.000
6083,1,0.296,0.481
6084,1,0.296,0.470
6085,1,0.296,0.468
6086,1,0.294,0.456
6087,1,0.295,0.452
6088,1,0.292,0.445
6089,1,0.290,0.437
6090,1,0.289,0.437
6091,1,0.287,0.433
6092,1,0.286,0.431
6093,1,0.284,0.421
6094,1,0.283,0.421
6095,1,0.279,0.421
6096,1,0.279,0.421
6097,1,0.279,0.419
6098,1,0.276,0.417
6099,1,0.274,0.416
6100,1,0.582,0.223
6101,0,-1.000,-1.000
6102,0,-1.000,-1.000
6103,1,0.568,0.237
6104,1,0.568,0.246
6105,1,0.562,0.252
6106,1,0.560,0.255
6107,1,0.558,0.245
6108,0,-1.000,-1.000
6109,1,0.557,0.209
6110,1,0.554,0.206
6111,1,0.552,0.198
6112,1,0.552,0.192
6113,1,0.551,0.184
6114,1,0.551,0.184
6115,1,0.550,0.184
6116,1,0.549,0.184
6117,1,0.545,0.179
6118,1,0.545,0.170
6119,1,0.545,0.171
6120,1,0.549,0.157
6121,1,0.550,0.145
6122,1,0.551,0.147
6123,1,0.553,0.131
6124,1,0.554,0.131
6125,1,0.554,0.122
6126,1,0.560,0.123
6127,1,0.560,0.120
6128,1,0.560,0.120
6129,1,0.561,0.120
6130,1,0.566,0.112
6131,1,0.566,0.114
6132,1,0.566,0.120
6133,1,0.568,0.126
6134,1,0.569,0.126
6135,1,0.569,0.126
6136,1,0.572,0.138
6137,1,0.574,0.151
6138,1,0.580,0.162
6139,1,0.580,0.174
6140,1,0.580,0.182
6141,1,0.581,0.199
6142,1,0.582,0.221
6143,1,0.583,0.240
6144,1,0.587,0.256
6145,1,0.591,0.278
6146,0,-1.000,-1.000
6147,0,-1.000,-1.000
6148,1,0.593,0.345
6149,0,-1.000,-1.000
6150,0,-1.000,-1.000
6151,0,-1.000,-1.000
6152,1,0.567,0.281
6153,1,0.564,0.271
6154,1,0.556,0.259
6155,1,0.546,0.237
6156,1,0.536,0.228
6157,1,0.533,0.219
6158,1,0.525,0.208
6159,1,0.521,0.194
6160,1,0.517,0.194
6161,1,0.504,0.184
6162,1,0.498,0.180
6163,1,0.492,0.179
6164,1,0.485,0.176
6165,1,0.479,0.173
6166,1,0.472,0.173
6167,1,0.470,0.173
6168,1,0.467,0.177
6169,1,0.461,0.183
6170,1,0.456,0.187
6171,0,-1.000,-1.000
6172,0,-1.000,-1.000
6173,0,-1.000,-1.000
6174,0,-1.000,-1.000
6175,0,-1.000,-1.000
6176,0,-1.000,-1.000
6177,0,-1.000,-1.000
6178,1,0.415,0.266
6179,1,0.413,0.267
6180,1,0.411,0.272
6181,1,0.411,0.260
6182,1,0.408,0.247
6183,1,0.404,0.239
6184,0,-1.000,-1.000
6185,0,-1.000,-1.000
6186,1,0.404,0.218
6187,0,-1.000,-1.000
6188,0,-1.000,-1.000
6189,1,0.415,0.204
6190,1,0.424,0.195
6191,1,0.434,0.189
6192,1,0.445,0.189
6193,1,0.451,0.181
6194,1,0.458,0.181
6195,0,-1.000,-1.000
6196,0,-1.000,-1.000
6197,0,-1.000,-1.000
6198,1,0.509,0.184
6199,1,0.519,0.185
6200,1,0.528,0.191
6201,1,0.541,0.197
6202,1,0.557,0.206
6203,1,0.578,0.228
6204,1,0.584,0.234
6205,1,0.595,0.244
6206,0,-1.000,-1.000
6207,0,-1.000,-1.000
6208,0,-1.000,-1.000
6209,1,0.583,0.204
6210,1,0.584,0.192
6211,1,0.581,0.192
6212,1,0.573,0.188
6213,1,0.573,0.188
6214,1,0.573,0.188
6215,1,0.571,0.181
6216,1,0.567,0.179
6217,1,0.562,0.177
6218,1,0.560,0.180
6219,1,0.558,0.176
6220,1,0.556,0.177
6221,1,0.555,0.179
6222,1,0.545,0.187
6223,1,0.543,0.188
6224,1,0.541,0.194
6225,1,0.536,0.210
6226,0,-1.000,-1.000
6227,0,-1.000,-1.000
6228,1,0.521,0.231
6229,1,0.516,0.223
6230,0,-1.000,-1.000
6231,1,0.507,0.244
6232,1,0.504,0.244
6233,1,0.501,0.258
6234,1,0.497,0.265
6235,1,0.504,0.281
6236,1,0.501,0.293
6237,1,0.498,0.309
6238,1,0.497,0.319
6239,1,0.497,0.314
6240,1,0.496,0.300
6241,1,0.495,0.294
6242,1,0.496,0.288
6243,1,0.495,0.285
6244,1,0.494,0.282
6245,0,-1.000,-1.000
6246,0,-1.000,-1.000
6247,0,-1.000,-1.000
6248,0,-1.000,-1.000
6249,0,-1.000,-1.000
6250,0,-1.000,-1.000
6251,0,-1.000,-1.000
6252,1,0.485,0.188
6253,1,0.480,0.184
6254,1,0.468,0.207
6255,1,0.460,0.216
6256,1,0.449,0.241
6257,1,0.442,0.256
6258,1,0.430,0.288
6259,1,0.418,0.309
6260,1,0.406,0.345
6261,1,0.398,0.381
6262,1,0.381,0.424
6263,1,0.366,0.464
6264,1,0.353,0.525
6265,1,0.340,0.568
6266,1,0.323,0.592
6267,1,0.309,0.583
6268,1,0.291,0.589
6269,1,0.289,0.597
6270,1,0.268,0.622
6271,1,0.247,0.637
6272,1,0.230,0.660
6273,1,0.215,0.682
6274,1,0.191,0.710
6275,1,0.179,0.744
6276,1,0.191,0.672
6277,1,0.209,0.596
6278,1,0.231,0.510
6279,1,0.255,0.430
6280,1,0.267,0.375
6281,1,0.283,0.319
6282,1,0.299,0.272
6283,1,0.318,0.231
6284,1,0.320,0.222
6285,1,0.333,0.174
6286,1,0.340,0.162
6287,1,0.347,0.141
6288,1,0.358,0.121
6289,1,0.367,0.112
6290,1,0.372,0.104
6291,1,0.377,0.089
6292,1,0.387,0.079
6293,1,0.393,0.076
6294,1,0.397,0.074
6295,1,0.402,0.070
6296,1,0.408,0.068
6297,1,0.416,0.063
6298,1,0.417,0.064
6299,1,0.419,0.065
6300,1,0.430,0.068
6301,1,0.434,0.073
6302,1,0.434,0.075
6303,1,0.436,0.081
6304,1,0.440,0.082
6305,1,0.447,0.092
6306,1,0.450,0.101
6307,0,-1.000,-1.000
6308,1,0.455,0.107
6309,1,0.455,0.120
6310,1,0.459,0.124
6311,1,0.466,0.134
6312,1,0.463,0.141
6313,1,0.465,0.149
6314,1,0.472,0.163
6315,1,0.471,0.175
6316,1,0.475,0.176
6317,1,0.474,0.181
6318,1,0.480,0.179
6319,1,0.478,0.173
6320,1,0.478,0.162
6321,1,0.480,0.153
6322,1,0.482,0.146
6323,1,0.482,0.133
6324,0,-1.000,-1.000
6325,1,0.483,0.125
6326,1,0.484,0.120
6327,1,0.486,0.116
6328,1,0.482,0.113
6329,1,0.478,0.114
6330,1,0.476,0.113
6331,1,0.469,0.106
6332,1,0.464,0.104
6333,1,0.461,0.101
6334,1,0.456,0.101
6335,1,0.452,0.102
6336,1,0.447,0.105
6337,1,0.442,0.107
6338,1,0.438,0.116
6339,1,0.432,0.122
6340,1,0.426,0.131
6341,1,0.421,0.137
6342,1,0.417,0.144
6343,1,0.409,0.167
6344,1,0.402,0.175
6345,1,0.398,0.197
6346,1,0.388,0.214
6347,1,0.384,0.227
6348,0,-1.000,-1.000
6349,0,-1.000,-1.000
6350,0,-1.000,-1.000
6351,0,-1.000,-1.000
6352,0,-1.000,-1.000
6353,0,-1.000,-1.000
6354,0,-1.000,-1.000
6355,0,-1.000,-1.000
6356,0,-1.000,-1.000
6357,0,-1.000,-1.000
6358,0,-1.000,-1.000
6359,0,-1.000,-1.000
6360,1,0.419,0.253
6361,1,0.417,0.249
6362,0,-1.000,-1.000
6363,1,0.421,0.211
6364,1,0.421,0.202
6365,1,0.420,0.195
6366,1,0.421,0.189
6367,1,0.422,0.177
6368,1,0.422,0.177
6369,1,0.422,0.169
6370,1,0.422,0.169
6371,1,0.426,0.157
6372,1,0.425,0.155
6373,1,0.427,0.156
6374,1,0.430,0.157
6375,1,0.427,0.156
6376,0,-1.000,-1.000
6377,0,-1.000,-1.000
6378,0,-1.000,-1.000
6379,1,0.431,0.127
6380,1,0.433,0.127
6381,1,0.433,0.119
6382,1,0.433,0.106
6383,1,0.434,0.106
6384,1,0.439,0.091
6385,1,0.439,0.074
6386,1,0.440,0.069
6387,1,0.441,0.069
6388,1,0.444,0.060
6389,1,0.447,0.049
6390,1,0.454,0.046
6391,1,0.454,0.046
6392,1,0.457,0.041
6393,1,0.459,0.040
6394,1,0.461,0.040
6395,1,0.464,0.044
6396,1,0.470,0.052
6397,1,0.470,0.052
6398,1,0.470,0.052
6399,1,0.472,0.055
6400,1,0.474,0.061
6401,1,0.478,0.068
6402,1,0.489,0.081
6403,1,0.495,0.091
6404,1,0.495,0.108
6405,1,0.497,0.118
6406,1,0.502,0.128
6407,1,0.508,0.148
6408,1,0.514,0.171
6409,1,0.518,0.193
6410,1,0.521,0.214
6411,1,0.522,0.223
6412,1,0.521,0.223
6413,1,0.521,0.223
6414,1,0.521,0.223
6415,1,0.518,0.223
6416,1,0.509,0.220
6417,1,0.509,0.220
6418,1,0.505,0.223
6419,1,0.505,0.223
6420,1,0.505,0.223
6421,1,0.505,0.223
6422,1,0.503,0.219
6423,1,0.503,0.219
6424,1,0.502,0.201
6425,1,0.504,0.186
6426,1,0.504,0.179
6427,1,0.505,0.170
6428,1,0.510,0.154
6429,1,0.516,0.142
6430,1,0.516,0.142
6431,1,0.518,0.129
6432,1,0.521,0.119
6433,1,0.524,0.110
6434,1,0.526,0.106
6435,1,0.534,0.093
6436,1,0.537,0.091
6437,1,0.541,0.088
6438,1,0.544,0.081
6439,1,0.547,0.081
6440,1,0.554,0.081
6441,1,0.560,0.081
6442,1,0.565,0.081
6443,1,0.569,0.081
6444,1,0.573,0.084
6445,1,0.579,0.094
6446,1,0.584,0.101
6447,1,0.586,0.102
6448,1,0.600,0.117
6449,1,0.602,0.129
6450,1,0.608,0.141
6451,1,0.615,0.155
6452,1,0.616,0.165
6453,1,0.620,0.170
6454,1,0.623,0.179
6455,1,0.623,0.186
6456,1,0.623,0.202
6457,1,0.622,0.207
6458,1,0.629,0.219
6459,1,0.628,0.222
6460,1,0.631,0.233
6461,1,0.480,0.215
6462,1,0.472,0.213
6463,1,0.456,0.244
6464,1,0.447,0.261
6465,1,0.439,0.293
6466,1,0.422,0.335
6467,1,0.408,0.359
6468,1,0.393,0.403
6469,1,0.380,0.444
6470,1,0.364,0.493
6471,1,0.346,0.545
6472,1,0.330,0.594
6473,1,0.305,0.641
6474,1,0.284,0.630
6475,1,0.268,0.653
6476,1,0.254,0.663
6477,1,0.236,0.670
6478,1,0.208,0.707
6479,1,0.183,0.723
6480,1,0.158,0.752
6481,1,0.119,0.808
6482,1,0.127,0.781
6483,1,0.155,0.688
6484,1,0.176,0.605
6485,1,0.203,0.531
6486,1,0.225,0.481
6487,1,0.239,0.426
6488,1,0.263,0.373
6489,1,0.278,0.341
6490,1,0.290,0.312
6491,1,0.305,0.276
6492,1,0.319,0.250
6493,1,0.324,0.234
6494,1,0.334,0.217
6495,1,0.349,0.194
6496,1,0.359,0.186
6497,1,0.364,0.183
6498,1,0.372,0.169
6499,1,0.379,0.167
6500,1,0.386,0.159
6501,1,0.392,0.159
6502,1,0.396,0.156
6503,1,0.399,0.156
6504,1,0.409,0.158
6505,1,0.417,0.156
6506,1,0.419,0.156
6507,1,0.426,0.158
6508,1,0.433,0.166
6509,1,0.437,0.167
6510,1,0.439,0.176
6511,1,0.440,0.177
6512,1,0.445,0.186
6513,1,0.448,0.188
6514,1,0.451,0.195
6515,1,0.461,0.208
6516,1,0.458,0.208
6517,1,0.466,0.229
6518,1,0.466,0.229
6519,1,0.469,0.222
6520,1,0.469,0.210
6521,1,0.468,0.197
6522,1,0.472,0.197
6523,1,0.472,0.187
6524,1,0.472,0.181
6525,0,-1.000,-1.000
6526,1,0.479,0.168
6527,0,-1.000,-1.000
6528,1,0.478,0.160
6529,1,0.479,0.160
6530,1,0.482,0.163
6531,1,0.490,0.155
6532,1,0.494,0.159
6533,1,0.498,0.156
6534,1,0.505,0.159
6535,1,0.511,0.161
6536,1,0.518,0.167
6537,1,0.526,0.170
6538,0,-1.000,-1.000
6539,1,0.539,0.184
6540,1,0.549,0.195
6541,1,0.557,0.206
6542,1,0.565,0.219
6543,1,0.577,0.237
6544,0,-1.000,-1.000
6545,1,0.586,0.238
6546,1,0.588,0.231
6547,1,0.585,0.203
6548,1,0.586,0.203
6549,1,0.586,0.188
6550,1,0.586,0.184
6551,1,0.584,0.172
6552,1,0.584,0.172
6553,1,0.588,0.163
6554,1,0.588,0.163
6555,1,0.588,0.163
6556,1,0.588,0.163
6557,1,0.588,0.163
6558,1,0.585,0.170
6559,1,0.585,0.176
6560,1,0.585,0.163
6561,1,0.584,0.151
6562,1,0.584,0.148
6563,1,0.581,0.139
6564,1,0.581,0.139
6565,1,0.581,0.133
6566,1,0.581,0.121
6567,1,0.577,0.120
6568,1,0.577,0.120
6569,1,0.578,0.119
6570,1,0.574,0.114
6571,1,0.574,0.114
6572,1,0.574,0.114
6573,0,-1.000,-1.000
6574,1,0.574,0.114
6575,1,0.568,0.121
6576,1,0.568,0.129
6577,1,0.568,0.131
6578,1,0.567,0.134
6579,1,0.566,0.141
6580,1,0.564,0.159
6581,1,0.563,0.173
6582,1,0.555,0.186
6583,1,0.551,0.205
6584,1,0.552,0.214
6585,1,0.546,0.218
6586,1,0.534,0.217
6587,1,0.519,0.207
6588,1,0.516,0.205
6589,1,0.503,0.198
6590,0,-1.000,-1.000
6591,0,-1.000,-1.000
6592,0,-1.000,-1.000
6593,0,-1.000,-1.000
6594,1,0.474,0.207
6595,1,0.467,0.215
6596,1,0.467,0.206
6597,1,0.467,0.199
6598,1,0.464,0.180
6599,1,0.462,0.164
6600,1,0.462,0.163
6601,1,0.459,0.153
6602,1,0.459,0.147
6603,0,-1.000,-1.000
6604,0,-1.000,-1.000
6605,0,-1.000,-1.000
6606,1,0.454,0.124
6607,0,-1.000,-1.000
6608,1,0.449,0.127
6609,1,0.447,0.119
6610,1,0.446,0.127
6611,1,0.445,0.130
6612,1,0.445,0.134
6613,1,0.440,0.145
6614,1,0.439,0.148
6615,1,0.438,0.152
6616,1,0.438,0.154
6617,1,0.430,0.164
6618,1,0.430,0.164
6619,1,0.429,0.150
6620,1,0.426,0.150
6621,1,0.426,0.150
6622,0,-1.000,-1.000
6623,0,-1.000,-1.000
6624,0,-1.000,-1.000
6625,0,-1.000,-1.000
6626,0,-1.000,-1.000
6627,1,0.461,0.222
6628,1,0.461,0.241
6629,1,0.461,0.263
6630,1,0.463,0.294
6631,1,0.464,0.321
6632,1,0.466,0.355
6633,1,0.474,0.408
6634,0,-1.000,-1.000
6635,1,0.467,0.510
6636,1,0.472,0.527
6637,1,0.474,0.577
6638,0,-1.000,-1.000
6639,0,-1.000,-1.000
6640,1,0.477,0.663
6641,0,-1.000,-1.000
6642,1,0.476,0.635
6643,1,0.476,0.620
6644,1,0.476,0.617
6645,1,0.476,0.617
6646,1,0.475,0.613
6647,0,-1.000,-1.000
6648,1,0.475,0.613
6649,0,-1.000,-1.000
6650,1,0.475,0.613
6651,1,0.472,0.631
6652,1,0.470,0.561
6653,1,0.470,0.494
6654,1,0.470,0.437
6655,1,0.473,0.382
6656,1,0.471,0.341
6657,1,0.473,0.303
6658,1,0.472,0.293
6659,1,0.473,0.251
6660,1,0.477,0.244
6661,1,0.478,0.235
6662,1,0.469,0.219
6663,1,0.474,0.222
6664,1,0.475,0.219
6665,1,0.478,0.211
6666,1,0.478,0.211
6667,1,0.478,0.211
6668,1,0.478,0.211
6669,1,0.473,0.207
6670,1,0.469,0.200
6671,1,0.465,0.200
6672,1,0.465,0.202
6673,1,0.459,0.201
6674,1,0.454,0.201
6675,1,0.454,0.203
6676,1,0.447,0.214
6677,1,0.445,0.225
6678,1,0.445,0.231
6679,1,0.434,0.245
6680,1,0.427,0.256
6681,1,0.424,0.268
6682,1,0.422,0.283
6683,1,0.417,0.304
6684,1,0.415,0.314
6685,1,0.403,0.353
6686,1,0.403,0.368
6687,1,0.394,0.406
6688,1,0.391,0.442
6689,1,0.383,0.458
6690,0,-1.000,-1.000
6691,0,-1.000,-1.000
6692,0,-1.000,-1.000
6693,0,-1.000,-1.000
6694,0,-1.000,-1.000
6695,0,-1.000,-1.000
6696,0,-1.000,-1.000
6697,0,-1.000,-1.000
6698,0,-1.000,-1.000
6699,0,-1.000,-1.000
6700,0,-1.000,-1.000
6701,0,-1.000,-1.000
6702,0,-1.000,-1.000
6703,0,-1.000,-1.000
6704,1,0.348,0.427
6705,1,0.355,0.378
6706,1,0.364,0.354
6707,1,0.370,0.319
6708,1,0.372,0.269
6709,1,0.380,0.256
6710,1,0.385,0.227
6711,1,0.388,0.211
6712,1,0.396,0.193
6713,1,0.404,0.173
6714,1,0.405,0.171
6715,1,0.408,0.153
6716,1,0.415,0.150
6717,1,0.421,0.141
6718,1,0.423,0.136
6719,1,0.423,0.136
6720,1,0.424,0.136
6721,1,0.430,0.136
6722,1,0.432,0.140
6723,1,0.437,0.143
6724,1,0.439,0.144
6725,1,0.443,0.151
6726,0,-1.000,-1.000
6727,1,0.446,0.161
6728,1,0.451,0.174
6729,1,0.453,0.182
6730,1,0.455,0.191
6731,1,0.456,0.197
6732,1,0.458,0.209
6733,1,0.462,0.219
6734,1,0.462,0.225
6735,1,0.471,0.219
6736,1,0.485,0.219
6737,1,0.487,0.219
6738,1,0.496,0.216
6739,1,0.508,0.217
6740,1,0.516,0.217
6741,1,0.524,0.219
6742,1,0.537,0.226
6743,1,0.546,0.237
6744,1,0.559,0.252
6745,1,0.571,0.254
6746,1,0.583,0.279
6747,1,0.601,0.289
6748,1,0.605,0.302
6749,1,0.623,0.325
6750,1,0.633,0.341
6751,1,0.651,0.368
6752,1,0.666,0.406
6753,1,0.676,0.431
6754,1,0.686,0.458
6755,1,0.708,0.487
6756,1,0.726,0.519
6757,1,0.742,0.511
6758,1,0.751,0.509
6759,1,0.767,0.506
6760,1,0.784,0.512
6761,1,0.799,0.514
6762,0,-1.000,-1.000
6763,0,-1.000,-1.000
6764,0,-1.000,-1.000
6765,0,-1.000,-1.000
6766,0,-1.000,-1.000
6767,0,-1.000,-1.000
6768,1,0.808,0.425
6769,1,0.779,0.367
6770,1,0.760,0.344
6771,1,0.736,0.287
6772,1,0.717,0.256
6773,1,0.692,0.223
6774,0,-1.000,-1.000
6775,1,0.658,0.170
6776,1,0.642,0.149
6777,1,0.618,0.124
6778,1,0.607,0.106
6779,1,0.591,0.102
6780,1,0.574,0.077
6781,1,0.566,0.073
6782,1,0.554,0.068
6783,1,0.537,0.066
6784,1,0.531,0.055
6785,1,0.522,0.047
6786,1,0.509,0.039
6787,1,0.495,0.051
6788,1,0.492,0.047
6789,1,0.484,0.048
6790,1,0.477,0.051
6791,1,0.458,0.055
6792,1,0.456,0.064
6793,1,0.454,0.062
6794,1,0.449,0.067
6795,1,0.439,0.081
6796,1,0.432,0.094
6797,1,0.427,0.095
6798,1,0.420,0.106
6799,1,0.413,0.119
6800,1,0.413,0.119
6801,1,0.405,0.145
6802,1,0.401,0.156
6803,1,0.397,0.160
6804,1,0.396,0.169
6805,1,0.398,0.190
6806,1,0.409,0.189
6807,1,0.420,0.195
6808,1,0.426,0.199
6809,1,0.435,0.207
6810,1,0.451,0.213
6811,1,0.471,0.235
6812,1,0.492,0.260
6813,1,0.503,0.280
6814,1,0.513,0.299
6815,1,0.528,0.314
6816,1,0.545,0.336
6817,1,0.561,0.348
6818,1,0.574,0.398
6819,1,0.592,0.422
6820,1,0.594,0.422
6821,1,0.594,0.393
6822,1,0.588,0.353
6823,1,0.577,0.324
6824,1,0.574,0.307
6825,1,0.567,0.263
6826,1,0.556,0.245
6827,1,0.556,0.227
6828,1,0.548,0.203
6829,1,0.543,0.171
6830,1,0.539,0.171
6831,1,0.531,0.144
6832,1,0.527,0.144
6833,1,0.522,0.122
6834,1,0.519,0.122
6835,1,0.518,0.119
6836,1,0.504,0.098
6837,1,0.508,0.099
6838,1,0.504,0.101
6839,1,0.501,0.105
6840,1,0.501,0.105
6841,1,0.498,0.100
6842,0,-1.000,-1.000
6843,0,-1.000,-1.000
6844,0,-1.000,-1.000
6845,1,0.486,0.115
6846,1,0.492,0.153
6847,1,0.492,0.169
6848,1,0.497,0.192
6849,1,0.503,0.238
6850,1,0.504,0.265
6851,1,0.513,0.313
6852,1,0.516,0.357
6853,1,0.521,0.393
6854,1,0.521,0.425
6855,1,0.532,0.522
6856,1,0.538,0.577
6857,1,0.544,0.599
6858,1,0.551,0.617
6859,1,0.559,0.638
6860,1,0.560,0.659
6861,1,0.572,0.713
6862,1,0.590,0.778
6863,1,0.595,0.822
6864,1,0.601,0.896
6865,0,-1.000,-1.000
6866,0,-1.000,-1.000
6867,0,-1.000,-1.000
6868,0,-1.000,-1.000
6869,0,-1.000,-1.000
6870,1,0.534,0.147
6871,1,0.540,0.143
6872,1,0.545,0.141
6873,0,-1.000,-1.000
6874,1,0.548,0.146
6875,1,0.553,0.155
6876,1,0.557,0.153
6877,1,0.562,0.153
6878,1,0.562,0.153
6879,1,0.562,0.162
6880,1,0.565,0.170
6881,1,0.569,0.174
6882,1,0.569,0.176
6883,1,0.569,0.187
6884,1,0.569,0.190
6885,1,0.571,0.191
6886,1,0.572,0.192
6887,1,0.574,0.181
6888,1,0.576,0.168
6889,1,0.580,0.160
6890,1,0.582,0.153
6891,1,0.584,0.152
6892,1,0.584,0.147
6893,1,0.588,0.138
6894,1,0.588,0.138
6895,1,0.586,0.134
6896,1,0.593,0.127
6897,1,0.593,0.127
6898,1,0.595,0.115
6899,1,0.597,0.106
6900,1,0.597,0.106
6901,1,0.599,0.105
6902,1,0.602,0.095
6903,1,0.606,0.093
6904,1,0.606,0.093
6905,1,0.606,0.090
6906,1,0.608,0.089
6907,1,0.609,0.091
6908,1,0.610,0.091
6909,1,0.612,0.091
6910,1,0.612,0.091
6911,1,0.617,0.096
6912,1,0.619,0.106
6913,1,0.619,0.104
6914,1,0.620,0.112
6915,1,0.624,0.132
6916,1,0.624,0.132
6917,1,0.628,0.142
6918,1,0.628,0.149
6919,1,0.632,0.178
6920,1,0.632,0.184
6921,1,0.633,0.198
6922,1,0.633,0.231
6923,1,0.639,0.248
6924,1,0.639,0.274
6925,1,0.644,0.295
6926,1,0.644,0.331
6927,1,0.644,0.362
6928,1,0.646,0.394
6929,1,0.647,0.443
6930,1,0.651,0.475
6931,1,0.655,0.520
6932,1,0.654,0.545
6933,1,0.657,0.533
6934,1,0.660,0.527
6935,1,0.666,0.519
6936,1,0.666,0.528
6937,1,0.671,0.519
6938,1,0.672,0.515
6939,1,0.675,0.529
6940,1,0.677,0.527
6941,1,0.671,0.517
6942,0,-1.000,-1.000
6943,0,-1.000,-1.000
6944,1,0.621,0.376
6945,1,0.610,0.343
6946,1,0.599,0.312
6947,1,0.584,0.287
6948,1,0.570,0.244
6949,1,0.562,0.230
6950,1,0.549,0.215
6951,1,0.535,0.193
6952,1,0.528,0.181
6953,1,0.519,0.167
6954,1,0.512,0.165
6955,1,0.504,0.153
6956,1,0.493,0.149
6957,1,0.487,0.144
6958,1,0.481,0.144
6959,1,0.476,0.140
6960,1,0.471,0.140
6961,1,0.467,0.141
6962,1,0.460,0.145
6963,1,0.453,0.148
6964,1,0.448,0.151
6965,1,0.443,0.163
6966,1,0.439,0.169
6967,1,0.432,0.182
6968,1,0.430,0.185
6969,1,0.429,0.194
6970,1,0.424,0.204
6971,0,-1.000,-1.000
6972,0,-1.000,-1.000
6973,1,0.453,0.204
6974,1,0.444,0.208
6975,1,0.453,0.205
6976,1,0.462,0.210
6977,1,0.470,0.205
6978,1,0.479,0.206
6979,1,0.484,0.213
6980,1,0.495,0.212
6981,1,0.510,0.225
6982,1,0.515,0.235
6983,1,0.530,0.249
6984,1,0.534,0.256
6985,1,0.542,0.269
6986,1,0.556,0.284
6987,1,0.566,0.304
6988,1,0.574,0.318
6989,1,0.584,0.333
6990,1,0.603,0.374
6991,1,0.613,0.397
6992,1,0.628,0.433
6993,1,0.634,0.449
6994,1,0.652,0.493
6995,1,0.656,0.519
6996,1,0.664,0.505
6997,1,0.670,0.498
6998,1,0.677,0.494
6999,1,0.684,0.503
7000,1,0.693,0.502
7001,1,0.698,0.503
7002,1,0.712,0.522
7003,1,0.717,0.522
7004,0,-1.000,-1.000
7005,0,-1.000,-1.000
7006,0,-1.000,-1.000
7007,0,-1.000,-1.000
7008,0,-1.000,-1.000
7009,0,-1.000,-1.000
7010,1,0.691,0.462
7011,1,0.677,0.410
7012,1,0.664,0.388
7013,1,0.642,0.345
7014,1,0.627,0.316
7015,1,0.613,0.296
7016,1,0.600,0.276
7017,1,0.578,0.247
7018,1,0.573,0.241
7019,1,0.562,0.219
7020,1,0.555,0.211
7021,1,0.541,0.203
7022,1,0.527,0.194
7023,1,0.522,0.188
7024,1,0.516,0.179
7025,1,0.510,0.176
7026,1,0.503,0.176
7027,1,0.493,0.176
7028,1,0.484,0.176
7029,1,0.480,0.179
7030,1,0.469,0.183
7031,1,0.464,0.192
7032,1,0.460,0.194
7033,1,0.457,0.198
7034,1,0.451,0.206
7035,1,0.451,0.211
7036,0,-1.000,-1.000
7037,0,-1.000,-1.000
7038,0,-1.000,-1.000
7039,0,-1.000,-1.000
7040,0,-1.000,-1.000
7041,0,-1.000,-1.000
7042,0,-1.000,-1.000
7043,0,-1.000,-1.000
7044,0,-1.000,-1.000
7045,0,-1.000,-1.000
7046,0,-1.000,-1.000
7047,0,-1.000,-1.000
7048,0,-1.000,-1.000
7049,0,-1.000,-1.000
7050,0,-1.000,-1.000
7051,0,-1.000,-1.000
7052,1,0.434,0.177
7053,1,0.439,0.171
7054,1,0.450,0.157
7055,1,0.456,0.157
7056,1,0.463,0.149
7057,1,0.471,0.142
7058,1,0.479,0.144
7059,1,0.486,0.134
7060,1,0.491,0.138
7061,1,0.497,0.138
7062,1,0.507,0.141
7063,1,0.518,0.143
7064,1,0.528,0.146
7065,1,0.535,0.158
7066,1,0.543,0.168
7067,1,0.550,0.169
7068,1,0.558,0.177
7069,1,0.568,0.193
7070,1,0.574,0.202
7071,1,0.589,0.224
7072,1,0.596,0.231
7073,1,0.607,0.258
7074,1,0.617,0.269
7075,0,-1.000,-1.000
7076,0,-1.000,-1.000
7077,0,-1.000,-1.000
7078,0,-1.000,-1.000
7079,0,-1.000,-1.000
7080,1,0.597,0.268
7081,1,0.579,0.268
7082,1,0.574,0.255
7083,1,0.557,0.223
7084,1,0.543,0.211
7085,1,0.537,0.211
7086,1,0.534,0.211
7087,1,0.522,0.207
7088,1,0.509,0.202
7089,0,-1.000,-1.000
7090,0,-1.000,-1.000
7091,0,-1.000,-1.000
7092,1,0.472,0.193
7093,1,0.467,0.193
7094,1,0.464,0.194
7095,1,0.454,0.203
7096,1,0.446,0.210
7097,1,0.442,0.212
7098,1,0.435,0.218
7099,1,0.428,0.224
7100,0,-1.000,-1.000
7101,0,-1.000,-1.000
7102,0,-1.000,-1.000
7103,1,0.409,0.256
7104,1,0.406,0.244
7105,0,-1.000,-1.000
7106,0,-1.000,-1.000
7107,1,0.398,0.215
7108,0,-1.000,-1.000
7109,0,-1.000,-1.000
7110,1,0.409,0.194
7111,1,0.413,0.183
7112,1,0.424,0.180
7113,1,0.432,0.170
7114,1,0.436,0.169
7115,1,0.444,0.168
7116,1,0.447,0.162
7117,1,0.458,0.153
7118,1,0.464,0.153
7119,1,0.474,0.161
7120,1,0.482,0.163
7121,1,0.486,0.166
7122,1,0.493,0.167
7123,1,0.500,0.167
7124,1,0.508,0.188
7125,0,-1.000,-1.000
7126,1,0.528,0.205
7127,1,0.541,0.206
7128,1,0.541,0.213
7129,1,0.547,0.229
7130,1,0.566,0.258
7131,1,0.574,0.265
7132,1,0.578,0.289
7133,1,0.589,0.308
7134,1,0.592,0.310
7135,1,0.597,0.331
7136,1,0.606,0.342
7137,1,0.616,0.367
7138,1,0.618,0.353
7139,1,0.623,0.344
7140,1,0.630,0.334
7141,1,0.633,0.328
7142,1,0.637,0.320
7143,1,0.645,0.317
7144,0,-1.000,-1.000
7145,0,-1.000,-1.000
7146,0,-1.000,-1.000
7147,0,-1.000,-1.000
7148,0,-1.000,-1.000
7149,0,-1.000,-1.000
7150,0,-1.000,-1.000
7151,0,-1.000,-1.000
7152,1,0.633,0.269
7153,1,0.620,0.257
7154,1,0.605,0.237
7155,1,0.594,0.232
7156,1,0.578,0.216
7157,1,0.560,0.202
7158,1,0.553,0.211
7159,1,0.534,0.194
7160,1,0.524,0.194
7161,1,0.510,0.195
7162,1,0.500,0.194
7163,1,0.489,0.187
7164,1,0.481,0.190
7165,0,-1.000,-1.000
7166,0,-1.000,-1.000
7167,1,0.445,0.201
7168,1,0.437,0.204
7169,1,0.425,0.208
7170,1,0.419,0.215
7171,1,0.406,0.229
7172,1,0.400,0.235
7173,1,0.391,0.245
7174,1,0.383,0.254
7175,1,0.376,0.263
7176,1,0.370,0.269
7177,1,0.365,0.278
7178,1,0.359,0.266
7179,1,0.354,0.256
7180,1,0.354,0.249
7181,1,0.352,0.238
7182,0,-1.000,-1.000
7183,0,-1.000,-1.000
7184,0,-1.000,-1.000
7185,1,0.335,0.219
7186,0,-1.000,-1.000
7187,1,0.331,0.205
7188,0,-1.000,-1.000
7189,0,-1.000,-1.000
7190,1,0.357,0.183
7191,1,0.369,0.176
7192,1,0.379,0.173
7193,1,0.385,0.164
7194,1,0.399,0.156
7195,1,0.410,0.150
7196,1,0.420,0.149
7197,1,0.435,0.149
7198,1,0.445,0.149
7199,1,0.456,0.141
7200,1,0.465,0.149
7201,1,0.483,0.159
7202,1,0.493,0.159
7203,1,0.502,0.159
7204,1,0.514,0.169
7205,1,0.529,0.183
7206,1,0.539,0.184
7207,1,0.558,0.203
7208,1,0.570,0.215
7209,1,0.583,0.230
7210,1,0.593,0.242
7211,1,0.610,0.276
7212,1,0.620,0.291
7213,1,0.634,0.303
7214,1,0.644,0.326
7215,1,0.660,0.352
7216,1,0.672,0.375
7217,0,-1.000,-1.000
7218,0,-1.000,-1.000
7219,0,-1.000,-1.000
7220,0,-1.000,-1.000
7221,0,-1.000,-1.000
7222,0,-1.000,-1.000
7223,0,-1.000,-1.000
7224,0,-1.000,-1.000
7225,0,-1.000,-1.000
7226,0,-1.000,-1.000
7227,0,-1.000,-1.000
7228,0,-1.000,-1.000
7229,1,0.666,0.230
7230,1,0.664,0.214
7231,1,0.656,0.219
7232,1,0.655,0.219
7233,1,0.652,0.219
7234,1,0.645,0.214
7235,1,0.642,0.214
7236,1,0.636,0.215
7237,1,0.631,0.227
7238,1,0.631,0.227
7239,1,0.623,0.226
7240,1,0.623,0.230
7241,1,0.620,0.244
7242,1,0.618,0.250
7243,1,0.612,0.262
7244,1,0.609,0.273
7245,1,0.611,0.266
7246,1,0.607,0.266
7247,1,0.607,0.247
7248,1,0.608,0.238
7249,0,-1.000,-1.000
7250,0,-1.000,-1.000
7251,1,0.608,0.219
7252,1,0.608,0.217
7253,1,0.608,0.210
7254,1,0.608,0.210
7255,1,0.608,0.210
7256,1,0.608,0.210
7257,1,0.608,0.210
7258,1,0.608,0.210
7259,1,0.600,0.204
7260,1,0.595,0.200
7261,1,0.589,0.188
7262,1,0.582,0.180
7263,1,0.574,0.172
7264,1,0.572,0.171
7265,1,0.565,0.159
7266,1,0.560,0.159
7267,1,0.551,0.152
7268,1,0.542,0.153
7269,1,0.539,0.150
7270,1,0.529,0.143
7271,1,0.517,0.145
7272,1,0.517,0.145
7273,1,0.510,0.154
7274,1,0.506,0.156
7275,1,0.497,0.162
7276,1,0.484,0.175
7277,1,0.476,0.183
7278,1,0.471,0.192
7279,1,0.466,0.198
7280,1,0.455,0.208
7281,1,0.443,0.225
7282,1,0.439,0.248
7283,1,0.432,0.256
7284,1,0.422,0.273
7285,1,0.410,0.294
7286,1,0.407,0.310
7287,1,0.401,0.332
7288,1,0.391,0.349
7289,1,0.382,0.377
7290,1,0.376,0.379
7291,1,0.371,0.367
7292,1,0.370,0.367
7293,1,0.366,0.353
7294,1,0.360,0.345
7295,0,-1.000,-1.000
7296,0,-1.000,-1.000
7297,1,0.348,0.327
7298,1,0.344,0.330
7299,1,0.344,0.328
7300,1,0.343,0.326
7301,1,0.339,0.326
7302,1,0.336,0.326
7303,0,-1.000,-1.000
7304,0,-1.000,-1.000
7305,0,-1.000,-1.000
7306,0,-1.000,-1.000
7307,0,-1.000,-1.000
7308,0,-1.000,-1.000
7309,0,-1.000,-1.000
7310,0,-1.000,-1.000
7311,0,-1.000,-1.000
7312,0,-1.000,-1.000
7313,0,-1.000,-1.000
7314,0,-1.000,-1.000
7315,0,-1.000,-1.000
7316,0,-1.000,-1.000
7317,0,-1.000,-1.000
7318,0,-1.000,-1.000
7319,0,-1.000,-1.000
7320,1,0.386,0.205
7321,1,0.388,0.213
7322,0,-1.000,-1.000
7323,0,-1.000,-1.000
7324,0,-1.000,-1.000
7325,0,-1.000,-1.000
7326,0,-1.000,-1.000
7327,0,-1.000,-1.000
7328,0,-1.000,-1.000
7329,0,-1.000,-1.000
7330,0,-1.000,-1.000
7331,0,-1.000,-1.000
7332,0,-1.000,-1.000
7333,0,-1.000,-1.000
7334,0,-1.000,-1.000
7335,0,-1.000,-1.000
7336,0,-1.000,-1.000
7337,0,-1.000,-1.000
7338,0,-1.000,-1.000
7339,0,-1.000,-1.000
7340,0,-1.000,-1.000
7341,0,-1.000,-1.000
7342,0,-1.000,-1.000
7343,0,-1.000,-1.000
7344,0,-1.000,-1.000
7345,0,-1.000,-1.000
7346,0,-1.000,-1.000
7347,0,-1.000,-1.000
7348,0,-1.000,-1.000
7349,0,-1.000,-1.000
7350,1,0.394,0.219
7351,1,0.391,0.208
7352,1,0.390,0.206
7353,1,0.384,0.202
7354,1,0.376,0.193
7355,1,0.375,0.193
7356,1,0.367,0.194
7357,1,0.360,0.198
7358,1,0.357,0.202
7359,1,0.352,0.204
7360,0,-1.000,-1.000
7361,1,0.345,0.213
7362,1,0.338,0.218
7363,1,0.334,0.226
7364,1,0.329,0.237
7365,1,0.322,0.252
7366,1,0.320,0.259
7367,1,0.313,0.275
7368,0,-1.000,-1.000
7369,0,-1.000,-1.000
7370,1,0.301,0.332
7371,1,0.296,0.347
7372,0,-1.000,-1.000
7373,0,-1.000,-1.000
7374,0,-1.000,-1.000
7375,0,-1.000,-1.000
7376,0,-1.000,-1.000
7377,0,-1.000,-1.000
7378,0,-1.000,-1.000
7379,0,-1.000,-1.000
7380,0,-1.000,-1.000
7381,0,-1.000,-1.000
7382,0,-1.000,-1.000
7383,0,-1.000,-1.000
7384,0,-1.000,-1.000
7385,0,-1.000,-1.000
7386,0,-1.000,-1.000
7387,0,-1.000,-1.000
7388,1,0.302,0.226
7389,1,0.310,0.208
7390,1,0.315,0.193
7391,1,0.328,0.169
7392,1,0.336,0.159
7393,1,0.343,0.147
7394,1,0.351,0.140
7395,1,0.356,0.134
7396,1,0.366,0.126
7397,1,0.370,0.119
7398,1,0.380,0.119
7399,1,0.382,0.117
7400,1,0.390,0.117
7401,1,0.395,0.118
7402,1,0.398,0.117
7403,1,0.400,0.119
7404,1,0.408,0.119
7405,1,0.410,0.125
7406,1,0.411,0.131
7407,1,0.414,0.142
7408,1,0.422,0.137
7409,1,0.424,0.151
7410,1,0.424,0.157
7411,1,0.429,0.156
7412,1,0.432,0.165
7413,1,0.433,0.171
7414,1,0.438,0.175
7415,1,0.436,0.155
7416,1,0.436,0.151
7417,1,0.436,0.149
7418,1,0.439,0.137
7419,1,0.438,0.133
7420,1,0.438,0.119
7421,1,0.442,0.122
7422,1,0.442,0.121
7423,1,0.442,0.119
7424,1,0.442,0.117
7425,1,0.444,0.115
7426,1,0.445,0.112
7427,1,0.445,0.112
7428,1,0.445,0.112
7429,1,0.419,0.014
7430,0,-1.000,-1.000
7431,0,-1.000,-1.000
7432,0,-1.000,-1.000
7433,0,-1.000,-1.000
7434,0,-1.000,-1.000
7435,0,-1.000,-1.000
7436,0,-1.000,-1.000
7437,0,-1.000,-1.000
7438,0,-1.000,-1.000
7439,0,-1.000,-1.000
7440,0,-1.000,-1.000
7441,0,-1.000,-1.000
7442,0,-1.000,-1.000
7443,0,-1.000,-1.000
7444,0,-1.000,-1.000
7445,0,-1.000,-1.000
7446,0,-1.000,-1.000
7447,0,-1.000,-1.000
7448,0,-1.000,-1.000
7449,0,-1.000,-1.000
7450,0,-1.000,-1.000
7451,0,-1.000,-1.000
7452,1,0.587,0.006
7453,1,0.595,0.018
7454,1,0.604,0.042
7455,1,0.615,0.075
7456,1,0.631,0.103
7457,1,0.640,0.139
7458,1,0.652,0.170
7459,1,0.660,0.199
7460,1,0.680,0.247
7461,1,0.691,0.290
7462,1,0.701,0.331
7463,1,0.715,0.374
7464,1,0.725,0.440
7465,1,0.738,0.478
7466,1,0.745,0.547
7467,0,-1.000,-1.000
7468,0,-1.000,-1.000
7469,0,-1.000,-1.000
7470,0,-1.000,-1.000
7471,1,0.826,0.561
7472,0,-1.000,-1.000
7473,0,-1.000,-1.000
7474,1,0.876,0.517
7475,1,0.884,0.517
7476,1,0.877,0.467
7477,1,0.857,0.423
7478,1,0.838,0.369
7479,1,0.816,0.313
7480,1,0.796,0.289
7481,1,0.774,0.255
7482,1,0.762,0.222
7483,1,0.759,0.215
7484,1,0.737,0.179
7485,1,0.728,0.175
7486,1,0.718,0.152
7487,1,0.711,0.150
7488,1,0.703,0.133
7489,1,0.698,0.130
7490,1,0.685,0.125
7491,1,0.682,0.116
7492,1,0.677,0.110
7493,1,0.670,0.110
7494,1,0.667,0.110
7495,1,0.664,0.109
7496,1,0.656,0.109
7497,1,0.648,0.109
7498,1,0.647,0.114
7499,1,0.642,0.115
7500,1,0.640,0.117
7501,1,0.635,0.123
7502,1,0.634,0.129
7503,1,0.631,0.132
7504,1,0.626,0.140
7505,1,0.624,0.144
7506,1,0.620,0.151
7507,1,0.619,0.157
7508,1,0.616,0.165
7509,1,0.615,0.166
7510,1,0.610,0.177
7511,1,0.610,0.187
7512,1,0.609,0.190
7513,1,0.605,0.185
7514,1,0.609,0.169
7515,1,0.606,0.168
7516,1,0.605,0.159
7517,1,0.605,0.153
7518,1,0.605,0.149
7519,1,0.605,0.149
7520,1,0.605,0.132
7521,1,0.606,0.131
7522,1,0.610,0.114
7523,1,0.608,0.106
7524,1,0.608,0.095
7525,1,0.609,0.094
7526,1,0.613,0.079
7527,1,0.611,0.065
7528,0,-1.000,-1.000
7529,1,0.615,0.067
7530,1,0.615,0.055
7531,1,0.616,0.051
7532,1,0.619,0.046
7533,0,-1.000,-1.000
7534,1,0.621,0.046
7535,1,0.622,0.046
7536,1,0.625,0.044
7537,0,-1.000,-1.000
7538,1,0.625,0.044
7539,1,0.627,0.049
7540,1,0.627,0.049
7541,1,0.627,0.049
7542,1,0.629,0.061
7543,1,0.631,0.069
7544,1,0.631,0.071
7545,1,0.633,0.089
7546,1,0.634,0.099
7547,0,-1.000,-1.000
7548,1,0.635,0.122
7549,1,0.636,0.130
7550,1,0.637,0.144
7551,1,0.637,0.159
7552,1,0.640,0.180
7553,1,0.640,0.200
7554,0,-1.000,-1.000
7555,1,0.640,0.207
7556,0,-1.000,-1.000
7557,0,-1.000,-1.000
7558,0,-1.000,-1.000
7559,0,-1.000,-1.000
7560,0,-1.000,-1.000
7561,0,-1.000,-1.000
7562,0,-1.000,-1.000
7563,0,-1.000,-1.000
7564,0,-1.000,-1.000
7565,0,-1.000,-1.000
7566,0,-1.000,-1.000
7567,0,-1.000,-1.000
7568,0,-1.000,-1.000
7569,0,-1.000,-1.000
7570,0,-1.000,-1.000
7571,1,0.481,0.261
7572,1,0.467,0.279
7573,1,0.447,0.318
7574,1,0.442,0.333
7575,1,0.430,0.369
7576,1,0.418,0.394
7577,1,0.396,0.456
7578,1,0.380,0.484
7579,1,0.365,0.538
7580,1,0.346,0.559
7581,1,0.332,0.556
7582,1,0.321,0.549
7583,1,0.304,0.554
7584,1,0.289,0.566
7585,1,0.270,0.576
7586,1,0.249,0.587
7587,1,0.230,0.604
7588,1,0.215,0.627
7589,1,0.176,0.661
7590,1,0.156,0.694
7591,1,0.130,0.705
7592,1,0.156,0.645
7593,1,0.177,0.561
7594,1,0.212,0.480
7595,1,0.238,0.406
7596,1,0.257,0.368
7597,1,0.278,0.301
7598,1,0.294,0.270
7599,1,0.307,0.230
7600,1,0.319,0.199
7601,1,0.337,0.165
7602,1,0.353,0.137
7603,1,0.359,0.122
7604,1,0.371,0.104
7605,1,0.382,0.092
7606,1,0.390,0.077
7607,1,0.404,0.067
7608,1,0.412,0.055
7609,1,0.419,0.053
7610,1,0.421,0.044
7611,1,0.432,0.038
7612,1,0.440,0.035
7613,1,0.446,0.034
7614,1,0.455,0.029
7615,1,0.459,0.031
7616,1,0.468,0.033
7617,1,0.469,0.036
7618,1,0.477,0.042
7619,1,0.480,0.045
7620,0,-1.000,-1.000
7621,1,0.492,0.053
7622,1,0.496,0.063
7623,1,0.496,0.069
7624,1,0.503,0.076
7625,1,0.508,0.080
7626,1,0.507,0.082
7627,1,0.515,0.096
7628,1,0.519,0.106
7629,1,0.521,0.115
7630,1,0.522,0.124
7631,1,0.529,0.132
7632,1,0.531,0.141
7633,1,0.533,0.153
7634,1,0.535,0.164
7635,1,0.539,0.173
7636,1,0.541,0.187
7637,1,0.543,0.170
7638,1,0.544,0.163
7639,1,0.546,0.156
7640,1,0.547,0.150
7641,0,-1.000,-1.000
7642,0,-1.000,-1.000
7643,0,-1.000,-1.000
7644,1,0.547,0.122
7645,1,0.541,0.120
7646,1,0.540,0.113
7647,1,0.531,0.189
7648,1,0.534,0.206
7649,1,0.541,0.230
7650,1,0.547,0.246
7651,1,0.555,0.268
7652,1,0.565,0.301
7653,1,0.571,0.330
7654,1,0.578,0.353
7655,1,0.588,0.402
7656,1,0.595,0.432
7657,1,0.603,0.479
7658,1,0.613,0.521
7659,1,0.622,0.550
7660,1,0.628,0.546
7661,1,0.640,0.547
7662,1,0.651,0.548
7663,0,-1.000,-1.000
7664,0,-1.000,-1.000
7665,0,-1.000,-1.000
7666,0,-1.000,-1.000
7667,0,-1.000,-1.000
7668,1,0.727,0.638
7669,1,0.717,0.609
7670,1,0.706,0.555
7671,1,0.694,0.502
7672,1,0.676,0.449
7673,1,0.665,0.411
7674,1,0.651,0.357
7675,1,0.639,0.329
7676,1,0.631,0.297
7677,1,0.623,0.274
7678,1,0.621,0.269
7679,1,0.615,0.251
7680,1,0.605,0.224
7681,1,0.602,0.221
7682,1,0.599,0.206
7683,1,0.593,0.206
7684,1,0.590,0.194
7685,1,0.590,0.190
7686,1,0.585,0.188
7687,1,0.583,0.187
7688,1,0.581,0.181
7689,1,0.581,0.184
7690,1,0.576,0.182
7691,1,0.576,0.183
7692,1,0.575,0.185
7693,1,0.576,0.195
7694,1,0.578,0.194
7695,1,0.572,0.201
7696,1,0.573,0.202
7697,1,0.571,0.207
7698,1,0.570,0.211
7699,1,0.567,0.219
7700,1,0.572,0.213
7701,1,0.571,0.206
7702,1,0.569,0.196
7703,1,0.574,0.189
7704,1,0.574,0.181
7705,1,0.573,0.178
7706,1,0.574,0.175
7707,1,0.574,0.167
7708,1,0.577,0.165
7709,1,0.577,0.167
7710,1,0.576,0.164
7711,1,0.576,0.164
7712,1,0.576,0.156
7713,1,0.576,0.156
7714,1,0.572,0.157
7715,1,0.572,0.157
7716,1,0.572,0.157
7717,1,0.570,0.157
7718,1,0.569,0.158
7719,1,0.565,0.171
7720,1,0.565,0.175
7721,1,0.564,0.187
7722,1,0.560,0.194
7723,1,0.558,0.211
7724,1,0.556,0.226
7725,1,0.552,0.235
7726,1,0.551,0.241
7727,1,0.544,0.204
7728,1,0.543,0.183
7729,1,0.541,0.158
7730,1,0.538,0.140
7731,1,0.536,0.116
7732,1,0.534,0.101
7733,1,0.534,0.088
7734,1,0.531,0.080
7735,1,0.527,0.071
7736,1,0.527,0.059
7737,1,0.527,0.044
7738,1,0.520,0.044
7739,1,0.522,0.036
7740,1,0.518,0.037
7741,1,0.520,0.031
7742,1,0.519,0.033
7743,1,0.516,0.031
7744,1,0.516,0.031
7745,1,0.516,0.032
7746,1,0.515,0.033
7747,1,0.515,0.033
7748,1,0.512,0.038
7749,1,0.511,0.044
7750,0,-1.000,-1.000
7751,1,0.509,0.059
7752,1,0.506,0.068
7753,1,0.506,0.072
7754,1,0.509,0.083
7755,1,0.509,0.085
7756,1,0.516,0.099
7757,1,0.528,0.101
7758,1,0.536,0.112
7759,0,-1.000,-1.000
7760,0,-1.000,-1.000
7761,1,0.564,0.149
7762,1,0.577,0.171
7763,1,0.584,0.184
7764,1,0.596,0.202
7765,0,-1.000,-1.000
7766,1,0.479,0.214
7767,1,0.474,0.228
7768,1,0.467,0.248
7769,1,0.454,0.267
7770,1,0.437,0.302
7771,1,0.432,0.320
7772,1,0.417,0.346
7773,1,0.401,0.386
7774,1,0.384,0.437
7775,1,0.372,0.460
7776,1,0.354,0.518
7777,1,0.340,0.548
7778,1,0.316,0.553
7779,1,0.307,0.552
7780,1,0.281,0.555
7781,1,0.262,0.568
7782,1,0.239,0.581
7783,1,0.239,0.581
7784,1,0.209,0.618
7785,1,0.186,0.624
7786,1,0.168,0.641
7787,1,0.144,0.677
7788,1,0.116,0.694
7789,1,0.095,0.740
7790,1,0.101,0.706
7791,1,0.137,0.631
7792,1,0.169,0.560
7793,1,0.198,0.516
7794,1,0.222,0.459
7795,1,0.246,0.409
7796,1,0.267,0.373
7797,1,0.290,0.340
7798,1,0.309,0.305
7799,1,0.322,0.283
7800,1,0.340,0.269
7801,1,0.360,0.244
7802,1,0.373,0.233
7803,1,0.374,0.233
7804,1,0.389,0.214
7805,1,0.403,0.211
7806,1,0.414,0.197
7807,1,0.427,0.195
7808,1,0.427,0.195
7809,1,0.434,0.195
7810,1,0.445,0.193
7811,1,0.454,0.194
7812,1,0.458,0.194
7813,1,0.469,0.197
7814,1,0.474,0.202
7815,1,0.476,0.206
7816,1,0.486,0.214
7817,1,0.492,0.218
7818,1,0.493,0.220
7819,0,-1.000,-1.000
7820,0,-1.000,-1.000
7821,0,-1.000,-1.000
7822,0,-1.000,-1.000
7823,0,-1.000,-1.000
7824,0,-1.000,-1.000
7825,0,-1.000,-1.000
7826,0,-1.000,-1.000
7827,0,-1.000,-1.000
7828,1,0.528,0.181
7829,1,0.536,0.182
7830,1,0.536,0.181
7831,1,0.538,0.178
7832,1,0.542,0.174
7833,1,0.546,0.176
7834,1,0.546,0.174
7835,1,0.546,0.175
7836,1,0.552,0.178
7837,1,0.559,0.175
7838,1,0.562,0.171
7839,1,0.564,0.171
7840,1,0.566,0.171
7841,1,0.571,0.171
7842,1,0.576,0.177
7843,1,0.581,0.184
7844,1,0.588,0.194
7845,1,0.596,0.202
7846,1,0.597,0.205
7847,1,0.607,0.227
7848,1,0.609,0.239
7849,1,0.619,0.251
7850,1,0.623,0.263
7851,0,-1.000,-1.000
7852,0,-1.000,-1.000
7853,1,0.628,0.242
7854,1,0.631,0.222
7855,1,0.630,0.219
7856,1,0.630,0.215
7857,1,0.631,0.206
7858,1,0.631,0.195
7859,1,0.632,0.195
7860,1,0.632,0.195
7861,1,0.632,0.195
7862,1,0.632,0.195
7863,1,0.632,0.195
7864,1,0.446,0.166
7865,1,0.449,0.167
7866,1,0.447,0.165
7867,1,0.448,0.163
7868,1,0.448,0.166
7869,1,0.455,0.158
7870,1,0.458,0.147
7871,1,0.466,0.149
7872,1,0.469,0.143
7873,1,0.476,0.138
7874,1,0.481,0.138
7875,1,0.486,0.136
7876,1,0.491,0.132
7877,1,0.493,0.132
7878,1,0.501,0.132
7879,1,0.505,0.133
7880,1,0.514,0.133
7881,1,0.521,0.143
7882,1,0.531,0.150
7883,1,0.531,0.160
7884,1,0.536,0.167
7885,1,0.545,0.180
7886,1,0.557,0.195
7887,1,0.565,0.216
7888,1,0.571,0.231
7889,1,0.584,0.256
7890,1,0.589,0.272
7891,1,0.599,0.305
7892,1,0.610,0.322
7893,1,0.621,0.351
7894,1,0.630,0.398
7895,1,0.640,0.431
7896,1,0.649,0.468
7897,1,0.664,0.516
7898,1,0.678,0.580
7899,1,0.689,0.608
7900,1,0.699,0.600
7901,1,0.708,0.592
7902,1,0.716,0.589
7903,1,0.731,0.591
7904,1,0.740,0.594
7905,1,0.754,0.599
7906,0,-1.000,-1.000
7907,0,-1.000,-1.000
7908,0,-1.000,-1.000
7909,0,-1.000,-1.000
7910,0,-1.000,-1.000
7911,0,-1.000,-1.000
7912,1,0.748,0.521
7913,1,0.733,0.475
7914,1,0.707,0.418
7915,1,0.686,0.375
7916,1,0.657,0.333
7917,1,0.641,0.290
7918,1,0.609,0.245
7919,1,0.598,0.220
7920,1,0.583,0.206
7921,1,0.564,0.181
7922,1,0.557,0.162
7923,1,0.544,0.150
7924,1,0.523,0.124
7925,1,0.522,0.124
7926,1,0.509,0.119
7927,1,0.496,0.101
7928,1,0.486,0.101
7929,1,0.479,0.095
7930,1,0.469,0.088
7931,1,0.463,0.091
7932,1,0.459,0.096
7933,1,0.453,0.096
7934,1,0.445,0.096
7935,1,0.439,0.106
7936,1,0.439,0.106
7937,1,0.427,0.115
7938,1,0.425,0.127
7939,1,0.421,0.133
7940,1,0.419,0.143
7941,1,0.415,0.146
7942,1,0.411,0.158
7943,1,0.409,0.168
7944,1,0.403,0.174
7945,1,0.401,0.186
7946,1,0.396,0.194
7947,1,0.391,0.194
7948,1,0.378,0.202
7949,1,0.375,0.215
7950,0,-1.000,-1.000
7951,1,0.358,0.242
7952,1,0.354,0.255
7953,1,0.347,0.274
7954,1,0.338,0.292
7955,1,0.328,0.321
7956,1,0.309,0.360
7957,1,0.308,0.379
7958,1,0.296,0.413
7959,1,0.285,0.457
7960,0,-1.000,-1.000
7961,0,-1.000,-1.000
7962,0,-1.000,-1.000
7963,0,-1.000,-1.000
7964,1,0.357,0.372
7965,1,0.374,0.352
7966,1,0.389,0.337
7967,1,0.401,0.320
7968,1,0.419,0.306
7969,1,0.429,0.293
7970,1,0.447,0.287
7971,1,0.452,0.282
7972,1,0.462,0.267
7973,1,0.474,0.259
7974,1,0.485,0.263
7975,1,0.489,0.268
7976,1,0.490,0.271
7977,1,0.490,0.279
7978,1,0.491,0.291
7979,1,0.495,0.291
7980,1,0.494,0.306
7981,1,0.497,0.319
7982,1,0.501,0.321
7983,1,0.498,0.313
7984,1,0.497,0.305
7985,1,0.498,0.304
7986,1,0.424,0.664
7987,1,0.428,0.637
7988,1,0.443,0.575
7989,1,0.445,0.520
7990,1,0.461,0.454
7991,1,0.468,0.400
7992,1,0.479,0.353
7993,1,0.482,0.330
7994,1,0.489,0.288
7995,1,0.497,0.258
7996,1,0.501,0.235
7997,1,0.507,0.219
7998,1,0.510,0.206
7999,1,0.517,0.180
8000,1,0.519,0.173
8001,1,0.526,0.168
8002,1,0.528,0.159
8003,1,0.530,0.151
8004,1,0.536,0.151
8005,1,0.537,0.148
8006,1,0.541,0.150
8007,1,0.542,0.144
8008,1,0.546,0.146
8009,1,0.547,0.147
8010,1,0.548,0.154
8011,1,0.553,0.155
8012,1,0.554,0.161
8013,1,0.557,0.168
8014,1,0.560,0.174
8015,1,0.562,0.179
8016,1,0.563,0.187
8017,1,0.566,0.194
8018,1,0.567,0.201
8019,1,0.569,0.204
8020,1,0.571,0.191
8021,1,0.572,0.181
8022,1,0.574,0.172
8023,1,0.577,0.161
8024,1,0.580,0.157
8025,1,0.579,0.154
8026,1,0.580,0.144
8027,1,0.583,0.144
8028,1,0.583,0.139
8029,1,0.587,0.141
8030,1,0.586,0.127
8031,1,0.589,0.120
8032,1,0.591,0.122
8033,0,-1.000,-1.000
8034,0,-1.000,-1.000
8035,1,0.597,0.103
8036,1,0.601,0.095
8037,1,0.602,0.094
8038,1,0.605,0.091
8039,1,0.607,0.089
8040,1,0.608,0.086
8041,1,0.611,0.087
8042,1,0.613,0.089
8043,1,0.616,0.089
8044,1,0.619,0.092
8045,1,0.620,0.098
8046,1,0.621,0.105
8047,1,0.624,0.111
8048,1,0.628,0.122
8049,1,0.630,0.127
8050,1,0.632,0.139
8051,1,0.635,0.158
8052,1,0.638,0.168
8053,1,0.639,0.177
8054,1,0.643,0.201
8055,1,0.645,0.220
8056,1,0.648,0.244
8057,1,0.648,0.268
8058,1,0.653,0.287
8059,1,0.657,0.322
8060,1,0.657,0.347
8061,1,0.659,0.381
8062,1,0.663,0.419
8063,1,0.664,0.453
8064,1,0.668,0.471
8065,1,0.670,0.466
8066,1,0.672,0.457
8067,1,0.675,0.447
8068,1,0.674,0.444
8069,1,0.679,0.443
8070,1,0.683,0.437
8071,1,0.685,0.437
8072,1,0.688,0.442
8073,1,0.689,0.444
8074,1,0.690,0.448
8075,0,-1.000,-1.000
8076,0,-1.000,-1.000
8077,0,-1.000,-1.000
8078,0,-1.000,-1.000
8079,1,0.574,0.287
8080,1,0.552,0.256
8081,1,0.534,0.240
8082,1,0.518,0.224
8083,1,0.506,0.211
8084,1,0.495,0.201
8085,1,0.481,0.191
8086,1,0.469,0.185
8087,1,0.464,0.186
8088,1,0.453,0.181
8089,1,0.439,0.187
8090,1,0.515,0.204
8091,1,0.503,0.199
8092,1,0.496,0.188
8093,1,0.487,0.188
8094,1,0.482,0.185
8095,1,0.476,0.188
8096,1,0.470,0.190
8097,1,0.463,0.188
8098,1,0.459,0.191
8099,1,0.456,0.199
8100,1,0.451,0.201
8101,1,0.446,0.204
8102,1,0.443,0.211
8103,1,0.440,0.216
8104,1,0.437,0.223
8105,1,0.433,0.228
8106,1,0.431,0.216
8107,1,0.432,0.206
8108,1,0.431,0.196
8109,1,0.430,0.185
8110,1,0.428,0.180
8111,1,0.427,0.173
8112,1,0.426,0.170
8113,1,0.426,0.168
8114,1,0.423,0.161
8115,1,0.423,0.158
8116,1,0.421,0.156
8117,1,0.420,0.159
8118,1,0.424,0.158
8119,1,0.428,0.158
8120,1,0.434,0.152
8121,1,0.440,0.150
8122,1,0.444,0.145
8123,1,0.449,0.144
8124,1,0.456,0.147
8125,1,0.463,0.147
8126,1,0.471,0.151
8127,1,0.477,0.155
8128,1,0.483,0.159
8129,1,0.494,0.165
8130,1,0.503,0.173
8131,1,0.509,0.185
8132,1,0.520,0.198
8133,1,0.530,0.214
8134,1,0.538,0.224
8135,1,0.549,0.245
8136,1,0.558,0.263
8137,1,0.571,0.288
8138,1,0.583,0.315
8139,1,0.594,0.339
8140,1,0.606,0.366
8141,1,0.618,0.397
8142,1,0.631,0.434
8143,1,0.641,0.449
8144,1,0.651,0.444
8145,1,0.664,0.443
8146,1,0.676,0.444
8147,1,0.689,0.447
8148,1,0.701,0.453
8149,1,0.713,0.456
8150,1,0.729,0.469
8151,1,0.743,0.480
8152,1,0.756,0.494
8153,1,0.771,0.510
8154,1,0.779,0.523
8155,0,-1.000,-1.000
8156,0,-1.000,-1.000
8157,0,-1.000,-1.000
8158,0,-1.000,-1.000
8159,0,-1.000,-1.000
8160,1,0.763,0.474
8161,1,0.735,0.423
8162,1,0.714,0.386
8163,1,0.698,0.354
8164,1,0.677,0.319
8165,1,0.660,0.294
8166,1,0.644,0.272
8167,1,0.629,0.256
8168,1,0.617,0.242
8169,1,0.602,0.229
8170,1,0.590,0.215
8171,1,0.579,0.205
8172,1,0.564,0.194
8173,1,0.554,0.187
8174,1,0.544,0.181
8175,1,0.533,0.179
8176,1,0.524,0.178
8177,1,0.516,0.178
8178,1,0.508,0.179
8179,1,0.499,0.180
8180,1,0.491,0.182
8181,1,0.486,0.188
8182,1,0.477,0.193
8183,1,0.472,0.199
8184,1,0.464,0.205
8185,1,0.460,0.210
8186,1,0.455,0.219
8187,1,0.449,0.227
8188,0,-1.000,-1.000
8189,0,-1.000,-1.000
8190,0,-1.000,-1.000
8191,0,-1.000,-1.000
8192,0,-1.000,-1.000
8193,0,-1.000,-1.000
8194,1,0.423,0.240
8195,1,0.421,0.229
8196,1,0.418,0.220
8197,1,0.418,0.215
8198,1,0.415,0.209
8199,1,0.414,0.202
8200,1,0.411,0.198
8201,1,0.410,0.200
8202,1,0.406,0.193
8203,1,0.404,0.189
8204,1,0.402,0.183
8205,1,0.398,0.181
8206,1,0.395,0.181
8207,1,0.392,0.173
8208,1,0.389,0.174
8209,1,0.386,0.173
8210,1,0.384,0.173
8211,1,0.379,0.179
8212,1,0.374,0.180
8213,1,0.373,0.190
8214,1,0.370,0.194
8215,1,0.365,0.199
8216,1,0.361,0.208
8217,1,0.359,0.219
8218,0,-1.000,-1.000
8219,0,-1.000,-1.000
8220,0,-1.000,-1.000
8221,0,-1.000,-1.000
8222,0,-1.000,-1.000
8223,0,-1.000,-1.000
8224,0,-1.000,-1.000
8225,0,-1.000,-1.000
8226,0,-1.000,-1.000
8227,0,-1.000,-1.000
8228,0,-1.000,-1.000
8229,0,-1.000,-1.000
8230,0,-1.000,-1.000
8231,0,-1.000,-1.000
8232,0,-1.000,-1.000
8233,0,-1.000,-1.000
8234,0,-1.000,-1.000
8235,1,0.287,0.362
8236,1,0.284,0.361
8237,0,-1.000,-1.000
8238,0,-1.000,-1.000
8239,0,-1.000,-1.000
8240,0,-1.000,-1.000
8241,0,-1.000,-1.000
8242,0,-1.000,-1.000
8243,1,0.328,0.216
8244,1,0.333,0.202
8245,1,0.339,0.189
8246,1,0.345,0.177
8247,1,0.348,0.172
8248,1,0.355,0.167
8249,1,0.356,0.164
8250,1,0.361,0.164
8251,1,0.366,0.161
8252,0,-1.000,-1.000
8253,1,0.372,0.162
8254,1,0.374,0.165
8255,1,0.378,0.169
8256,0,-1.000,-1.000
8257,0,-1.000,-1.000
8258,0,-1.000,-1.000
8259,0,-1.000,-1.000
8260,0,-1.000,-1.000
8261,0,-1.000,-1.000
8262,0,-1.000,-1.000
8263,0,-1.000,-1.000
8264,1,0.397,0.170
8265,1,0.395,0.157
8266,1,0.398,0.153
8267,1,0.399,0.148
8268,0,-1.000,-1.000
8269,0,-1.000,-1.000
8270,0,-1.000,-1.000
8271,0,-1.000,-1.000
8272,0,-1.000,-1.000
8273,0,-1.000,-1.000
8274,0,-1.000,-1.000
8275,0,-1.000,-1.000
8276,0,-1.000,-1.000
8277,0,-1.000,-1.000
8278,1,0.410,0.152
8279,1,0.411,0.155
8280,1,0.409,0.157
8281,1,0.407,0.156
8282,1,0.407,0.154
8283,1,0.407,0.152
8284,1,0.405,0.148
8285,1,0.405,0.152
8286,1,0.405,0.148
8287,1,0.405,0.151
8288,1,0.402,0.150
8289,1,0.403,0.153
8290,1,0.400,0.156
8291,1,0.401,0.157
8292,1,0.398,0.156
8293,1,0.400,0.153
8294,1,0.444,0.142
8295,1,0.450,0.142
8296,1,0.458,0.144
8297,1,0.465,0.142
8298,1,0.471,0.144
8299,1,0.478,0.147
8300,1,0.484,0.149
8301,1,0.492,0.154
8302,1,0.498,0.164
8303,1,0.506,0.169
8304,1,0.514,0.176
8305,1,0.522,0.192
8306,1,0.532,0.206
8307,1,0.538,0.218
8308,1,0.549,0.238
8309,1,0.557,0.255
8310,1,0.567,0.277
8311,1,0.575,0.299
8312,1,0.585,0.327
8313,1,0.595,0.351
8314,1,0.605,0.388
8315,1,0.615,0.420
8316,1,0.626,0.457
8317,1,0.637,0.495
8318,1,0.645,0.492
8319,1,0.649,0.486
8320,1,0.658,0.487
8321,1,0.667,0.489
8322,1,0.673,0.488
8323,1,0.681,0.493
8324,1,0.690,0.497
8325,1,0.698,0.500
8326,1,0.706,0.514
8327,1,0.717,0.527
8328,0,-1.000,-1.000
8329,0,-1.000,-1.000
8330,0,-1.000,-1.000
8331,0,-1.000,-1.000
8332,0,-1.000,-1.000
8333,1,0.671,0.469
8334,1,0.641,0.429
8335,1,0.615,0.387
8336,1,0.595,0.360
8337,1,0.574,0.332
8338,1,0.553,0.312
8339,1,0.541,0.294
8340,1,0.523,0.281
8341,1,0.510,0.269
8342,1,0.497,0.263
8343,1,0.487,0.260
8344,1,0.476,0.250
8345,1,0.468,0.245
8346,0,-1.000,-1.000
8347,0,-1.000,-1.000
8348,0,-1.000,-1.000
8349,0,-1.000,-1.000
8350,0,-1.000,-1.000
8351,0,-1.000,-1.000
8352,0,-1.000,-1.000
8353,1,0.419,0.237
8354,1,0.410,0.253
8355,1,0.401,0.276
8356,1,0.393,0.300
8357,1,0.384,0.321
8358,1,0.375,0.348
8359,1,0.365,0.375
8360,1,0.356,0.407
8361,1,0.345,0.442
8362,1,0.336,0.475
8363,1,0.325,0.472
8364,1,0.315,0.467
8365,1,0.305,0.460
8366,1,0.294,0.464
8367,1,0.284,0.461
8368,1,0.277,0.468
8369,1,0.262,0.473
8370,1,0.251,0.477
8371,1,0.237,0.488
8372,1,0.226,0.500
8373,1,0.217,0.515
8374,1,0.204,0.528
8375,1,0.191,0.554
8376,0,-1.000,-1.000
8377,0,-1.000,-1.000
8378,0,-1.000,-1.000
8379,0,-1.000,-1.000
8380,1,0.221,0.452
8381,1,0.237,0.411
8382,1,0.251,0.379
8383,1,0.264,0.349
8384,1,0.273,0.323
8385,1,0.285,0.304
8386,1,0.293,0.288
8387,1,0.304,0.269
8388,1,0.315,0.254
8389,1,0.321,0.241
8390,1,0.327,0.236
8391,1,0.336,0.228
8392,1,0.342,0.221
8393,1,0.347,0.219
8394,1,0.353,0.218
8395,1,0.360,0.213
8396,1,0.365,0.214
8397,1,0.369,0.218
8398,1,0.373,0.216
8399,1,0.377,0.218
8400,1,0.382,0.223
8401,1,0.385,0.223
8402,1,0.391,0.229
8403,0,-1.000,-1.000
8404,1,0.395,0.241
8405,1,0.398,0.250
8406,1,0.401,0.253
8407,1,0.402,0.241
8408,1,0.402,0.228
8409,1,0.403,0.219
8410,1,0.403,0.208
8411,1,0.403,0.203
8412,1,0.402,0.198
8413,1,0.405,0.192
8414,1,0.404,0.191
8415,1,0.405,0.187
8416,1,0.406,0.183
8417,1,0.408,0.183
8418,1,0.406,0.184
8419,1,0.405,0.187
8420,1,0.409,0.189
8421,1,0.409,0.187
8422,1,0.412,0.174
8423,0,-1.000,-1.000
8424,1,0.426,0.153
8425,1,0.432,0.149
8426,1,0.438,0.143
8427,1,0.444,0.134
8428,1,0.447,0.133
8429,1,0.455,0.123
8430,1,0.461,0.118
8431,1,0.469,0.119
8432,1,0.474,0.116
8433,1,0.481,0.110
8434,1,0.489,0.114
8435,1,0.493,0.111
8436,1,0.503,0.113
8437,1,0.509,0.123
8438,1,0.518,0.123
8439,1,0.528,0.131
8440,1,0.532,0.137
8441,1,0.542,0.144
8442,1,0.552,0.154
8443,1,0.558,0.168
8444,1,0.568,0.181
8445,1,0.579,0.192
8446,1,0.589,0.213
8447,1,0.596,0.227
8448,1,0.607,0.246
8449,0,-1.000,-1.000
8450,0,-1.000,-1.000
8451,0,-1.000,-1.000
8452,0,-1.000,-1.000
8453,1,0.582,0.256
8454,1,0.562,0.241
8455,1,0.547,0.228
8456,1,0.534,0.205
8457,1,0.524,0.188
8458,1,0.512,0.173
8459,1,0.500,0.157
8460,1,0.490,0.145
8461,1,0.481,0.135
8462,1,0.470,0.126
8463,1,0.460,0.119
8464,1,0.452,0.114
8465,1,0.445,0.108
8466,1,0.433,0.105
8467,1,0.428,0.103
8468,1,0.420,0.102
8469,1,0.411,0.106
8470,1,0.404,0.105
8471,1,0.397,0.106
8472,1,0.390,0.115
8473,1,0.385,0.116
8474,1,0.379,0.124
8475,1,0.373,0.131
8476,1,0.366,0.138
8477,1,0.365,0.150
8478,1,0.358,0.156
8479,1,0.351,0.169
8480,1,0.348,0.181
8481,1,0.343,0.186
8482,1,0.340,0.206
8483,1,0.335,0.214
8484,1,0.516,0.180
8485,1,0.524,0.191
8486,1,0.531,0.199
8487,1,0.538,0.218
8488,1,0.548,0.231
8489,1,0.557,0.255
8490,1,0.565,0.273
8491,1,0.574,0.300
8492,1,0.584,0.326
8493,1,0.595,0.356
8494,1,0.604,0.382
8495,1,0.613,0.413
8496,1,0.624,0.452
8497,1,0.635,0.497
8498,1,0.646,0.535
8499,1,0.649,0.524
8500,1,0.658,0.529
8501,1,0.667,0.523
8502,1,0.671,0.525
8503,1,0.680,0.529
8504,1,0.686,0.530
8505,1,0.695,0.533
8506,1,0.702,0.543
8507,0,-1.000,-1.000
8508,0,-1.000,-1.000
8509,0,-1.000,-1.000
8510,0,-1.000,-1.000
8511,0,-1.000,-1.000
8512,0,-1.000,-1.000
8513,1,0.695,0.424
8514,1,0.681,0.362
8515,1,0.671,0.326
8516,1,0.664,0.291
8517,1,0.657,0.268
8518,1,0.647,0.242
8519,1,0.642,0.223
8520,1,0.635,0.208
8521,1,0.632,0.199
8522,1,0.628,0.191
8523,1,0.619,0.179
8524,1,0.616,0.170
8525,1,0.611,0.175
8526,1,0.610,0.170
8527,1,0.606,0.171
8528,1,0.603,0.171
8529,1,0.602,0.175
8530,1,0.598,0.177
8531,1,0.598,0.181
8532,1,0.595,0.183
8533,1,0.593,0.188
8534,1,0.590,0.198
8535,1,0.586,0.203
8536,1,0.587,0.209
8537,1,0.584,0.213
8538,1,0.584,0.200
8539,1,0.584,0.189
8540,1,0.583,0.181
8541,1,0.582,0.173
8542,1,0.582,0.168
8543,1,0.580,0.156
8544,1,0.580,0.156
8545,1,0.577,0.144
8546,1,0.577,0.148
8547,1,0.575,0.144
8548,1,0.577,0.143
8549,1,0.577,0.138
8550,1,0.579,0.139
8551,1,0.586,0.131
8552,1,0.588,0.126
8553,1,0.594,0.131
8554,1,0.594,0.125
8555,1,0.596,0.123
8556,1,0.598,0.125
8557,1,0.604,0.130
8558,1,0.605,0.138
8559,1,0.611,0.142
8560,1,0.616,0.143
8561,1,0.618,0.148
8562,1,0.621,0.156
8563,1,0.626,0.169
8564,1,0.631,0.178
8565,1,0.633,0.189
8566,1,0.637,0.203
8567,1,0.643,0.220
8568,1,0.646,0.243
8569,1,0.648,0.254
8570,1,0.653,0.269
8571,1,0.653,0.272
8572,1,0.652,0.269
8573,1,0.651,0.275
8574,1,0.651,0.280
8575,1,0.652,0.289
8576,1,0.650,0.296
8577,1,0.648,0.299
8578,1,0.649,0.315
8579,1,0.649,0.315
8580,1,0.647,0.306
8581,1,0.648,0.298
8582,1,0.646,0.293
8583,1,0.646,0.293
8584,1,0.646,0.284
8585,1,0.646,0.285
8586,1,0.645,0.278
8587,1,0.645,0.279
8588,1,0.577,0.444
8589,1,0.559,0.384
8590,1,0.542,0.341
8591,1,0.529,0.309
8592,1,0.520,0.281
8593,1,0.512,0.259
8594,1,0.503,0.237
8595,1,0.495,0.231
8596,1,0.488,0.216
8597,1,0.481,0.206
8598,1,0.479,0.205
8599,1,0.474,0.196
8600,1,0.468,0.195
8601,1,0.464,0.194
8602,1,0.459,0.191
8603,1,0.459,0.191
8604,1,0.454,0.195
8605,1,0.454,0.204
8606,1,0.447,0.201
8607,1,0.447,0.211
8608,1,0.444,0.207
8609,1,0.442,0.213
8610,1,0.442,0.198
8611,1,0.439,0.184
8612,1,0.438,0.181
8613,1,0.436,0.166
8614,1,0.436,0.165
8615,1,0.437,0.156
8616,1,0.433,0.154
8617,1,0.432,0.153
8618,1,0.430,0.149
8619,1,0.430,0.149
8620,1,0.436,0.138
8621,1,0.434,0.133
8622,1,0.438,0.130
8623,1,0.439,0.126
8624,1,0.440,0.120
8625,1,0.440,0.119
8626,1,0.445,0.113
8627,1,0.444,0.112
8628,1,0.447,0.113
8629,1,0.446,0.108
8630,1,0.449,0.107
8631,1,0.453,0.108
8632,1,0.451,0.111
8633,1,0.456,0.114
8634,1,0.456,0.116
8635,1,0.456,0.112
8636,1,0.458,0.119
8637,1,0.460,0.128
8638,1,0.459,0.133
8639,1,0.461,0.147
8640,1,0.463,0.157
8641,1,0.464,0.168
8642,1,0.466,0.180
8643,1,0.467,0.196
8644,1,0.470,0.213
8645,1,0.469,0.230
8646,1,0.471,0.254
8647,1,0.472,0.275
8648,1,0.474,0.304
8649,1,0.475,0.328
8650,1,0.476,0.357
8651,1,0.478,0.394
8652,1,0.480,0.430
8653,1,0.480,0.479
8654,1,0.480,0.519
8655,1,0.482,0.562
8656,1,0.483,0.595
8657,1,0.481,0.594
8658,1,0.482,0.586
8659,1,0.478,0.589
8660,1,0.478,0.591
8661,1,0.478,0.591
8662,1,0.475,0.599
8663,1,0.472,0.608
8664,1,0.469,0.623
8665,1,0.468,0.634
8666,1,0.466,0.598
8667,0,-1.000,-1.000
8668,0,-1.000,-1.000
8669,1,0.454,0.426
8670,1,0.452,0.392
8671,1,0.447,0.345
8672,1,0.446,0.324
8673,1,0.443,0.286
8674,1,0.438,0.260
8675,1,0.436,0.244
8676,1,0.434,0.226
8677,1,0.434,0.208
8678,1,0.430,0.198
8679,1,0.430,0.188
8680,1,0.428,0.181
8681,1,0.425,0.170
8682,1,0.424,0.170
8683,1,0.423,0.170
8684,1,0.425,0.170
8685,1,0.422,0.169
8686,1,0.421,0.172
8687,1,0.420,0.177
8688,1,0.421,0.183
8689,1,0.419,0.187
8690,1,0.419,0.195
8691,1,0.418,0.198
8692,1,0.418,0.215
8693,1,0.418,0.219
8694,1,0.420,0.232
8695,1,0.418,0.246
8696,1,0.418,0.255
8697,1,0.419,0.270
8698,1,0.416,0.275
8699,1,0.417,0.273
8700,1,0.413,0.254
8701,1,0.412,0.252
8702,1,0.408,0.239
8703,1,0.408,0.227
8704,1,0.410,0.217
8705,1,0.407,0.208
8706,1,0.409,0.207
8707,1,0.418,0.202
8708,1,0.429,0.195
8709,1,0.435,0.193
8710,1,0.449,0.190
8711,1,0.457,0.188
8712,1,0.468,0.192
8713,1,0.477,0.187
8714,1,0.486,0.196
8715,1,0.497,0.201
8716,1,0.509,0.200
8717,1,0.520,0.210
8718,1,0.529,0.220
8719,1,0.542,0.231
8720,1,0.558,0.247
8721,1,0.564,0.248
8722,1,0.567,0.255
8723,1,0.577,0.258
8724,1,0.579,0.269
8725,1,0.585,0.276
8726,1,0.591,0.292
8727,0,-1.000,-1.000
8728,0,-1.000,-1.000
8729,0,-1.000,-1.000
8730,0,-1.000,-1.000
8731,0,-1.000,-1.000
8732,0,-1.000,-1.000
8733,0,-1.000,-1.000
8734,0,-1.000,-1.000
8735,0,-1.000,-1.000
8736,1,0.512,0.242
8737,1,0.504,0.220
8738,1,0.496,0.204
8739,1,0.490,0.196
8740,1,0.485,0.185
8741,1,0.479,0.179
8742,1,0.474,0.170
8743,1,0.472,0.175
8744,1,0.467,0.168
8745,1,0.463,0.172
8746,1,0.463,0.171
8747,1,0.457,0.176
8748,1,0.455,0.177
8749,1,0.456,0.181
8750,1,0.453,0.187
8751,1,0.448,0.192
8752,1,0.448,0.206
8753,1,0.448,0.205
8754,1,0.444,0.213
8755,1,0.444,0.193
8756,1,0.441,0.183
8757,1,0.441,0.173
8758,1,0.440,0.167
8759,1,0.436,0.150
8760,1,0.438,0.146
8761,1,0.440,0.143
8762,1,0.433,0.134
8763,1,0.435,0.132
8764,1,0.433,0.128
8765,1,0.430,0.128
8766,1,0.431,0.121
8767,1,0.431,0.120
8768,1,0.429,0.116
8769,1,0.430,0.110
8770,1,0.428,0.106
8771,1,0.430,0.106
8772,1,0.428,0.103
8773,1,0.430,0.103
8774,1,0.428,0.104
8775,1,0.429,0.107
8776,1,0.427,0.104
8777,1,0.426,0.110
8778,1,0.424,0.112
8779,1,0.424,0.107
8780,1,0.421,0.119
8781,1,0.421,0.125
8782,1,0.418,0.133
8783,1,0.418,0.141
8784,1,0.416,0.152
8785,1,0.415,0.169
8786,1,0.415,0.174
8787,1,0.411,0.192
8788,1,0.412,0.204
8789,1,0.408,0.220
8790,1,0.407,0.244
8791,1,0.406,0.264
8792,1,0.402,0.278
8793,1,0.401,0.311
8794,1,0.402,0.335
8795,1,0.397,0.366
8796,1,0.395,0.394
8797,1,0.395,0.428
8798,1,0.390,0.444
8799,1,0.386,0.437
8800,1,0.383,0.430
8801,1,0.378,0.435
8802,1,0.374,0.430
8803,1,0.368,0.428
8804,1,0.364,0.428
8805,1,0.360,0.436
8806,1,0.357,0.441
8807,1,0.353,0.448
8808,1,0.348,0.456
8809,1,0.342,0.468
8810,0,-1.000,-1.000
8811,1,0.344,0.425
8812,1,0.346,0.384
8813,1,0.349,0.353
8814,1,0.353,0.317
8815,1,0.355,0.299
8816,1,0.357,0.270
8817,1,0.360,0.251
8818,1,0.361,0.232
8819,1,0.363,0.216
8820,1,0.367,0.206
8821,1,0.367,0.195
8822,1,0.371,0.184
8823,1,0.371,0.178
8824,1,0.378,0.170
8825,1,0.380,0.165
8826,1,0.378,0.165
8827,1,0.380,0.169
8828,1,0.381,0.169
8829,1,0.384,0.169
8830,1,0.388,0.174
8831,1,0.389,0.173
8832,1,0.390,0.180
8833,1,0.393,0.192
8834,1,0.393,0.194
8835,1,0.394,0.203
8836,1,0.396,0.210
8837,1,0.398,0.222
8838,1,0.399,0.229
8839,1,0.402,0.243
8840,1,0.403,0.251
8841,1,0.406,0.256
8842,1,0.401,0.242
8843,1,0.404,0.231
8844,1,0.404,0.217
8845,1,0.409,0.213
8846,1,0.409,0.204
8847,1,0.413,0.187
8848,1,0.415,0.188
8849,1,0.419,0.183
8850,1,0.424,0.175
8851,1,0.427,0.175
8852,1,0.429,0.168
8853,1,0.435,0.165
8854,1,0.435,0.163
8855,1,0.441,0.164
8856,1,0.443,0.163
8857,1,0.447,0.169
8858,1,0.450,0.172
8859,1,0.455,0.171
8860,1,0.459,0.179
8861,1,0.465,0.191
8862,1,0.467,0.194
8863,1,0.472,0.206
8864,1,0.479,0.217
8865,1,0.481,0.234
8866,1,0.485,0.245
8867,1,0.492,0.263
8868,1,0.494,0.276
8869,0,-1.000,-1.000
8870,0,-1.000,-1.000
8871,0,-1.000,-1.000
8872,0,-1.000,-1.000
8873,1,0.463,0.195
8874,1,0.458,0.190
8875,1,0.452,0.174
8876,1,0.446,0.167
8877,1,0.439,0.157
8878,1,0.438,0.153
8879,1,0.432,0.151
8880,1,0.427,0.148
8881,1,0.423,0.145
8882,1,0.421,0.145
8883,1,0.422,0.148
8884,1,0.420,0.129
8885,1,0.422,0.113
8886,1,0.426,0.102
8887,1,0.429,0.094
8888,1,0.430,0.083
8889,1,0.434,0.069
8890,1,0.438,0.061
8891,1,0.439,0.052
8892,1,0.444,0.050
8893,1,0.446,0.043
8894,1,0.448,0.040
8895,1,0.451,0.038
8896,1,0.457,0.034
8897,1,0.459,0.028
8898,1,0.464,0.034
8899,1,0.468,0.032
8900,1,0.470,0.033
8901,1,0.472,0.034
8902,1,0.479,0.047
8903,1,0.480,0.044
8904,1,0.485,0.063
8905,1,0.489,0.068
8906,1,0.491,0.072
8907,1,0.494,0.087
8908,1,0.501,0.104
8909,1,0.502,0.114
8910,1,0.506,0.128
8911,1,0.511,0.151
8912,1,0.516,0.165
8913,1,0.520,0.184
8914,1,0.523,0.202
8915,1,0.527,0.221
8916,0,-1.000,-1.000
8917,1,0.536,0.267
8918,1,0.539,0.290
8919,1,0.542,0.324
8920,1,0.547,0.341
8921,1,0.547,0.327
8922,1,0.548,0.308
8923,1,0.551,0.302
8924,1,0.553,0.290
8925,1,0.554,0.280
8926,0,-1.000,-1.000
8927,1,0.559,0.257
8928,1,0.562,0.249
8929,1,0.566,0.245
8930,1,0.565,0.243
8931,1,0.567,0.237
8932,1,0.571,0.239
8933,1,0.572,0.236
8934,0,-1.000,-1.000
8935,1,0.577,0.210
8936,1,0.579,0.206
8937,1,0.581,0.197
8938,1,0.584,0.188
8939,1,0.584,0.190
8940,1,0.586,0.189
8941,1,0.589,0.187
8942,1,0.589,0.187
8943,1,0.591,0.188
8944,1,0.594,0.189
8945,1,0.596,0.193
8946,1,0.595,0.198
8947,1,0.595,0.198
8948,1,0.597,0.207
8949,1,0.601,0.212
8950,1,0.598,0.215
8951,1,0.600,0.210
8952,1,0.604,0.197
8953,1,0.607,0.192
8954,1,0.609,0.181
8955,1,0.613,0.170
8956,1,0.617,0.162
8957,1,0.620,0.155
8958,1,0.625,0.144
8959,1,0.627,0.137
8960,1,0.633,0.129
8961,1,0.637,0.126
8962,1,0.639,0.124
8963,1,0.643,0.116
8964,1,0.649,0.111
8965,1,0.649,0.116
8966,1,0.654,0.115
8967,1,0.657,0.110
8968,1,0.662,0.117
8969,1,0.664,0.117
8970,1,0.669,0.122
8971,1,0.674,0.123
8972,1,0.678,0.136
8973,1,0.683,0.136
8974,1,0.685,0.144
8975,1,0.692,0.156
8976,1,0.694,0.170
8977,1,0.697,0.181
8978,1,0.702,0.199
8979,1,0.704,0.212
8980,1,0.714,0.236
8981,1,0.716,0.250
8982,1,0.719,0.272
8983,1,0.719,0.287
8984,1,0.728,0.324
8985,1,0.729,0.339
8986,1,0.731,0.375
8987,1,0.737,0.401
8988,1,0.740,0.407
8989,1,0.744,0.400
8990,1,0.749,0.386
8991,1,0.750,0.384
8992,0,-1.000,-1.000
8993,0,-1.000,-1.000
8994,0,-1.000,-1.000
8995,0,-1.000,-1.000
8996,0,-1.000,-1.000
8997,0,-1.000,-1.000
8998,0,-1.000,-1.000
8999,1,0.711,0.257
9000,1,0.699,0.231
9001,1,0.686,0.209
9002,1,0.672,0.196
9003,1,0.667,0.181
9004,1,0.654,0.169
9005,1,0.641,0.155
9006,1,0.633,0.152
9007,1,0.626,0.147
9008,1,0.619,0.144
9009,1,0.611,0.136
9010,1,0.604,0.135
9011,1,0.593,0.130
9012,1,0.588,0.134
9013,1,0.580,0.133
9014,1,0.572,0.136
9015,1,0.566,0.144
9016,1,0.562,0.143
9017,1,0.558,0.150
9018,1,0.552,0.145
9019,1,0.547,0.156
9020,1,0.542,0.165
9021,1,0.545,0.160
9022,1,0.547,0.159
9023,1,0.551,0.150
9024,1,0.551,0.150
9025,1,0.556,0.149
9026,1,0.558,0.148
9027,1,0.564,0.153
9028,1,0.565,0.153
9029,1,0.569,0.161
9030,1,0.573,0.166
9031,1,0.575,0.168
9032,1,0.578,0.176
9033,1,0.580,0.180
9034,1,0.586,0.196
9035,1,0.589,0.206
9036,1,0.592,0.218
9037,1,0.596,0.235
9038,1,0.599,0.256
9039,1,0.604,0.273
9040,1,0.608,0.289
9041,1,0.609,0.312
9042,1,0.614,0.334
9043,1,0.617,0.354
9044,0,-1.000,-1.000
9045,0,-1.000,-1.000
9046,0,-1.000,-1.000
9047,1,0.629,0.342
9048,1,0.628,0.331
9049,1,0.623,0.300
9050,1,0.626,0.284
9051,1,0.624,0.263
9052,1,0.620,0.247
9053,1,0.622,0.239
9054,1,0.618,0.219
9055,1,0.617,0.210
9056,1,0.615,0.202
9057,1,0.613,0.194
9058,1,0.613,0.183
9059,1,0.612,0.176
9060,1,0.609,0.170
9061,1,0.608,0.169
9062,1,0.607,0.172
9063,1,0.603,0.169
9064,1,0.605,0.172
9065,1,0.603,0.174
9066,1,0.602,0.181
9067,1,0.599,0.184
9068,1,0.598,0.187
9069,1,0.595,0.197
9070,1,0.593,0.199
9071,1,0.594,0.209
9072,1,0.592,0.216
9073,1,0.593,0.212
9074,1,0.602,0.152
9075,1,0.603,0.153
9076,1,0.605,0.145
9077,1,0.604,0.143
9078,1,0.597,0.138
9079,1,0.598,0.142
9080,1,0.593,0.135
9081,1,0.593,0.137
9082,1,0.589,0.135
9083,1,0.587,0.134
9084,1,0.581,0.139
9085,1,0.577,0.139
9086,1,0.574,0.140
9087,1,0.566,0.137
9088,1,0.563,0.144
9089,1,0.557,0.150
9090,1,0.552,0.150
9091,1,0.545,0.158
9092,1,0.537,0.172
9093,1,0.531,0.186
9094,1,0.523,0.198
9095,1,0.516,0.204
9096,1,0.509,0.213
9097,1,0.499,0.235
9098,1,0.490,0.253
9099,1,0.479,0.270
9100,1,0.469,0.295
9101,1,0.458,0.317
9102,1,0.449,0.349
9103,1,0.435,0.378
9104,1,0.424,0.399
9105,1,0.408,0.438
9106,1,0.396,0.477
9107,1,0.382,0.509
9108,1,0.368,0.515
9109,1,0.354,0.514
9110,1,0.341,0.511
9111,1,0.328,0.514
9112,1,0.311,0.518
9113,1,0.297,0.528
9114,1,0.281,0.534
9115,1,0.270,0.522
9116,1,0.281,0.471
9117,1,0.285,0.424
9118,1,0.291,0.379
9119,1,0.299,0.335
9120,1,0.303,0.299
9121,1,0.310,0.267
9122,1,0.314,0.242
9123,1,0.320,0.208
9124,1,0.328,0.190
9125,1,0.331,0.171
9126,1,0.339,0.157
9127,1,0.341,0.142
9128,1,0.348,0.132
9129,1,0.351,0.119
9130,1,0.355,0.113
9131,1,0.358,0.105
9132,1,0.364,0.103
9133,1,0.368,0.096
9134,1,0.370,0.101
9135,1,0.372,0.098
9136,1,0.378,0.100
9137,1,0.381,0.103
9138,1,0.384,0.108
9139,1,0.390,0.111
9140,1,0.391,0.119
9141,1,0.398,0.131
9142,1,0.399,0.134
9143,1,0.402,0.145
9144,1,0.405,0.156
9145,1,0.406,0.163
9146,1,0.408,0.172
9147,1,0.414,0.186
9148,1,0.421,0.186
9149,1,0.426,0.187
9150,1,0.436,0.194
9151,1,0.443,0.198
9152,1,0.452,0.206
9153,1,0.460,0.215
9154,1,0.467,0.215
9155,1,0.473,0.230
9156,1,0.484,0.244
9157,1,0.495,0.262
9158,1,0.503,0.270
9159,1,0.513,0.297
9160,1,0.523,0.311
9161,1,0.535,0.336
9162,1,0.544,0.360
9163,1,0.556,0.387
9164,1,0.562,0.412
9165,1,0.557,0.386
9166,1,0.553,0.370
9167,1,0.545,0.347
9168,1,0.542,0.335
9169,1,0.536,0.314
9170,1,0.529,0.297
9171,1,0.522,0.286
9172,1,0.516,0.272
9173,1,0.509,0.260
9174,1,0.507,0.254
9175,1,0.499,0.251
9176,1,0.493,0.244
9177,1,0.490,0.243
9178,1,0.485,0.238
9179,1,0.479,0.237
9180,1,0.474,0.242
9181,1,0.470,0.242
9182,1,0.463,0.244
9183,1,0.461,0.250
9184,1,0.456,0.256
9185,1,0.452,0.264
9186,0,-1.000,-1.000
9187,0,-1.000,-1.000
9188,0,-1.000,-1.000
9189,0,-1.000,-1.000
9190,0,-1.000,-1.000
9191,0,-1.000,-1.000
9192,0,-1.000,-1.000
9193,0,-1.000,-1.000
9194,0,-1.000,-1.000
9195,0,-1.000,-1.000
9196,1,0.522,0.159
9197,1,0.535,0.170
9198,1,0.543,0.178
9199,1,0.553,0.194
9200,1,0.562,0.209
9201,1,0.573,0.228
9202,1,0.584,0.247
9203,1,0.597,0.273
9204,1,0.608,0.294
9205,1,0.620,0.332
9206,1,0.633,0.354
9207,1,0.647,0.392
9208,1,0.659,0.428
9209,1,0.674,0.471
9210,1,0.689,0.519
9211,1,0.704,0.566
9212,1,0.719,0.619
9213,1,0.733,0.616
9214,1,0.740,0.615
9215,1,0.755,0.614
9216,1,0.768,0.610
9217,1,0.772,0.619
9218,0,-1.000,-1.000
9219,0,-1.000,-1.000
9220,0,-1.000,-1.000
9221,0,-1.000,-1.000
9222,0,-1.000,-1.000
9223,0,-1.000,-1.000
9224,1,0.792,0.514
9225,1,0.770,0.447
9226,1,0.749,0.391
9227,1,0.733,0.342
9228,1,0.719,0.310
9229,1,0.705,0.276
9230,1,0.695,0.250
9231,1,0.685,0.237
9232,1,0.675,0.214
9233,1,0.666,0.206
9234,1,0.655,0.190
9235,1,0.650,0.181
9236,1,0.643,0.180
9237,1,0.639,0.180
9238,1,0.632,0.173
9239,1,0.630,0.173
9240,1,0.622,0.174
9241,1,0.617,0.181
9242,1,0.613,0.181
9243,1,0.612,0.182
9244,1,0.609,0.188
9245,1,0.604,0.192
9246,1,0.600,0.200
9247,1,0.596,0.207
9248,1,0.593,0.213
9249,1,0.594,0.222
9250,1,0.591,0.230
9251,1,0.589,0.217
9252,1,0.585,0.206
9253,1,0.588,0.197
9254,1,0.586,0.189
9255,1,0.583,0.178
9256,1,0.582,0.173
9257,1,0.580,0.170
9258,1,0.577,0.163
9259,1,0.578,0.159
9260,1,0.577,0.159
9261,1,0.575,0.156
9262,1,0.573,0.156
9263,1,0.576,0.163
9264,1,0.577,0.160
9265,1,0.582,0.157
9266,1,0.588,0.162
9267,1,0.589,0.159
9268,1,0.595,0.168
9269,1,0.603,0.174
9270,1,0.605,0.177
9271,1,0.610,0.181
9272,1,0.615,0.195
9273,1,0.623,0.207
9274,1,0.627,0.221
9275,1,0.634,0.235
9276,1,0.642,0.258
9277,1,0.648,0.277
9278,1,0.655,0.295
9279,0,-1.000,-1.000
9280,0,-1.000,-1.000
9281,0,-1.000,-1.000
9282,1,0.642,0.301
9283,1,0.630,0.281
9284,1,0.610,0.251
9285,1,0.597,0.222
9286,1,0.585,0.209
9287,1,0.572,0.193
9288,1,0.561,0.177
9289,1,0.549,0.165
9290,1,0.540,0.152
9291,1,0.530,0.149
9292,1,0.520,0.131
9293,1,0.510,0.131
9294,1,0.499,0.130
9295,1,0.492,0.126
9296,1,0.485,0.125
9297,1,0.478,0.123
9298,1,0.467,0.124
9299,1,0.463,0.131
9300,1,0.459,0.134
9301,1,0.448,0.134
9302,1,0.443,0.144
9303,1,0.436,0.144
9304,1,0.434,0.156
9305,1,0.427,0.153
9306,1,0.422,0.168
9307,1,0.417,0.170
9308,1,0.411,0.181
9309,0,-1.000,-1.000
9310,0,-1.000,-1.000
9311,1,0.400,0.207
9312,1,0.397,0.200
9313,1,0.392,0.189
9314,1,0.392,0.177
9315,1,0.386,0.172
9316,1,0.384,0.164
9317,1,0.382,0.163
9318,1,0.378,0.155
9319,1,0.376,0.154
9320,1,0.376,0.154
9321,1,0.371,0.150
9322,1,0.368,0.146
9323,0,-1.000,-1.000
9324,1,0.373,0.138
9325,1,0.378,0.126
9326,1,0.384,0.117
9327,1,0.390,0.109
9328,1,0.395,0.101
9329,1,0.401,0.095
9330,1,0.408,0.085
9331,1,0.412,0.076
9332,1,0.421,0.080
9333,1,0.427,0.070
9334,1,0.432,0.074
9335,1,0.440,0.069
9336,1,0.446,0.064
9337,1,0.454,0.066
9338,1,0.461,0.067
9339,1,0.467,0.064
9340,1,0.476,0.073
9341,1,0.483,0.071
9342,1,0.490,0.076
9343,1,0.498,0.081
9344,1,0.507,0.088
9345,1,0.515,0.094
9346,1,0.524,0.100
9347,1,0.531,0.112
9348,1,0.540,0.122
9349,1,0.549,0.134
9350,1,0.557,0.150
9351,1,0.567,0.169
9352,1,0.575,0.181
9353,1,0.584,0.196
9354,1,0.594,0.214
9355,1,0.602,0.237
9356,1,0.611,0.260
9357,1,0.622,0.283
9358,1,0.629,0.298
9359,1,0.640,0.329
9360,1,0.647,0.356
9361,0,-1.000,-1.000
9362,0,-1.000,-1.000
9363,0,-1.000,-1.000
9364,0,-1.000,-1.000
9365,0,-1.000,-1.000
9366,0,-1.000,-1.000
9367,0,-1.000,-1.000
9368,0,-1.000,-1.000
9369,0,-1.000,-1.000
9370,0,-1.000,-1.000
9371,0,-1.000,-1.000
9372,1,0.688,0.300
9373,0,-1.000,-1.000
9374,0,-1.000,-1.000
9375,0,-1.000,-1.000
9376,0,-1.000,-1.000
9377,0,-1.000,-1.000
9378,1,0.659,0.190
9379,1,0.655,0.176
9380,1,0.652,0.173
9381,1,0.649,0.159
9382,1,0.645,0.159
9383,1,0.641,0.153
9384,1,0.635,0.149
9385,1,0.632,0.146
9386,1,0.630,0.148
9387,1,0.629,0.155
9388,1,0.624,0.167
9389,1,0.617,0.176
9390,1,0.613,0.187
9391,1,0.609,0.205
9392,1,0.605,0.216
9393,1,0.600,0.240
9394,1,0.596,0.254
9395,1,0.590,0.276
9396,1,0.585,0.304
9397,1,0.579,0.330
9398,1,0.573,0.361
9399,1,0.566,0.395
9400,1,0.558,0.434
9401,1,0.552,0.456
9402,1,0.546,0.458
9403,1,0.540,0.463
9404,1,0.537,0.467
9405,1,0.525,0.470
9406,1,0.525,0.481
9407,1,0.517,0.495
9408,1,0.507,0.506
9409,1,0.497,0.533
9410,1,0.490,0.550
9411,1,0.484,0.573
9412,1,0.474,0.599
9413,1,0.220,0.394
9414,1,0.240,0.354
9415,1,0.261,0.312
9416,1,0.278,0.281
9417,1,0.294,0.257
9418,1,0.310,0.228
9419,1,0.324,0.213
9420,1,0.335,0.191
9421,1,0.351,0.179
9422,1,0.359,0.165
9423,1,0.367,0.158
9424,1,0.379,0.151
9425,1,0.386,0.145
9426,1,0.393,0.138
9427,1,0.405,0.140
9428,1,0.407,0.137
9429,1,0.413,0.140
9430,1,0.421,0.139
9431,1,0.427,0.142
9432,1,0.432,0.147
9433,1,0.436,0.144
9434,1,0.442,0.151
9435,1,0.446,0.155
9436,1,0.454,0.157
9437,1,0.455,0.164
9438,1,0.458,0.173
9439,1,0.464,0.182
9440,1,0.468,0.189
9441,1,0.471,0.195
9442,1,0.474,0.203
9443,1,0.478,0.206
9444,1,0.478,0.187
9445,1,0.481,0.181
9446,1,0.482,0.176
9447,1,0.483,0.164
9448,1,0.483,0.162
9449,1,0.483,0.153
9450,1,0.486,0.155
9451,1,0.484,0.147
9452,1,0.490,0.144
9453,1,0.482,0.143
9454,1,0.483,0.143
9455,1,0.480,0.144
9456,1,0.480,0.150
9457,1,0.480,0.151
9458,1,0.479,0.155
9459,1,0.477,0.163
9460,1,0.475,0.169
9461,1,0.471,0.177
9462,1,0.471,0.194
9463,1,0.469,0.209
9464,1,0.466,0.224
9465,1,0.463,0.247
9466,1,0.462,0.269
9467,1,0.457,0.285
9468,0,-1.000,-1.000
9469,0,-1.000,-1.000
9470,0,-1.000,-1.000
9471,0,-1.000,-1.000
9472,0,-1.000,-1.000
9473,0,-1.000,-1.000
9474,0,-1.000,-1.000
9475,0,-1.000,-1.000
9476,0,-1.000,-1.000
9477,1,0.451,0.185
9478,1,0.448,0.181
9479,1,0.448,0.181
9480,1,0.448,0.180
9481,1,0.449,0.181
9482,1,0.446,0.181
9483,1,0.447,0.187
9484,1,0.446,0.190
9485,1,0.446,0.197
9486,1,0.446,0.198
9487,1,0.445,0.202
9488,1,0.443,0.211
9489,1,0.445,0.220
9490,1,0.442,0.210
9491,1,0.445,0.206
9492,1,0.442,0.195
9493,1,0.441,0.188
9494,1,0.440,0.181
9495,1,0.438,0.172
9496,1,0.439,0.170
9497,1,0.441,0.165
9498,1,0.439,0.168
9499,1,0.438,0.162
9500,1,0.438,0.162
9501,1,0.436,0.162
9502,1,0.440,0.164
9503,1,0.440,0.156
9504,1,0.444,0.142
9505,1,0.448,0.136
9506,1,0.453,0.121
9507,1,0.459,0.117
9508,1,0.463,0.116
9509,1,0.470,0.103
9510,1,0.478,0.099
9511,1,0.484,0.092
9512,1,0.487,0.083
9513,1,0.494,0.085
9514,1,0.500,0.077
9515,1,0.505,0.076
9516,1,0.512,0.076
9517,1,0.519,0.071
9518,1,0.526,0.073
9519,1,0.533,0.075
9520,1,0.543,0.076
9521,1,0.550,0.083
9522,1,0.557,0.089
9523,1,0.563,0.094
9524,1,0.570,0.102
9525,1,0.578,0.111
9526,1,0.588,0.119
9527,1,0.598,0.131
9528,1,0.605,0.144
9529,1,0.615,0.157
9530,1,0.622,0.175
9531,1,0.631,0.190
9532,1,0.640,0.207
9533,1,0.649,0.233
9534,1,0.657,0.250
9535,1,0.668,0.272
9536,1,0.678,0.296
9537,1,0.685,0.320
9538,1,0.696,0.348
9539,1,0.704,0.371
9540,1,0.710,0.364
9541,1,0.719,0.353
9542,0,-1.000,-1.000
9543,0,-1.000,-1.000
9544,0,-1.000,-1.000
9545,0,-1.000,-1.000
9546,0,-1.000,-1.000
9547,0,-1.000,-1.000
9548,0,-1.000,-1.000
9549,1,0.746,0.295
9550,1,0.731,0.280
9551,0,-1.000,-1.000
9552,1,0.687,0.256
9553,1,0.667,0.235
9554,1,0.645,0.234
9555,1,0.629,0.231
9556,1,0.610,0.218
9557,1,0.592,0.219
9558,1,0.580,0.217
9559,1,0.564,0.218
9560,1,0.545,0.218
9561,1,0.529,0.224
9562,1,0.516,0.220
9563,1,0.503,0.227
9564,0,-1.000,-1.000
9565,0,-1.000,-1.000
9566,0,-1.000,-1.000
9567,0,-1.000,-1.000
9568,1,0.442,0.267
9569,1,0.431,0.269
9570,1,0.420,0.283
9571,1,0.412,0.286
9572,1,0.404,0.271
9573,1,0.399,0.265
9574,1,0.392,0.253
9575,1,0.388,0.246
9576,1,0.380,0.244
9577,0,-1.000,-1.000
9578,0,-1.000,-1.000
9579,0,-1.000,-1.000
9580,0,-1.000,-1.000
9581,0,-1.000,-1.000
9582,0,-1.000,-1.000
9583,0,-1.000,-1.000
9584,1,0.335,0.219
9585,1,0.332,0.208
9586,1,0.331,0.207
9587,1,0.330,0.201
9588,1,0.328,0.187
9589,1,0.324,0.188
9590,1,0.321,0.181
9591,1,0.320,0.179
9592,1,0.318,0.175
9593,1,0.318,0.177
9594,1,0.314,0.170
9595,1,0.311,0.178
9596,1,0.309,0.180
9597,1,0.307,0.183
9598,1,0.305,0.188
9599,1,0.303,0.196
9600,1,0.301,0.203
9601,1,0.297,0.213
9602,1,0.298,0.223
9603,1,0.296,0.241
9604,1,0.295,0.253
9605,1,0.295,0.276
9606,1,0.292,0.287
9607,1,0.291,0.306
9608,1,0.293,0.319
9609,0,-1.000,-1.000
9610,1,0.329,0.270
9611,1,0.342,0.253
9612,0,-1.000,-1.000
9613,1,0.376,0.218
9614,1,0.390,0.207
9615,1,0.405,0.196
9616,1,0.406,0.191
9617,1,0.418,0.185
9618,1,0.431,0.171
9619,1,0.445,0.169
9620,1,0.460,0.164
9621,1,0.470,0.157
9622,1,0.480,0.154
9623,1,0.491,0.155
9624,1,0.500,0.155
9625,1,0.511,0.152
9626,1,0.522,0.156
9627,1,0.531,0.156
9628,1,0.539,0.159
9629,1,0.547,0.161
9630,1,0.557,0.170
9631,1,0.562,0.177
9632,1,0.573,0.182
9633,1,0.577,0.185
9634,1,0.585,0.193
9635,1,0.594,0.204
9636,1,0.599,0.213
9637,1,0.606,0.221
9638,0,-1.000,-1.000
9639,1,0.612,0.220
9640,1,0.619,0.218
9641,1,0.620,0.205
9642,1,0.622,0.203
9643,1,0.628,0.200
9644,1,0.629,0.187
9645,1,0.633,0.182
9646,1,0.637,0.180
9647,1,0.639,0.171
9648,1,0.638,0.174
9649,1,0.638,0.171
9650,1,0.645,0.174
9651,1,0.646,0.169
9652,0,-1.000,-1.000
9653,0,-1.000,-1.000
9654,1,0.651,0.185
9655,1,0.655,0.191
9656,0,-1.000,-1.000
9657,1,0.655,0.194
9658,1,0.658,0.185
9659,1,0.663,0.174
9660,1,0.663,0.162
9661,1,0.666,0.149
9662,1,0.668,0.141
9663,1,0.670,0.138
9664,1,0.676,0.128
9665,1,0.673,0.119
9666,1,0.672,0.112
9667,1,0.677,0.106
9668,1,0.676,0.102
9669,1,0.678,0.096
9670,1,0.680,0.094
9671,1,0.681,0.090
9672,1,0.684,0.096
9673,1,0.684,0.099
9674,1,0.688,0.099
9675,1,0.685,0.101
9676,1,0.687,0.107
9677,1,0.691,0.119
9678,0,-1.000,-1.000
9679,0,-1.000,-1.000
9680,1,0.647,0.145
9681,1,0.626,0.155
9682,1,0.605,0.172
9683,1,0.589,0.176
9684,1,0.576,0.187
9685,1,0.564,0.195
9686,1,0.552,0.209
9687,1,0.543,0.216
9688,1,0.533,0.226
9689,0,-1.000,-1.000
9690,1,0.516,0.221
9691,1,0.515,0.202
9692,1,0.508,0.191
9693,1,0.508,0.189
9694,1,0.503,0.190
9695,1,0.496,0.188
9696,1,0.494,0.189
9697,1,0.492,0.191
9698,1,0.489,0.194
9699,1,0.483,0.194
9700,1,0.481,0.198
9701,1,0.477,0.205
9702,1,0.470,0.212
9703,0,-1.000,-1.000
9704,0,-1.000,-1.000
9705,0,-1.000,-1.000
9706,0,-1.000,-1.000
9707,0,-1.000,-1.000
9708,0,-1.000,-1.000
9709,0,-1.000,-1.000
9710,0,-1.000,-1.000
9711,0,-1.000,-1.000
9712,0,-1.000,-1.000
9713,0,-1.000,-1.000
9714,0,-1.000,-1.000
9715,1,0.614,0.263
9716,1,0.597,0.244
9717,1,0.581,0.220
9718,1,0.567,0.206
9719,1,0.553,0.199
9720,1,0.541,0.183
9721,1,0.531,0.177
9722,1,0.529,0.178
9723,1,0.512,0.169
9724,1,0.504,0.169
9725,1,0.499,0.171
9726,1,0.492,0.171
9727,1,0.487,0.173
9728,1,0.480,0.177
9729,1,0.476,0.178
9730,1,0.471,0.185
9731,1,0.467,0.190
9732,1,0.463,0.196
9733,1,0.457,0.205
9734,1,0.453,0.206
9735,1,0.449,0.211
9736,1,0.447,0.199
9737,1,0.443,0.188
9738,1,0.445,0.181
9739,1,0.441,0.171
9740,1,0.443,0.169
9741,1,0.435,0.159
9742,1,0.433,0.153
9743,1,0.431,0.150
9744,1,0.430,0.147
9745,1,0.429,0.146
9746,1,0.434,0.144
9747,1,0.435,0.137
9748,1,0.436,0.135
9749,1,0.438,0.134
9750,1,0.437,0.127
9751,1,0.444,0.133
9752,1,0.438,0.130
9753,1,0.441,0.127
9754,1,0.443,0.125
9755,1,0.444,0.127
9756,1,0.446,0.131
9757,1,0.444,0.128
9758,1,0.447,0.134
9759,1,0.447,0.134
9760,1,0.452,0.146
9761,1,0.453,0.156
9762,1,0.449,0.159
9763,1,0.451,0.169
9764,1,0.451,0.185
9765,1,0.453,0.193
9766,1,0.453,0.205
9767,1,0.453,0.224
9768,1,0.454,0.242
9769,1,0.452,0.262
9770,1,0.455,0.287
9771,1,0.453,0.316
9772,1,0.451,0.345
9773,1,0.455,0.382
9774,1,0.455,0.410
9775,1,0.453,0.445
9776,1,0.453,0.484
9777,1,0.452,0.538
9778,1,0.451,0.589
9779,1,0.451,0.645
9780,1,0.446,0.660
9781,1,0.441,0.659
9782,1,0.441,0.661
9783,1,0.439,0.675
9784,1,0.430,0.679
9785,1,0.426,0.694
9786,1,0.425,0.704
9787,1,0.421,0.681
9788,1,0.422,0.597
9789,1,0.425,0.526
9790,1,0.424,0.464
9791,1,0.427,0.409
9792,1,0.428,0.359
9793,1,0.429,0.319
9794,1,0.429,0.276
9795,1,0.430,0.238
9796,1,0.430,0.218
9797,1,0.431,0.194
9798,1,0.434,0.172
9799,1,0.432,0.152
9800,1,0.433,0.133
9801,1,0.436,0.128
9802,1,0.437,0.111
9803,1,0.436,0.101
9804,1,0.437,0.100
9805,1,0.439,0.098
9806,1,0.440,0.093
9807,1,0.442,0.093
9808,1,0.441,0.095
9809,1,0.441,0.092
9810,1,0.441,0.091
9811,1,0.443,0.104
9812,1,0.444,0.109
9813,1,0.443,0.114
9814,1,0.444,0.120
9815,1,0.445,0.124
9816,1,0.444,0.136
9817,1,0.448,0.141
9818,1,0.447,0.159
9819,1,0.448,0.169
9820,1,0.449,0.179
9821,1,0.454,0.186
9822,1,0.457,0.205
9823,1,0.464,0.217
9824,1,0.472,0.240
9825,1,0.479,0.262
9826,1,0.482,0.278
9827,1,0.490,0.312
9828,1,0.496,0.340
9829,1,0.503,0.381
9830,1,0.511,0.423
9831,1,0.519,0.463
9832,1,0.527,0.521
9833,1,0.539,0.587
9834,1,0.543,0.613
9835,1,0.550,0.628
9836,1,0.558,0.649
9837,1,0.567,0.687
9838,1,0.580,0.723
9839,1,0.586,0.759
9840,1,0.596,0.827
9841,1,0.608,0.885
9842,1,0.621,0.943
9843,0,-1.000,-1.000
9844,1,0.336,0.442
9845,1,0.360,0.379
9846,1,0.383,0.348
9847,1,0.399,0.308
9848,1,0.417,0.277
9849,1,0.434,0.253
9850,1,0.445,0.229
9851,1,0.458,0.214
9852,1,0.469,0.202
9853,1,0.480,0.192
9854,1,0.490,0.185
9855,1,0.499,0.174
9856,1,0.505,0.169
9857,1,0.514,0.168
9858,1,0.520,0.165
9859,1,0.526,0.168
9860,1,0.535,0.169
9861,1,0.543,0.170
9862,1,0.546,0.173
9863,1,0.554,0.180
9864,1,0.556,0.184
9865,1,0.565,0.190
9866,1,0.568,0.193
9867,1,0.569,0.197
9868,1,0.577,0.206
9869,1,0.580,0.203
9870,1,0.583,0.193
9871,1,0.584,0.172
9872,1,0.590,0.174
9873,1,0.593,0.161
9874,1,0.595,0.156
9875,1,0.600,0.155
9876,1,0.601,0.144
9877,1,0.604,0.144
9878,1,0.605,0.143
9879,1,0.612,0.141
9880,0,-1.000,-1.000
9881,1,0.614,0.126
9882,1,0.618,0.124
9883,1,0.617,0.109
9884,1,0.620,0.105
9885,1,0.620,0.098
9886,1,0.622,0.089
9887,1,0.622,0.091
9888,1,0.626,0.094
9889,1,0.626,0.078
9890,1,0.631,0.077
9891,1,0.631,0.071
9892,1,0.629,0.063
9893,1,0.632,0.061
9894,1,0.632,0.057
9895,1,0.634,0.062
9896,1,0.636,0.059
9897,1,0.637,0.059
9898,1,0.638,0.062
9899,1,0.640,0.064
9900,1,0.641,0.069
9901,1,0.642,0.073
9902,1,0.642,0.080
9903,1,0.646,0.086
9904,1,0.644,0.093
9905,1,0.643,0.105
9906,1,0.646,0.115
9907,1,0.645,0.129
9908,1,0.646,0.137
9909,1,0.649,0.156
9910,1,0.648,0.175
9911,1,0.650,0.191
9912,1,0.650,0.210
9913,1,0.652,0.243
9914,1,0.648,0.270
9915,1,0.649,0.303
9916,1,0.651,0.330
9917,1,0.649,0.363
9918,1,0.650,0.403
9919,1,0.648,0.441
9920,1,0.648,0.488
9921,1,0.648,0.519
9922,0,-1.000,-1.000
9923,1,0.648,0.515
9924,1,0.650,0.513
9925,1,0.654,0.506
9926,1,0.656,0.497
9927,1,0.653,0.492
9928,1,0.653,0.492
9929,1,0.655,0.489
9930,1,0.656,0.491
9931,1,0.656,0.492
9932,1,0.655,0.499
9933,0,-1.000,-1.000
9934,1,0.644,0.394
9935,1,0.644,0.343
9936,1,0.636,0.304
9937,1,0.633,0.269
9938,1,0.631,0.244
9939,1,0.629,0.221
9940,1,0.628,0.209
9941,1,0.624,0.192
9942,1,0.622,0.178
9943,1,0.620,0.163
9944,1,0.620,0.161
9945,1,0.620,0.148
9946,1,0.618,0.155
9947,1,0.616,0.150
9948,1,0.617,0.149
9949,1,0.612,0.135
9950,1,0.610,0.146
9951,1,0.606,0.129
9952,1,0.607,0.134
9953,1,0.605,0.139
9954,1,0.602,0.142
9955,1,0.598,0.147
9956,1,0.593,0.147
9957,1,0.590,0.149
9958,1,0.588,0.164
9959,1,0.583,0.172
9960,1,0.580,0.182
9961,1,0.576,0.198
9962,1,0.570,0.211
9963,1,0.566,0.229
9964,1,0.561,0.250
9965,1,0.557,0.267
9966,1,0.550,0.287
9967,1,0.543,0.320
9968,1,0.536,0.358
9969,1,0.530,0.386
9970,1,0.524,0.425
9971,1,0.517,0.464
9972,1,0.508,0.504
9973,0,-1.000,-1.000
9974,0,-1.000,-1.000
9975,0,-1.000,-1.000
9976,0,-1.000,-1.000
9977,1,0.484,0.321
9978,1,0.482,0.302
9979,1,0.476,0.280
9980,1,0.472,0.257
9981,1,0.470,0.239
9982,1,0.467,0.230
9983,1,0.464,0.219
9984,1,0.462,0.210
9985,1,0.458,0.209
9986,1,0.457,0.199
9987,1,0.455,0.199
9988,1,0.454,0.195
9989,1,0.453,0.196
9990,1,0.450,0.195
9991,1,0.448,0.199
9992,1,0.454,0.200
9993,1,0.461,0.206
9994,1,0.465,0.209
9995,1,0.470,0.215
9996,1,0.480,0.226
9997,1,0.485,0.236
9998,1,0.492,0.245
9999,1,0.500,0.258
10000,1,0.510,0.285
10001,1,0.516,0.297
10002,1,0.524,0.319
10003,1,0.534,0.350
10004,1,0.546,0.379
10005,1,0.549,0.369
10006,1,0.553,0.346
10007,1,0.555,0.316
10008,1,0.556,0.295
10009,1,0.555,0.269
10010,1,0.558,0.251
10011,1,0.561,0.235
10012,1,0.561,0.219
10013,1,0.564,0.205
10014,1,0.565,0.194
10015,1,0.567,0.182
10016,1,0.568,0.176
10017,1,0.569,0.163
10018,1,0.571,0.157
10019,1,0.572,0.154
10020,1,0.573,0.156
10021,1,0.575,0.156
10022,1,0.575,0.155
10023,1,0.577,0.162
10024,1,0.577,0.158
10025,1,0.579,0.165
10026,1,0.580,0.169
10027,1,0.580,0.174
10028,1,0.583,0.179
10029,1,0.584,0.191
10030,1,0.583,0.200
10031,1,0.583,0.211
10032,1,0.586,0.218
10033,1,0.585,0.226
10034,1,0.585,0.236
10035,1,0.587,0.228
10036,1,0.585,0.218
10037,1,0.587,0.203
10038,1,0.588,0.194
10039,1,0.589,0.185
10040,1,0.588,0.181
10041,1,0.589,0.175
10042,1,0.589,0.166
10043,1,0.588,0.161
10044,1,0.591,0.157
10045,1,0.588,0.161
10046,1,0.590,0.156
10047,1,0.589,0.160
10048,1,0.589,0.160
10049,1,0.589,0.164
10050,1,0.591,0.171
10051,1,0.591,0.171
10052,1,0.590,0.185
10053,1,0.589,0.200
10054,1,0.590,0.210
10055,1,0.589,0.219
10056,1,0.589,0.238
10057,1,0.585,0.252
10058,1,0.587,0.269
10059,1,0.586,0.290
10060,1,0.585,0.314
10061,1,0.584,0.333
10062,1,0.584,0.362
10063,1,0.583,0.385
10064,1,0.582,0.419
10065,1,0.581,0.448
10066,1,0.582,0.440
10067,1,0.581,0.424
10068,1,0.584,0.416
10069,1,0.582,0.408
10070,1,0.583,0.404
10071,1,0.581,0.400
10072,0,-1.000,-1.000
10073,1,0.584,0.381
10074,1,0.585,0.385
10075,0,-1.000,-1.000
10076,0,-1.000,-1.000
10077,0,-1.000,-1.000
10078,1,0.520,0.268
10079,1,0.507,0.253
10080,1,0.495,0.232
10081,1,0.483,0.215
10082,1,0.475,0.207
10083,1,0.467,0.200
10084,1,0.456,0.189
10085,1,0.449,0.183
10086,1,0.445,0.185
10087,1,0.439,0.181
10088,0,-1.000,-1.000
10089,1,0.441,0.175
10090,1,0.448,0.176
10091,1,0.455,0.172
10092,1,0.461,0.168
10093,1,0.467,0.170
10094,1,0.474,0.171
10095,1,0.485,0.179
10096,1,0.491,0.183
10097,1,0.499,0.185
10098,1,0.509,0.192
10099,1,0.516,0.198
10100,1,0.524,0.212
10101,1,0.534,0.221
10102,1,0.545,0.237
10103,1,0.553,0.251
10104,1,0.562,0.268
10105,1,0.573,0.288
10106,1,0.583,0.308
10107,1,0.594,0.332
10108,1,0.607,0.355
10109,1,0.618,0.387
10110,1,0.631,0.416
10111,1,0.637,0.430
10112,1,0.645,0.421
10113,1,0.653,0.415
10114,1,0.662,0.412
10115,1,0.666,0.400
10116,1,0.674,0.402
10117,1,0.683,0.404
10118,0,-1.000,-1.000
10119,0,-1.000,-1.000
10120,1,0.689,0.383
10121,1,0.670,0.355
10122,1,0.650,0.321
10123,1,0.633,0.294
10124,1,0.618,0.273
10125,1,0.599,0.253
10126,1,0.586,0.234
10127,1,0.571,0.218
10128,1,0.555,0.203
10129,1,0.543,0.194
10130,1,0.529,0.187
10131,1,0.520,0.176
10132,1,0.506,0.171
10133,1,0.495,0.169
10134,1,0.483,0.161
10135,1,0.471,0.160
10136,1,0.461,0.160
10137,1,0.454,0.163
10138,1,0.443,0.165
10139,1,0.432,0.169
10140,1,0.425,0.175
10141,1,0.416,0.179
10142,1,0.408,0.186
10143,1,0.401,0.194
10144,1,0.393,0.204
10145,1,0.387,0.211
10146,1,0.381,0.220
10147,0,-1.000,-1.000
10148,0,-1.000,-1.000
10149,1,0.365,0.253
10150,0,-1.000,-1.000
10151,1,0.377,0.228
10152,1,0.383,0.210
10153,1,0.389,0.203
10154,1,0.399,0.190
10155,1,0.405,0.181
10156,1,0.413,0.170
10157,1,0.421,0.160
10158,1,0.431,0.153
10159,1,0.436,0.141
10160,1,0.446,0.144
10161,1,0.455,0.137
10162,1,0.464,0.131
10163,1,0.471,0.131
10164,1,0.480,0.131
10165,1,0.490,0.132
10166,1,0.499,0.136
10167,1,0.507,0.136
10168,1,0.517,0.142
10169,1,0.529,0.151
10170,1,0.536,0.155
10171,1,0.545,0.165
10172,1,0.555,0.175
10173,1,0.565,0.183
10174,1,0.574,0.196
10175,1,0.581,0.210
10176,1,0.593,0.229
10177,1,0.601,0.244
10178,1,0.611,0.266
10179,1,0.621,0.283
10180,1,0.630,0.301
10181,1,0.640,0.326
10182,1,0.651,0.350
10183,1,0.658,0.373
10184,1,0.663,0.369
10185,1,0.667,0.358
10186,1,0.672,0.348
10187,1,0.678,0.342
10188,1,0.681,0.330
10189,0,-1.000,-1.000
10190,0,-1.000,-1.000
10191,0,-1.000,-1.000
10192,0,-1.000,-1.000
10193,0,-1.000,-1.000
10194,0,-1.000,-1.000
10195,0,-1.000,-1.000
10196,0,-1.000,-1.000
10197,1,0.637,0.255
10198,1,0.614,0.240
10199,1,0.589,0.220
10200,1,0.567,0.207
10201,1,0.548,0.197
10202,1,0.531,0.194
10203,1,0.514,0.185
10204,1,0.496,0.178
10205,1,0.482,0.174
10206,1,0.467,0.176
10207,1,0.453,0.174
10208,0,-1.000,-1.000
10209,1,0.447,0.171
10210,1,0.454,0.168
10211,1,0.461,0.160
10212,1,0.465,0.157
10213,1,0.473,0.155
10214,1,0.478,0.153
10215,1,0.485,0.151
10216,1,0.491,0.151
10217,1,0.499,0.156
10218,1,0.509,0.156
10219,1,0.515,0.158
10220,1,0.526,0.168
10221,1,0.533,0.173
10222,0,-1.000,-1.000
10223,1,0.549,0.193
10224,1,0.560,0.205
10225,1,0.569,0.212
10226,1,0.579,0.235
10227,1,0.590,0.254
10228,1,0.602,0.269
10229,1,0.602,0.272
10230,1,0.585,0.252
10231,1,0.566,0.234
10232,1,0.556,0.219
10233,1,0.541,0.207
10234,1,0.529,0.194
10235,1,0.515,0.187
10236,1,0.502,0.180
10237,1,0.494,0.175
10238,1,0.486,0.177
10239,1,0.473,0.175
10240,1,0.469,0.173
10241,1,0.459,0.172
10242,1,0.449,0.172
10243,1,0.442,0.173
10244,1,0.436,0.181
10245,1,0.429,0.186
10246,1,0.426,0.185
10247,1,0.430,0.177
10248,1,0.431,0.169
10249,1,0.434,0.164
10250,1,0.440,0.156
10251,1,0.440,0.148
10252,1,0.445,0.147
10253,1,0.453,0.144
10254,1,0.455,0.142
10255,1,0.461,0.144
10256,1,0.463,0.134
10257,1,0.467,0.144
10258,1,0.473,0.142
10259,1,0.476,0.151
10260,1,0.481,0.148
10261,1,0.486,0.160
10262,1,0.493,0.171
10263,1,0.499,0.181
10264,1,0.502,0.191
10265,1,0.508,0.206
10266,1,0.513,0.217
10267,1,0.520,0.236
10268,1,0.525,0.256
10269,1,0.531,0.269
10270,0,-1.000,-1.000
10271,0,-1.000,-1.000
10272,0,-1.000,-1.000
10273,0,-1.000,-1.000
10274,0,-1.000,-1.000
10275,1,0.474,0.199
10276,1,0.470,0.190
10277,1,0.462,0.183
10278,1,0.456,0.181
10279,1,0.450,0.183
10280,1,0.445,0.184
10281,1,0.441,0.180
10282,1,0.436,0.180
10283,1,0.439,0.180
10284,1,0.443,0.169
10285,1,0.447,0.157
10286,1,0.451,0.153
10287,1,0.455,0.146
10288,1,0.460,0.139
10289,1,0.465,0.132
10290,1,0.470,0.131
10291,1,0.473,0.128
10292,1,0.477,0.128
10293,1,0.483,0.127
10294,1,0.487,0.124
10295,1,0.493,0.129
10296,1,0.499,0.130
10297,1,0.502,0.135
10298,1,0.508,0.142
10299,1,0.514,0.149
10300,1,0.521,0.155
10301,1,0.528,0.168
10302,1,0.533,0.177
10303,1,0.537,0.187
10304,1,0.546,0.205
10305,1,0.549,0.221
10306,1,0.561,0.242
10307,1,0.564,0.255
10308,1,0.570,0.274
10309,1,0.578,0.292
10310,1,0.583,0.318
10311,1,0.587,0.304
10312,1,0.587,0.284
10313,1,0.589,0.264
10314,1,0.591,0.249
10315,1,0.591,0.229
10316,1,0.594,0.217
10317,1,0.594,0.202
10318,1,0.595,0.195
10319,1,0.595,0.182
10320,1,0.595,0.178
10321,1,0.596,0.170
10322,1,0.597,0.165
10323,1,0.597,0.166
10324,1,0.601,0.164
10325,1,0.600,0.161
10326,1,0.601,0.161
10327,1,0.600,0.164
10328,1,0.602,0.170
10329,1,0.602,0.174
10330,1,0.602,0.176
10331,1,0.602,0.182
10332,1,0.603,0.186
10333,1,0.603,0.194
10334,1,0.601,0.202
10335,1,0.602,0.214
10336,1,0.602,0.218
10337,0,-1.000,-1.000
10338,1,0.602,0.242
10339,0,-1.000,-1.000
10340,1,0.604,0.220
10341,1,0.604,0.209
10342,1,0.604,0.201
10343,1,0.605,0.196
10344,1,0.607,0.186
10345,1,0.606,0.185
10346,1,0.606,0.180
10347,1,0.605,0.175
10348,1,0.606,0.177
10349,1,0.606,0.171
10350,1,0.606,0.168
10351,1,0.608,0.161
10352,1,0.608,0.164
10353,1,0.611,0.155
10354,1,0.610,0.155
10355,1,0.614,0.156
10356,1,0.611,0.158
10357,1,0.614,0.157
10358,1,0.614,0.160
10359,1,0.614,0.164
10360,1,0.614,0.173
10361,1,0.616,0.178
10362,1,0.616,0.181
10363,1,0.618,0.194
10364,1,0.617,0.200
10365,1,0.618,0.218
10366,1,0.619,0.229
10367,1,0.620,0.241
10368,1,0.620,0.262
10369,1,0.620,0.273
10370,1,0.622,0.297
10371,1,0.481,0.094
10372,1,0.486,0.101
10373,1,0.491,0.105
10374,1,0.497,0.107
10375,1,0.505,0.116
10376,1,0.511,0.126
10377,1,0.516,0.139
10378,1,0.523,0.153
10379,1,0.530,0.166
10380,1,0.537,0.189
10381,1,0.546,0.210
10382,1,0.554,0.230
10383,1,0.561,0.259
10384,1,0.570,0.289
10385,1,0.579,0.318
10386,1,0.589,0.358
10387,1,0.596,0.392
10388,1,0.607,0.437
10389,1,0.619,0.485
10390,1,0.627,0.500
10391,1,0.639,0.498
10392,1,0.646,0.491
10393,1,0.659,0.499
10394,1,0.672,0.499
10395,1,0.683,0.511
10396,1,0.697,0.516
10397,1,0.711,0.530
10398,1,0.725,0.544
10399,1,0.739,0.559
10400,1,0.755,0.588
10401,0,-1.000,-1.000
10402,0,-1.000,-1.000
10403,0,-1.000,-1.000
10404,0,-1.000,-1.000
10405,1,0.765,0.529
10406,1,0.746,0.464
10407,1,0.726,0.408
10408,1,0.714,0.361
10409,1,0.696,0.319
10410,1,0.684,0.287
10411,1,0.671,0.256
10412,1,0.662,0.236
10413,1,0.655,0.219
10414,1,0.644,0.201
10415,1,0.637,0.184
10416,1,0.630,0.182
10417,1,0.623,0.168
10418,1,0.617,0.164
10419,1,0.611,0.163
10420,1,0.608,0.155
10421,1,0.603,0.158
10422,1,0.599,0.156
10423,1,0.595,0.157
10424,1,0.588,0.167
10425,1,0.585,0.165
10426,1,0.583,0.169
10427,1,0.582,0.176
10428,1,0.579,0.181
10429,1,0.576,0.186
10430,1,0.574,0.194
10431,1,0.572,0.199
10432,1,0.569,0.211
10433,1,0.564,0.218
10434,1,0.566,0.209
10435,1,0.565,0.196
10436,1,0.564,0.187
10437,1,0.562,0.176
10438,1,0.561,0.170
10439,1,0.559,0.164
10440,1,0.557,0.163
10441,1,0.557,0.154
10442,1,0.556,0.152
10443,1,0.555,0.148
10444,1,0.554,0.150
10445,1,0.559,0.144
10446,1,0.562,0.144
10447,1,0.565,0.142
10448,1,0.570,0.148
10449,1,0.573,0.142
10450,1,0.580,0.146
10451,1,0.582,0.145
10452,1,0.583,0.145
10453,1,0.589,0.155
10454,1,0.596,0.170
10455,1,0.597,0.171
10456,1,0.602,0.178
10457,1,0.607,0.192
10458,1,0.611,0.207
10459,1,0.619,0.226
10460,1,0.620,0.239
10461,0,-1.000,-1.000
10462,1,0.591,0.205
10463,1,0.578,0.187
10464,1,0.567,0.177
10465,1,0.557,0.163
10466,1,0.548,0.159
10467,1,0.536,0.156
10468,1,0.530,0.148
10469,1,0.518,0.144
10470,1,0.512,0.147
10471,1,0.504,0.147
10472,1,0.498,0.145
10473,1,0.493,0.145
10474,1,0.487,0.153
10475,1,0.482,0.152
10476,1,0.476,0.159
10477,1,0.473,0.162
10478,1,0.469,0.166
10479,1,0.461,0.175
10480,1,0.458,0.181
10481,1,0.454,0.187
10482,1,0.449,0.194
10483,1,0.449,0.186
10484,1,0.445,0.181
10485,1,0.444,0.173
10486,1,0.444,0.165
10487,1,0.445,0.159
10488,1,0.448,0.146
10489,1,0.451,0.143
10490,1,0.453,0.131
10491,1,0.457,0.122
10492,1,0.462,0.113
10493,1,0.467,0.106
10494,1,0.471,0.099
10495,1,0.473,0.091
10496,1,0.479,0.081
10497,1,0.482,0.077
10498,1,0.486,0.075
10499,1,0.493,0.071
10500,1,0.496,0.069
10501,1,0.501,0.070
10502,1,0.508,0.071
10503,1,0.513,0.070
10504,1,0.516,0.069
10505,1,0.521,0.075
10506,1,0.527,0.075
10507,1,0.534,0.085
10508,1,0.536,0.091
10509,1,0.543,0.094
10510,1,0.547,0.106
10511,1,0.555,0.117
10512,1,0.561,0.126
10513,1,0.567,0.135
10514,1,0.574,0.157
10515,1,0.582,0.174
10516,1,0.586,0.187
10517,1,0.592,0.207
10518,0,-1.000,-1.000
10519,1,0.606,0.251
10520,1,0.611,0.275
10521,1,0.618,0.299
10522,0,-1.000,-1.000
10523,0,-1.000,-1.000
10524,1,0.583,0.244
10525,1,0.570,0.221
10526,1,0.555,0.202
10527,1,0.545,0.193
10528,1,0.534,0.180
10529,1,0.523,0.169
10530,1,0.514,0.163
10531,1,0.506,0.156
10532,1,0.496,0.156
10533,1,0.489,0.148
10534,1,0.480,0.146
10535,1,0.471,0.148
10536,1,0.465,0.149
10537,1,0.457,0.149
10538,1,0.452,0.151
10539,1,0.445,0.157
10540,1,0.440,0.161
10541,1,0.437,0.165
10542,1,0.429,0.171
10543,1,0.424,0.179
10544,1,0.419,0.188
10545,1,0.414,0.193
10546,1,0.409,0.202
10547,1,0.406,0.201
10548,1,0.403,0.181
10549,1,0.398,0.175
10550,1,0.394,0.168
10551,1,0.390,0.160
10552,1,0.386,0.157
10553,1,0.383,0.149
10554,1,0.379,0.146
10555,1,0.377,0.138
10556,1,0.379,0.131
10557,1,0.384,0.121
10558,1,0.390,0.116
10559,1,0.394,0.104
10560,1,0.401,0.093
10561,1,0.405,0.083
10562,1,0.412,0.078
10563,1,0.418,0.068
10564,1,0.423,0.065
10565,1,0.429,0.056
10566,1,0.435,0.056
10567,1,0.443,0.049
10568,1,0.451,0.044
10569,1,0.454,0.042
10570,1,0.463,0.040
10571,1,0.471,0.041
10572,1,0.479,0.036
10573,1,0.485,0.039
10574,1,0.492,0.039
10575,1,0.505,0.046
10576,1,0.514,0.051
10577,1,0.523,0.059
10578,1,0.527,0.058
10579,1,0.537,0.064
10580,1,0.547,0.081
10581,1,0.554,0.088
10582,1,0.566,0.100
10583,1,0.577,0.114
10584,1,0.586,0.127
10585,1,0.594,0.144
10586,1,0.605,0.159
10587,1,0.614,0.180
10588,1,0.624,0.201
10589,0,-1.000,-1.000
10590,0,-1.000,-1.000
10591,0,-1.000,-1.000
10592,0,-1.000,-1.000
10593,0,-1.000,-1.000
10594,1,0.586,0.217
10595,1,0.569,0.203
10596,1,0.551,0.197
10597,1,0.539,0.191
10598,1,0.526,0.191
10599,1,0.512,0.185
10600,1,0.501,0.189
10601,1,0.491,0.185
10602,1,0.479,0.192
10603,1,0.472,0.194
10604,1,0.465,0.194
10605,1,0.459,0.203
10606,1,0.449,0.208
10607,1,0.443,0.214
10608,0,-1.000,-1.000
10609,0,-1.000,-1.000
10610,0,-1.000,-1.000
10611,1,0.425,0.180
10612,1,0.422,0.169
10613,1,0.418,0.169
10614,1,0.413,0.162
10615,1,0.411,0.156
10616,1,0.408,0.156
10617,1,0.406,0.152
10618,1,0.404,0.145
10619,1,0.410,0.146
10620,1,0.415,0.137
10621,1,0.418,0.127
10622,1,0.420,0.122
10623,1,0.426,0.119
10624,1,0.428,0.112
10625,1,0.431,0.107
10626,1,0.437,0.106
10627,1,0.440,0.098
10628,1,0.444,0.099
10629,1,0.449,0.098
10630,1,0.454,0.096
10631,1,0.457,0.095
10632,1,0.461,0.098
10633,1,0.464,0.098
10634,1,0.470,0.103
10635,1,0.474,0.104
10636,1,0.481,0.113
10637,1,0.485,0.121
10638,1,0.491,0.128
10639,1,0.495,0.138
10640,1,0.501,0.153
10641,1,0.505,0.159
10642,1,0.510,0.169
10643,1,0.515,0.182
10644,1,0.520,0.198
10645,1,0.526,0.215
10646,1,0.533,0.237
10647,1,0.536,0.255
10648,1,0.542,0.271
10649,0,-1.000,-1.000
10650,0,-1.000,-1.000
10651,0,-1.000,-1.000
10652,0,-1.000,-1.000
10653,0,-1.000,-1.000
10654,0,-1.000,-1.000
10655,0,-1.000,-1.000
10656,1,0.549,0.327
10657,0,-1.000,-1.000
10658,0,-1.000,-1.000
10659,0,-1.000,-1.000
10660,0,-1.000,-1.000
10661,1,0.505,0.247
10662,1,0.496,0.238
10663,1,0.490,0.231
10664,1,0.480,0.219
10665,1,0.470,0.217
10666,1,0.467,0.211
10667,1,0.458,0.205
10668,1,0.452,0.208
10669,1,0.443,0.204
10670,1,0.437,0.208
10671,1,0.430,0.208
10672,1,0.423,0.210
10673,1,0.419,0.214
10674,1,0.413,0.219
10675,1,0.407,0.224
10676,0,-1.000,-1.000
10677,1,0.396,0.239
10678,1,0.393,0.251
10679,1,0.388,0.257
10680,1,0.383,0.269
10681,1,0.380,0.281
10682,1,0.374,0.280
10683,1,0.372,0.269
10684,1,0.368,0.256
10685,1,0.365,0.250
10686,1,0.362,0.243
10687,0,-1.000,-1.000
10688,0,-1.000,-1.000
10689,0,-1.000,-1.000
10690,0,-1.000,-1.000
10691,0,-1.000,-1.000
10692,1,0.344,0.227
10693,1,0.344,0.228
10694,0,-1.000,-1.000
10695,0,-1.000,-1.000
10696,0,-1.000,-1.000
10697,1,0.357,0.208
10698,1,0.365,0.199
10699,1,0.369,0.192
10700,1,0.379,0.185
10701,1,0.384,0.181
10702,1,0.392,0.177
10703,1,0.398,0.176
10704,1,0.407,0.170
10705,1,0.415,0.174
10706,1,0.422,0.179
10707,1,0.431,0.177
10708,1,0.439,0.182
10709,1,0.448,0.189
10710,1,0.457,0.196
10711,1,0.465,0.200
10712,1,0.472,0.212
10713,0,-1.000,-1.000
10714,1,0.492,0.231
10715,1,0.500,0.244
10716,1,0.508,0.258
10717,1,0.516,0.277
10718,0,-1.000,-1.000
10719,0,-1.000,-1.000
10720,0,-1.000,-1.000
10721,0,-1.000,-1.000
10722,1,0.475,0.196
10723,1,0.470,0.187
10724,1,0.463,0.177
10725,1,0.455,0.171
10726,1,0.448,0.168
10727,1,0.441,0.162
10728,1,0.437,0.162
10729,1,0.432,0.158
10730,1,0.429,0.161
10731,1,0.415,0.167
10732,1,0.410,0.175
10733,1,0.395,0.189
10734,1,0.384,0.198
10735,1,0.374,0.213
10736,0,-1.000,-1.000
10737,1,0.359,0.244
10738,1,0.357,0.249
10739,1,0.357,0.266
10740,1,0.357,0.281
10741,1,0.357,0.293
10742,1,0.355,0.303
10743,1,0.355,0.310
10744,0,-1.000,-1.000
10745,0,-1.000,-1.000
10746,0,-1.000,-1.000
10747,0,-1.000,-1.000
10748,0,-1.000,-1.000
10749,1,0.242,0.589
10750,1,0.256,0.526
10751,1,0.270,0.469
10752,1,0.278,0.425
10753,1,0.287,0.380
10754,1,0.296,0.345
10755,1,0.306,0.313
10756,1,0.317,0.289
10757,1,0.322,0.269
10758,1,0.328,0.243
10759,1,0.335,0.229
10760,1,0.342,0.212
10761,1,0.348,0.203
10762,1,0.356,0.191
10763,1,0.361,0.183
10764,1,0.367,0.175
10765,1,0.372,0.170
10766,1,0.379,0.164
10767,1,0.383,0.161
10768,1,0.388,0.159
10769,1,0.392,0.164
10770,1,0.395,0.164
10771,1,0.402,0.167
10772,1,0.406,0.165
10773,1,0.408,0.172
10774,1,0.412,0.173
10775,1,0.419,0.180
10776,1,0.423,0.189
10777,1,0.430,0.192
10778,1,0.432,0.201
10779,1,0.435,0.205
10780,1,0.436,0.216
10781,1,0.441,0.220
10782,1,0.444,0.218
10783,1,0.446,0.206
10784,1,0.448,0.194
10785,1,0.450,0.187
10786,1,0.451,0.181
10787,1,0.453,0.173
10788,1,0.455,0.167
10789,1,0.458,0.166
10790,1,0.457,0.156
10791,1,0.461,0.157
10792,1,0.464,0.157
10793,1,0.463,0.149
10794,1,0.459,0.143
10795,0,-1.000,-1.000
10796,1,0.453,0.128
10797,1,0.448,0.121
10798,1,0.444,0.116
10799,1,0.440,0.110
10800,1,0.439,0.113
10801,1,0.432,0.106
10802,1,0.430,0.109
10803,1,0.425,0.105
10804,1,0.421,0.106
10805,1,0.418,0.106
10806,1,0.413,0.114
10807,1,0.409,0.116
10808,1,0.403,0.120
10809,1,0.401,0.126
10810,1,0.394,0.136
10811,1,0.391,0.145
10812,1,0.385,0.156
10813,1,0.380,0.168
10814,1,0.373,0.181
10815,1,0.371,0.191
10816,1,0.363,0.208
10817,1,0.361,0.228
10818,0,-1.000,-1.000
10819,0,-1.000,-1.000
10820,1,0.342,0.288
10821,1,0.339,0.313
10822,1,0.331,0.333
10823,1,0.324,0.366
10824,0,-1.000,-1.000
10825,1,0.315,0.365
10826,1,0.312,0.349
10827,1,0.308,0.350
10828,1,0.305,0.344
10829,1,0.300,0.338
10830,1,0.296,0.337
10831,1,0.292,0.339
10832,1,0.286,0.336
10833,0,-1.000,-1.000
10834,0,-1.000,-1.000
10835,1,0.283,0.318
10836,1,0.293,0.298
10837,1,0.299,0.279
10838,1,0.302,0.263
10839,1,0.303,0.246
10840,0,-1.000,-1.000
10841,0,-1.000,-1.000
10842,0,-1.000,-1.000
10843,0,-1.000,-1.000
10844,1,0.330,0.202
10845,1,0.330,0.194
10846,1,0.334,0.193
10847,1,0.338,0.193
10848,1,0.345,0.189
10849,1,0.348,0.192
10850,1,0.350,0.190
10851,1,0.353,0.194
10852,1,0.355,0.194
10853,1,0.358,0.203
10854,1,0.362,0.209
10855,1,0.367,0.213
10856,0,-1.000,-1.000
10857,0,-1.000,-1.000
10858,0,-1.000,-1.000
10859,0,-1.000,-1.000
10860,0,-1.000,-1.000
10861,0,-1.000,-1.000
10862,0,-1.000,-1.000
10863,0,-1.000,-1.000
10864,0,-1.000,-1.000
10865,0,-1.000,-1.000
10866,1,0.385,0.216
10867,1,0.386,0.204
10868,1,0.389,0.206
10869,1,0.388,0.199
10870,1,0.385,0.199
10871,1,0.388,0.195
10872,1,0.389,0.196
10873,0,-1.000,-1.000
10874,0,-1.000,-1.000
10875,1,0.396,0.188
10876,1,0.406,0.181
10877,1,0.411,0.169
10878,1,0.417,0.159
10879,1,0.427,0.155
10880,1,0.432,0.150
10881,1,0.442,0.146
10882,1,0.445,0.139
10883,1,0.456,0.134
10884,1,0.465,0.137
10885,1,0.473,0.137
10886,1,0.480,0.139
10887,1,0.487,0.139
10888,1,0.497,0.140
10889,1,0.506,0.146
10890,1,0.515,0.153
10891,1,0.522,0.154
10892,1,0.531,0.161
10893,1,0.541,0.171
10894,1,0.551,0.182
10895,1,0.560,0.196
10896,1,0.568,0.209
10897,1,0.577,0.224
10898,1,0.586,0.240
10899,1,0.594,0.256
10900,1,0.606,0.276
10901,1,0.615,0.294
10902,1,0.624,0.317
10903,1,0.633,0.337
10904,1,0.641,0.358
10905,0,-1.000,-1.000
10906,0,-1.000,-1.000
10907,0,-1.000,-1.000
10908,0,-1.000,-1.000
10909,0,-1.000,-1.000
10910,0,-1.000,-1.000
10911,0,-1.000,-1.000
10912,0,-1.000,-1.000
10913,0,-1.000,-1.000
10914,0,-1.000,-1.000
10915,1,0.656,0.281
10916,1,0.640,0.256
10917,1,0.622,0.241
10918,1,0.604,0.223
10919,1,0.587,0.211
10920,1,0.573,0.199
10921,1,0.553,0.193
10922,1,0.540,0.181
10923,1,0.527,0.176
10924,1,0.514,0.171
10925,1,0.502,0.169
10926,1,0.489,0.167
10927,1,0.479,0.169
10928,1,0.463,0.168
10929,1,0.457,0.169
10930,1,0.444,0.171
10931,1,0.433,0.181
10932,1,0.425,0.185
10933,0,-1.000,-1.000
10934,0,-1.000,-1.000
10935,0,-1.000,-1.000
10936,0,-1.000,-1.000
10937,1,0.428,0.187
10938,1,0.436,0.182
10939,1,0.441,0.180
10940,1,0.453,0.180
10941,1,0.458,0.181
10942,1,0.466,0.182
10943,1,0.474,0.185
10944,1,0.483,0.184
10945,1,0.493,0.189
10946,1,0.499,0.194
10947,1,0.509,0.204
10948,1,0.518,0.209
10949,1,0.527,0.219
10950,1,0.537,0.232
10951,1,0.546,0.245
10952,1,0.555,0.257
10953,1,0.565,0.279
10954,1,0.576,0.292
10955,1,0.585,0.305
10956,1,0.593,0.327
10957,1,0.605,0.348
10958,1,0.614,0.364
10959,1,0.619,0.351
10960,1,0.624,0.344
10961,1,0.628,0.340
10962,1,0.634,0.337
10963,1,0.639,0.333
10964,1,0.645,0.330
10965,1,0.649,0.327
10966,1,0.655,0.330
10967,0,-1.000,-1.000
10968,0,-1.000,-1.000
10969,1,0.654,0.320
10970,1,0.642,0.296
10971,1,0.629,0.281
10972,1,0.618,0.268
10973,1,0.608,0.258
10974,1,0.594,0.244
10975,1,0.586,0.236
10976,1,0.573,0.223
10977,1,0.565,0.217
10978,1,0.557,0.215
10979,1,0.546,0.205
10980,1,0.537,0.205
10981,1,0.530,0.207
10982,1,0.519,0.206
10983,1,0.515,0.207
10984,1,0.506,0.209
10985,1,0.498,0.216
10986,1,0.495,0.218
10987,1,0.487,0.218
10988,1,0.483,0.225
10989,1,0.491,0.217
10990,1,0.497,0.219
10991,1,0.506,0.219
10992,1,0.514,0.219
10993,1,0.521,0.222
10994,1,0.533,0.220
10995,1,0.541,0.231
10996,1,0.550,0.242
10997,1,0.559,0.248
10998,1,0.570,0.259
10999,1,0.577,0.268
11000,1,0.588,0.256
11001,1,0.590,0.238
11002,1,0.594,0.214
11003,1,0.597,0.201
11004,1,0.599,0.183
11005,1,0.601,0.179
11006,1,0.603,0.171
11007,1,0.605,0.161
11008,1,0.608,0.154
11009,1,0.609,0.152
11010,1,0.612,0.150
11011,1,0.613,0.154
11012,1,0.614,0.149
11013,1,0.617,0.150
11014,1,0.618,0.148
11015,1,0.619,0.152
11016,1,0.620,0.156
11017,1,0.622,0.163
11018,1,0.623,0.168
11019,1,0.624,0.173
11020,1,0.625,0.176
11021,1,0.626,0.183
11022,1,0.627,0.190
11023,1,0.627,0.199
11024,1,0.628,0.198
11025,1,0.631,0.185
11026,1,0.632,0.171
11027,1,0.635,0.169
11028,1,0.635,0.161
11029,1,0.637,0.152
11030,1,0.440,0.156
11031,1,0.438,0.156
11032,1,0.438,0.162
11033,1,0.435,0.170
11034,1,0.432,0.178
11035,1,0.431,0.179
11036,1,0.428,0.190
11037,1,0.426,0.195
11038,1,0.425,0.194
11039,1,0.424,0.183
11040,1,0.422,0.169
11041,1,0.420,0.156
11042,1,0.421,0.148
11043,1,0.418,0.138
11044,0,-1.000,-1.000
11045,1,0.417,0.129
11046,1,0.415,0.123
11047,1,0.414,0.119
11048,1,0.414,0.116
11049,1,0.413,0.108
11050,1,0.411,0.107
11051,1,0.410,0.102
11052,1,0.407,0.106
11053,1,0.406,0.102
11054,1,0.405,0.102
11055,1,0.403,0.102
11056,1,0.403,0.102
11057,1,0.401,0.107
11058,1,0.398,0.108
11059,1,0.397,0.110
11060,1,0.394,0.118
11061,1,0.393,0.119
11062,1,0.391,0.131
11063,1,0.389,0.138
11064,1,0.385,0.142
11065,1,0.383,0.156
11066,1,0.379,0.167
11067,1,0.378,0.180
11068,1,0.375,0.201
11069,1,0.371,0.211
11070,1,0.370,0.232
11071,1,0.366,0.256
11072,1,0.363,0.289
11073,1,0.359,0.306
11074,1,0.356,0.330
11075,1,0.350,0.363
11076,1,0.348,0.394
11077,1,0.344,0.425
11078,1,0.341,0.466
11079,1,0.335,0.495
11080,1,0.332,0.482
11081,1,0.329,0.488
11082,0,-1.000,-1.000
11083,0,-1.000,-1.000
11084,0,-1.000,-1.000
11085,0,-1.000,-1.000
11086,0,-1.000,-1.000
11087,0,-1.000,-1.000
11088,0,-1.000,-1.000
11089,0,-1.000,-1.000
11090,0,-1.000,-1.000
11091,0,-1.000,-1.000
11092,0,-1.000,-1.000
11093,1,0.305,0.322
11094,1,0.316,0.289
11095,1,0.319,0.263
11096,1,0.325,0.241
11097,1,0.329,0.219
11098,1,0.333,0.206
11099,1,0.335,0.192
11100,1,0.341,0.177
11101,1,0.343,0.167
11102,1,0.349,0.160
11103,1,0.352,0.155
11104,1,0.356,0.149
11105,1,0.359,0.144
11106,1,0.362,0.142
11107,1,0.364,0.147
11108,1,0.367,0.144
11109,1,0.370,0.151
11110,1,0.375,0.153
11111,1,0.378,0.158
11112,1,0.380,0.162
11113,1,0.382,0.169
11114,1,0.384,0.172
11115,1,0.388,0.186
11116,1,0.390,0.194
11117,1,0.393,0.208
11118,1,0.395,0.214
11119,1,0.396,0.220
11120,0,-1.000,-1.000
11121,0,-1.000,-1.000
11122,0,-1.000,-1.000
11123,0,-1.000,-1.000
11124,1,0.423,0.219
11125,1,0.426,0.208
11126,1,0.435,0.203
11127,1,0.443,0.195
11128,1,0.450,0.189
11129,1,0.457,0.183
11130,1,0.464,0.183
11131,1,0.471,0.179
11132,1,0.478,0.181
11133,1,0.485,0.181
11134,1,0.497,0.180
11135,1,0.503,0.187
11136,1,0.513,0.189
11137,1,0.522,0.196
11138,1,0.530,0.198
11139,1,0.538,0.210
11140,1,0.546,0.219
11141,1,0.555,0.231
11142,1,0.565,0.242
11143,1,0.575,0.260
11144,1,0.585,0.281
11145,1,0.592,0.291
11146,1,0.601,0.306
11147,1,0.610,0.327
11148,1,0.621,0.319
11149,1,0.623,0.294
11150,1,0.625,0.276
11151,1,0.627,0.261
11152,1,0.631,0.246
11153,1,0.629,0.231
11154,1,0.630,0.219
11155,1,0.632,0.208
11156,1,0.633,0.201
11157,1,0.633,0.192
11158,1,0.636,0.191
11159,1,0.636,0.182
11160,1,0.639,0.180
11161,1,0.637,0.176
11162,1,0.638,0.177
11163,1,0.639,0.181
11164,1,0.639,0.181
11165,1,0.640,0.183
11166,1,0.641,0.188
11167,1,0.644,0.194
11168,1,0.641,0.198
11169,1,0.641,0.206
11170,1,0.641,0.212
11171,0,-1.000,-1.000
11172,0,-1.000,-1.000
11173,0,-1.000,-1.000
11174,0,-1.000,-1.000
11175,0,-1.000,-1.000
11176,0,-1.000,-1.000
11177,0,-1.000,-1.000
11178,0,-1.000,-1.000
11179,1,0.646,0.239
11180,0,-1.000,-1.000
11181,0,-1.000,-1.000
11182,1,0.648,0.217
11183,1,0.647,0.214
11184,1,0.647,0.212
11185,1,0.649,0.206
11186,1,0.649,0.206
11187,1,0.652,0.204
11188,1,0.653,0.198
11189,1,0.654,0.196
11190,1,0.657,0.197
11191,1,0.660,0.193
11192,1,0.661,0.194
11193,1,0.662,0.199
11194,1,0.665,0.208
11195,1,0.667,0.213
11196,1,0.668,0.220
11197,1,0.671,0.226
11198,1,0.666,0.226
11199,1,0.658,0.206
11200,1,0.649,0.194
11201,1,0.641,0.183
11202,1,0.631,0.169
11203,1,0.626,0.157
11204,1,0.616,0.151
11205,1,0.613,0.138
11206,1,0.606,0.142
11207,1,0.597,0.136
11208,1,0.595,0.135
11209,1,0.591,0.132
11210,0,-1.000,-1.000
11211,0,-1.000,-1.000
11212,1,0.573,0.143
11213,1,0.569,0.137
11214,1,0.567,0.149
11215,1,0.562,0.151
11216,1,0.559,0.155
11217,1,0.552,0.149
11218,1,0.548,0.154
11219,1,0.545,0.156
11220,1,0.540,0.156
11221,1,0.533,0.160
11222,1,0.528,0.169
11223,1,0.522,0.175
11224,1,0.518,0.184
11225,1,0.509,0.195
11226,1,0.502,0.209
11227,1,0.497,0.220
11228,0,-1.000,-1.000
11229,1,0.478,0.230
11230,1,0.471,0.219
11231,1,0.463,0.205
11232,1,0.459,0.197
11233,1,0.454,0.188
11234,1,0.446,0.184
11235,1,0.441,0.175
11236,1,0.434,0.172
11237,1,0.431,0.175
11238,1,0.427,0.169
11239,1,0.423,0.172
11240,1,0.418,0.173
11241,1,0.413,0.179
11242,1,0.410,0.182
11243,1,0.407,0.183
11244,1,0.404,0.193
11245,1,0.402,0.199
11246,1,0.400,0.195
11247,1,0.407,0.181
11248,1,0.410,0.172
11249,1,0.413,0.166
11250,1,0.419,0.155
11251,1,0.422,0.149
11252,1,0.426,0.143
11253,1,0.433,0.134
11254,1,0.437,0.131
11255,1,0.443,0.128
11256,1,0.448,0.126
11257,1,0.452,0.122
11258,1,0.458,0.122
11259,1,0.465,0.128
11260,1,0.471,0.128
11261,1,0.480,0.143
11262,1,0.484,0.145
11263,1,0.492,0.156
11264,1,0.497,0.163
11265,1,0.506,0.176
11266,0,-1.000,-1.000
11267,1,0.508,0.206
11268,1,0.501,0.207
11269,1,0.495,0.219
11270,1,0.491,0.223
11271,0,-1.000,-1.000
11272,0,-1.000,-1.000
11273,0,-1.000,-1.000
11274,1,0.476,0.245
11275,1,0.473,0.221
11276,1,0.469,0.206
11277,1,0.469,0.197
11278,1,0.471,0.181
11279,1,0.472,0.171
11280,1,0.474,0.162
11281,1,0.474,0.151
11282,1,0.474,0.142
11283,1,0.473,0.132
11284,1,0.478,0.126
11285,0,-1.000,-1.000
11286,0,-1.000,-1.000
11287,0,-1.000,-1.000
11288,0,-1.000,-1.000
11289,0,-1.000,-1.000
11290,0,-1.000,-1.000
11291,0,-1.000,-1.000
11292,1,0.490,0.099
11293,1,0.494,0.106
11294,1,0.495,0.102
11295,1,0.497,0.113
11296,1,0.500,0.115
11297,0,-1.000,-1.000
11298,1,0.518,0.141
11299,1,0.527,0.156
11300,1,0.535,0.169
11301,1,0.542,0.179
11302,1,0.546,0.192
11303,1,0.551,0.200
11304,1,0.556,0.212
11305,1,0.561,0.221
11306,0,-1.000,-1.000
11307,1,0.569,0.227
11308,1,0.573,0.203
11309,1,0.574,0.185
11310,1,0.578,0.173
11311,1,0.579,0.158
11312,1,0.583,0.144
11313,1,0.585,0.136
11314,1,0.585,0.130
11315,1,0.589,0.122
11316,1,0.591,0.120
11317,1,0.592,0.112
11318,1,0.596,0.106
11319,1,0.596,0.110
11320,1,0.596,0.106
11321,1,0.598,0.106
11322,1,0.601,0.109
11323,1,0.601,0.111
11324,1,0.603,0.114
11325,1,0.605,0.114
11326,1,0.416,0.361
11327,1,0.432,0.323
11328,1,0.449,0.290
11329,1,0.465,0.259
11330,1,0.474,0.235
11331,1,0.490,0.214
11332,1,0.499,0.201
11333,1,0.508,0.187
11334,1,0.516,0.182
11335,1,0.524,0.173
11336,1,0.529,0.166
11337,1,0.536,0.168
11338,1,0.544,0.164
11339,1,0.551,0.161
11340,1,0.555,0.160
11341,1,0.560,0.162
11342,1,0.566,0.168
11343,1,0.568,0.169
11344,1,0.573,0.170
11345,1,0.578,0.179
11346,1,0.583,0.182
11347,1,0.586,0.191
11348,1,0.589,0.197
11349,1,0.592,0.206
11350,1,0.596,0.196
11351,1,0.598,0.181
11352,1,0.603,0.174
11353,1,0.604,0.168
11354,1,0.604,0.159
11355,1,0.609,0.153
11356,1,0.611,0.149
11357,1,0.613,0.143
11358,1,0.616,0.147
11359,1,0.618,0.136
11360,0,-1.000,-1.000
11361,1,0.620,0.132
11362,1,0.626,0.124
11363,1,0.626,0.112
11364,1,0.631,0.111
11365,1,0.630,0.100
11366,1,0.633,0.098
11367,1,0.636,0.089
11368,0,-1.000,-1.000
11369,0,-1.000,-1.000
11370,0,-1.000,-1.000
11371,0,-1.000,-1.000
11372,0,-1.000,-1.000
11373,1,0.645,0.063
11374,1,0.649,0.064
11375,1,0.651,0.062
11376,1,0.654,0.064
11377,1,0.654,0.060
11378,1,0.654,0.061
11379,1,0.657,0.064
11380,1,0.658,0.067
11381,1,0.659,0.074
11382,1,0.662,0.077
11383,1,0.662,0.078
11384,1,0.663,0.090
11385,1,0.666,0.097
11386,1,0.665,0.103
11387,1,0.667,0.116
11388,1,0.668,0.132
11389,1,0.669,0.146
11390,1,0.670,0.173
11391,1,0.672,0.183
11392,1,0.671,0.210
11393,1,0.671,0.228
11394,1,0.673,0.258
11395,1,0.672,0.279
11396,1,0.674,0.319
11397,1,0.674,0.353
11398,1,0.676,0.391
11399,1,0.677,0.430
11400,1,0.676,0.483
11401,1,0.678,0.517
11402,1,0.675,0.571
11403,1,0.676,0.605
11404,1,0.675,0.588
11405,1,0.680,0.578
11406,1,0.680,0.569
11407,1,0.679,0.567
11408,1,0.678,0.561
11409,1,0.678,0.568
11410,1,0.680,0.562
11411,1,0.680,0.567
11412,1,0.678,0.573
11413,1,0.680,0.582
11414,1,0.678,0.596
11415,1,0.677,0.615
11416,1,0.676,0.627
11417,1,0.676,0.646
11418,1,0.657,0.609
11419,1,0.631,0.535
11420,1,0.613,0.476
11421,1,0.592,0.421
11422,1,0.573,0.378
11423,1,0.559,0.340
11424,1,0.542,0.302
11425,1,0.529,0.279
11426,1,0.515,0.246
11427,1,0.506,0.230
11428,1,0.495,0.214
11429,1,0.483,0.198
11430,1,0.470,0.184
11431,1,0.462,0.173
11432,1,0.450,0.174
11433,1,0.447,0.169
11434,1,0.440,0.163
11435,1,0.429,0.161
11436,1,0.422,0.169
11437,1,0.417,0.165
11438,1,0.411,0.169
11439,1,0.405,0.177
11440,1,0.401,0.183
11441,1,0.395,0.186
11442,1,0.390,0.196
11443,1,0.385,0.207
11444,1,0.382,0.217
11445,1,0.381,0.227
11446,1,0.376,0.234
11447,1,0.373,0.259
11448,1,0.444,0.174
11449,1,0.444,0.168
11450,1,0.445,0.158
11451,1,0.444,0.154
11452,1,0.439,0.147
11453,1,0.442,0.143
11454,1,0.440,0.131
11455,1,0.438,0.130
11456,1,0.442,0.123
11457,1,0.448,0.119
11458,1,0.452,0.119
11459,1,0.457,0.111
11460,1,0.461,0.106
11461,1,0.467,0.104
11462,1,0.471,0.105
11463,1,0.477,0.098
11464,1,0.483,0.094
11465,1,0.489,0.094
11466,1,0.493,0.095
11467,1,0.501,0.104
11468,1,0.506,0.104
11469,1,0.516,0.111
11470,1,0.523,0.112
11471,1,0.527,0.115
11472,1,0.535,0.124
11473,0,-1.000,-1.000
11474,1,0.547,0.142
11475,1,0.558,0.153
11476,1,0.568,0.170
11477,1,0.576,0.184
11478,1,0.588,0.203
11479,1,0.595,0.219
11480,1,0.606,0.244
11481,1,0.616,0.263
11482,1,0.626,0.288
11483,1,0.639,0.322
11484,1,0.647,0.344
11485,1,0.666,0.395
11486,1,0.677,0.426
11487,1,0.691,0.464
11488,1,0.702,0.511
11489,1,0.717,0.560
11490,1,0.727,0.552
11491,1,0.735,0.550
11492,1,0.749,0.548
11493,1,0.762,0.544
11494,1,0.776,0.549
11495,0,-1.000,-1.000
11496,0,-1.000,-1.000
11497,0,-1.000,-1.000
11498,1,0.828,0.586
11499,0,-1.000,-1.000
11500,0,-1.000,-1.000
11501,0,-1.000,-1.000
11502,1,0.764,0.419
11503,1,0.745,0.381
11504,1,0.730,0.342
11505,1,0.714,0.321
11506,1,0.705,0.294
11507,1,0.691,0.276
11508,1,0.684,0.262
11509,1,0.675,0.249
11510,1,0.667,0.247
11511,1,0.658,0.237
11512,1,0.656,0.240
11513,1,0.658,0.251
11514,1,0.655,0.256
11515,1,0.655,0.269
11516,1,0.653,0.279
11517,1,0.648,0.301
11518,1,0.648,0.303
11519,1,0.646,0.321
11520,1,0.646,0.319
11521,1,0.646,0.309
11522,1,0.646,0.300
11523,1,0.645,0.303
11524,1,0.647,0.300
11525,1,0.645,0.292
11526,1,0.643,0.289
11527,1,0.642,0.287
11528,1,0.644,0.288
11529,1,0.643,0.293
11530,1,0.467,0.120
11531,1,0.476,0.127
11532,1,0.482,0.124
11533,1,0.492,0.127
11534,1,0.497,0.130
11535,1,0.505,0.139
11536,1,0.514,0.150
11537,1,0.522,0.162
11538,1,0.534,0.176
11539,1,0.544,0.190
11540,1,0.554,0.205
11541,1,0.564,0.219
11542,1,0.577,0.253
11543,1,0.590,0.277
11544,1,0.605,0.311
11545,1,0.619,0.349
11546,1,0.638,0.395
11547,1,0.650,0.431
11548,1,0.669,0.479
11549,1,0.684,0.535
11550,1,0.708,0.599
11551,1,0.729,0.606
11552,1,0.745,0.608
11553,1,0.766,0.615
11554,1,0.796,0.633
11555,1,0.819,0.645
11556,1,0.844,0.667
11557,0,-1.000,-1.000
11558,0,-1.000,-1.000
11559,0,-1.000,-1.000
11560,0,-1.000,-1.000
11561,1,0.821,0.549
11562,1,0.782,0.491
11563,1,0.744,0.424
11564,1,0.716,0.379
11565,1,0.691,0.339
11566,1,0.668,0.298
11567,1,0.644,0.268
11568,1,0.624,0.248
11569,1,0.605,0.219
11570,1,0.589,0.203
11571,1,0.574,0.189
11572,1,0.576,0.190
11573,1,0.564,0.176
11574,1,0.552,0.165
11575,1,0.535,0.156
11576,1,0.528,0.150
11577,1,0.518,0.147
11578,1,0.509,0.144
11579,1,0.497,0.142
11580,1,0.490,0.142
11581,1,0.482,0.144
11582,1,0.477,0.142
11583,1,0.472,0.150
11584,1,0.459,0.148
11585,1,0.458,0.162
11586,1,0.453,0.165
11587,1,0.447,0.168
11588,1,0.444,0.178
11589,1,0.439,0.184
11590,1,0.434,0.198
11591,1,0.429,0.200
11592,1,0.428,0.207
11593,1,0.424,0.221
11594,1,0.418,0.224
11595,0,-1.000,-1.000
11596,1,0.415,0.224
11597,1,0.412,0.214
11598,1,0.410,0.207
11599,1,0.410,0.200
11600,1,0.405,0.190
11601,1,0.406,0.185
11602,1,0.401,0.174
11603,1,0.403,0.169
11604,1,0.402,0.167
11605,1,0.396,0.167
11606,1,0.397,0.164
11607,1,0.395,0.163
11608,1,0.394,0.163
11609,1,0.394,0.166
11610,1,0.393,0.166
11611,1,0.397,0.164
11612,1,0.403,0.156
11613,0,-1.000,-1.000
11614,0,-1.000,-1.000
11615,0,-1.000,-1.000
11616,1,0.431,0.131
11617,1,0.440,0.125
11618,1,0.444,0.118
11619,1,0.452,0.121
11620,1,0.460,0.117
11621,1,0.465,0.118
11622,1,0.473,0.114
11623,1,0.484,0.120
11624,1,0.493,0.122
11625,1,0.502,0.123
11626,1,0.510,0.130
11627,1,0.519,0.140
11628,1,0.529,0.142
11629,1,0.535,0.155
11630,1,0.547,0.162
11631,1,0.558,0.171
11632,1,0.567,0.186
11633,1,0.578,0.197
11634,1,0.586,0.216
11635,1,0.597,0.233
11636,1,0.609,0.254
11637,1,0.618,0.272
11638,1,0.630,0.290
11639,0,-1.000,-1.000
11640,0,-1.000,-1.000
11641,1,0.667,0.368
11642,1,0.674,0.382
11643,1,0.680,0.376
11644,1,0.688,0.368
11645,0,-1.000,-1.000
11646,0,-1.000,-1.000
11647,0,-1.000,-1.000
11648,0,-1.000,-1.000
11649,0,-1.000,-1.000
11650,0,-1.000,-1.000
11651,1,0.666,0.265
11652,1,0.653,0.251
11653,1,0.636,0.233
11654,1,0.623,0.214
11655,1,0.609,0.210
11656,1,0.596,0.193
11657,1,0.586,0.184
11658,1,0.572,0.175
11659,1,0.560,0.167
11660,1,0.552,0.163
11661,1,0.540,0.166
11662,1,0.532,0.160
11663,1,0.521,0.165
11664,1,0.512,0.169
11665,1,0.502,0.170
11666,1,0.496,0.175
11667,1,0.487,0.178
11668,1,0.480,0.181
11669,1,0.473,0.187
11670,0,-1.000,-1.000
11671,1,0.473,0.186
11672,1,0.484,0.179
11673,1,0.490,0.173
11674,1,0.499,0.167
11675,1,0.507,0.156
11676,1,0.518,0.156
11677,1,0.524,0.148
11678,1,0.537,0.157
11679,1,0.545,0.146
11680,1,0.553,0.144
11681,1,0.565,0.142
11682,1,0.576,0.150
11683,1,0.585,0.152
11684,1,0.595,0.162
11685,1,0.606,0.165
11686,1,0.617,0.178
11687,1,0.628,0.184
11688,1,0.640,0.196
11689,1,0.653,0.209
11690,1,0.664,0.220
11691,1,0.673,0.235
11692,1,0.687,0.254
11693,1,0.698,0.276
11694,1,0.709,0.295
11695,1,0.720,0.308
11696,0,-1.000,-1.000
11697,0,-1.000,-1.000
11698,0,-1.000,-1.000
11699,0,-1.000,-1.000
11700,0,-1.000,-1.000
11701,0,-1.000,-1.000
11702,0,-1.000,-1.000
11703,0,-1.000,-1.000
11704,0,-1.000,-1.000
11705,0,-1.000,-1.000
11706,0,-1.000,-1.000
11707,0,-1.000,-1.000
11708,0,-1.000,-1.000
11709,0,-1.000,-1.000
11710,0,-1.000,-1.000
11711,0,-1.000,-1.000
11712,0,-1.000,-1.000
11713,0,-1.000,-1.000
11714,0,-1.000,-1.000
11715,0,-1.000,-1.000
11716,0,-1.000,-1.000
11717,0,-1.000,-1.000
11718,0,-1.000,-1.000
11719,0,-1.000,-1.000
11720,0,-1.000,-1.000
11721,0,-1.000,-1.000
11722,0,-1.000,-1.000
11723,0,-1.000,-1.000
11724,0,-1.000,-1.000
11725,0,-1.000,-1.000
11726,1,0.525,0.146
11727,1,0.523,0.141
11728,1,0.523,0.154
11729,1,0.522,0.152
11730,0,-1.000,-1.000
11731,0,-1.000,-1.000
11732,0,-1.000,-1.000
11733,1,0.517,0.164
11734,1,0.515,0.160
11735,1,0.512,0.159
11736,1,0.507,0.156
11737,1,0.504,0.154
11738,1,0.501,0.156
11739,1,0.494,0.151
11740,1,0.492,0.153
11741,1,0.487,0.150
11742,1,0.482,0.154
11743,1,0.478,0.158
11744,1,0.475,0.167
11745,1,0.471,0.167
11746,1,0.463,0.177
11747,1,0.456,0.185
11748,1,0.451,0.194
11749,1,0.447,0.205
11750,1,0.439,0.219
11751,1,0.431,0.237
11752,1,0.424,0.257
11753,1,0.418,0.281
11754,1,0.409,0.305
11755,1,0.399,0.327
11756,1,0.391,0.356
11757,1,0.382,0.382
11758,1,0.372,0.421
11759,1,0.362,0.461
11760,1,0.351,0.506
11761,1,0.341,0.509
11762,1,0.332,0.508
11763,1,0.320,0.506
11764,1,0.314,0.504
11765,1,0.302,0.514
11766,1,0.290,0.510
11767,1,0.279,0.517
11768,1,0.265,0.530
11769,1,0.252,0.539
11770,1,0.237,0.564
11771,1,0.220,0.581
11772,1,0.214,0.600
11773,0,-1.000,-1.000
11774,1,0.248,0.472
11775,1,0.269,0.407
11776,1,0.282,0.364
11777,1,0.295,0.316
11778,1,0.307,0.292
11779,1,0.317,0.259
11780,1,0.327,0.236
11781,1,0.338,0.212
11782,1,0.347,0.198
11783,1,0.352,0.189
11784,1,0.356,0.178
11785,1,0.367,0.165
11786,1,0.371,0.167
11787,1,0.375,0.158
11788,1,0.381,0.154
11789,1,0.384,0.153
11790,1,0.390,0.152
11791,1,0.396,0.156
11792,1,0.398,0.156
11793,1,0.401,0.158
11794,1,0.406,0.163
11795,1,0.409,0.169
11796,0,-1.000,-1.000
11797,1,0.412,0.179
11798,1,0.419,0.189
11799,1,0.420,0.197
11800,1,0.422,0.203
11801,1,0.427,0.212
11802,1,0.424,0.203
11803,1,0.427,0.191
11804,1,0.427,0.192
11805,1,0.424,0.170
11806,1,0.426,0.167
11807,1,0.428,0.161
11808,1,0.428,0.157
11809,1,0.428,0.156
11810,1,0.427,0.148
11811,1,0.428,0.148
11812,1,0.429,0.151
11813,1,0.429,0.149
11814,1,0.432,0.150
11815,1,0.430,0.142
11816,1,0.431,0.131
11817,1,0.433,0.126
11818,1,0.435,0.116
11819,1,0.436,0.109
11820,1,0.441,0.100
11821,1,0.441,0.092
11822,1,0.440,0.089
11823,1,0.448,0.086
11824,1,0.450,0.079
11825,1,0.453,0.075
11826,1,0.455,0.074
11827,1,0.456,0.070
11828,1,0.461,0.074
11829,1,0.465,0.076
11830,1,0.468,0.077
11831,1,0.471,0.078
11832,1,0.474,0.080
11833,1,0.479,0.081
11834,1,0.482,0.090
11835,1,0.486,0.096
11836,1,0.490,0.107
11837,1,0.495,0.114
11838,1,0.500,0.124
11839,1,0.507,0.140
11840,1,0.510,0.158
11841,1,0.515,0.169
11842,1,0.520,0.183
11843,1,0.525,0.203
11844,1,0.530,0.219
11845,0,-1.000,-1.000
11846,0,-1.000,-1.000
11847,1,0.547,0.291
11848,0,-1.000,-1.000
11849,0,-1.000,-1.000
11850,0,-1.000,-1.000
11851,0,-1.000,-1.000
11852,1,0.504,0.206
11853,1,0.496,0.191
11854,1,0.492,0.186
11855,1,0.482,0.177
11856,1,0.477,0.173
11857,1,0.473,0.169
11858,1,0.465,0.165
11859,1,0.461,0.163
11860,1,0.455,0.165
11861,1,0.450,0.169
11862,1,0.447,0.163
11863,1,0.444,0.171
11864,1,0.439,0.178
11865,1,0.436,0.177
11866,1,0.430,0.183
11867,1,0.427,0.194
11868,1,0.423,0.206
11869,1,0.424,0.201
11870,1,0.420,0.203
11871,1,0.416,0.186
11872,1,0.415,0.174
11873,1,0.411,0.170
11874,1,0.411,0.158
11875,1,0.406,0.155
11876,1,0.405,0.146
11877,1,0.405,0.147
11878,1,0.398,0.138
11879,1,0.400,0.132
11880,1,0.405,0.125
11881,1,0.408,0.119
11882,1,0.416,0.111
11883,1,0.416,0.098
11884,1,0.423,0.093
11885,1,0.430,0.087
11886,1,0.433,0.076
11887,1,0.438,0.074
11888,1,0.443,0.072
11889,1,0.447,0.063
11890,1,0.453,0.065
11891,1,0.459,0.059
11892,1,0.464,0.056
11893,1,0.470,0.060
11894,1,0.477,0.050
11895,1,0.485,0.055
11896,1,0.491,0.055
11897,1,0.497,0.065
11898,1,0.504,0.067
11899,1,0.509,0.073
11900,1,0.515,0.075
11901,1,0.524,0.081
11902,1,0.531,0.092
11903,1,0.537,0.099
11904,1,0.547,0.108
11905,1,0.554,0.126
11906,1,0.560,0.144
11907,1,0.568,0.156
11908,1,0.579,0.179
11909,1,0.588,0.194
11910,1,0.594,0.210
11911,0,-1.000,-1.000
11912,1,0.613,0.256
11913,1,0.620,0.281
11914,1,0.617,0.278
11915,0,-1.000,-1.000
11916,0,-1.000,-1.000
11917,1,0.578,0.214
11918,1,0.565,0.206
11919,1,0.551,0.196
11920,1,0.542,0.182
11921,1,0.533,0.177
11922,1,0.526,0.172
11923,1,0.515,0.169
11924,1,0.509,0.164
11925,1,0.501,0.162
11926,1,0.495,0.162
11927,1,0.487,0.165
11928,1,0.480,0.167
11929,1,0.475,0.174
11930,1,0.470,0.174
11931,1,0.464,0.181
11932,1,0.458,0.187
11933,1,0.454,0.194
11934,0,-1.000,-1.000
11935,0,-1.000,-1.000
11936,0,-1.000,-1.000
11937,0,-1.000,-1.000
11938,0,-1.000,-1.000
11939,1,0.473,0.142
11940,1,0.479,0.130
11941,1,0.481,0.120
11942,1,0.489,0.112
11943,1,0.493,0.098
11944,1,0.501,0.094
11945,1,0.505,0.086
11946,1,0.510,0.086
11947,1,0.516,0.078
11948,1,0.522,0.072
11949,1,0.527,0.069
11950,1,0.534,0.069
11951,1,0.539,0.068
11952,1,0.547,0.064
11953,1,0.554,0.069
11954,1,0.559,0.069
11955,1,0.566,0.076
11956,1,0.573,0.077
11957,1,0.579,0.087
11958,1,0.588,0.098
11959,1,0.595,0.111
11960,1,0.599,0.119
11961,1,0.606,0.131
11962,1,0.617,0.145
11963,1,0.623,0.166
11964,1,0.631,0.183
11965,1,0.640,0.206
11966,0,-1.000,-1.000
11967,1,0.631,0.201
11968,1,0.619,0.193
11969,1,0.610,0.181
11970,1,0.601,0.174
11971,1,0.593,0.170
11972,1,0.586,0.160
11973,1,0.578,0.156
11974,1,0.573,0.159
11975,1,0.567,0.157
11976,0,-1.000,-1.000
11977,1,0.551,0.158
11978,1,0.547,0.154
11979,1,0.537,0.154
11980,1,0.533,0.154
11981,1,0.523,0.157
11982,1,0.514,0.161
11983,1,0.507,0.161
11984,1,0.504,0.172
11985,1,0.496,0.173
11986,1,0.489,0.179
11987,1,0.486,0.189
11988,0,-1.000,-1.000
11989,1,0.473,0.205
11990,1,0.470,0.198
11991,1,0.463,0.187
11992,1,0.461,0.175
11993,0,-1.000,-1.000
11994,1,0.453,0.169
11995,1,0.446,0.168
11996,1,0.444,0.167
11997,1,0.441,0.161
11998,1,0.438,0.156
11999,1,0.433,0.159
12000,1,0.430,0.161
12001,0,-1.000,-1.000
12002,0,-1.000,-1.000
12003,0,-1.000,-1.000
12004,0,-1.000,-1.000
12005,0,-1.000,-1.000
12006,0,-1.000,-1.000
12007,0,-1.000,-1.000
12008,0,-1.000,-1.000
12009,0,-1.000,-1.000
12010,0,-1.000,-1.000
12011,0,-1.000,-1.000
12012,0,-1.000,-1.000
12013,0,-1.000,-1.000
12014,0,-1.000,-1.000
12015,0,-1.000,-1.000
12016,0,-1.000,-1.000
12017,0,-1.000,-1.000
12018,0,-1.000,-1.000
12019,0,-1.000,-1.000
12020,0,-1.000,-1.000
12021,0,-1.000,-1.000
12022,0,-1.000,-1.000
12023,0,-1.000,-1.000
12024,0,-1.000,-1.000
12025,0,-1.000,-1.000
12026,0,-1.000,-1.000
12027,0,-1.000,-1.000
12028,0,-1.000,-1.000
12029,0,-1.000,-1.000
12030,0,-1.000,-1.000
12031,0,-1.000,-1.000
12032,0,-1.000,-1.000
12033,0,-1.000,-1.000
12034,0,-1.000,-1.000
12035,0,-1.000,-1.000
12036,0,-1.000,-1.000
12037,0,-1.000,-1.000
12038,0,-1.000,-1.000
12039,0,-1.000,-1.000
12040,0,-1.000,-1.000
12041,0,-1.000,-1.000
12042,0,-1.000,-1.000
12043,0,-1.000,-1.000
12044,0,-1.000,-1.000
12045,0,-1.000,-1.000
12046,0,-1.000,-1.000
12047,0,-1.000,-1.000
12048,0,-1.000,-1.000
12049,0,-1.000,-1.000
12050,0,-1.000,-1.000
12051,0,-1.000,-1.000
12052,0,-1.000,-1.000
12053,0,-1.000,-1.000
12054,0,-1.000,-1.000
12055,0,-1.000,-1.000
12056,0,-1.000,-1.000
12057,0,-1.000,-1.000
12058,0,-1.000,-1.000
12059,0,-1.000,-1.000
12060,0,-1.000,-1.000
12061,0,-1.000,-1.000
12062,0,-1.000,-1.000
12063,0,-1.000,-1.000
12064,0,-1.000,-1.000
12065,0,-1.000,-1.000
12066,0,-1.000,-1.000
12067,0,-1.000,-1.000
12068,0,-1.000,-1.000
12069,0,-1.000,-1.000
12070,0,-1.000,-1.000
12071,0,-1.000,-1.000
12072,0,-1.000,-1.000
12073,0,-1.000,-1.000
12074,0,-1.000,-1.000
12075,0,-1.000,-1.000
12076,0,-1.000,-1.000
12077,0,-1.000,-1.000
12078,0,-1.000,-1.000
12079,0,-1.000,-1.000
12080,0,-1.000,-1.000
12081,0,-1.000,-1.000
12082,0,-1.000,-1.000
12083,0,-1.000,-1.000
12084,0,-1.000,-1.000
12085,0,-1.000,-1.000
12086,0,-1.000,-1.000
12087,0,-1.000,-1.000
12088,0,-1.000,-1.000
12089,0,-1.000,-1.000
12090,0,-1.000,-1.000
12091,0,-1.000,-1.000
12092,0,-1.000,-1.000
12093,0,-1.000,-1.000
12094,0,-1.000,-1.000
12095,0,-1.000,-1.000
12096,0,-1.000,-1.000
12097,0,-1.000,-1.000
12098,0,-1.000,-1.000
12099,0,-1.000,-1.000
12100,0,-1.000,-1.000
12101,0,-1.000,-1.000
12102,0,-1.000,-1.000
12103,0,-1.000,-1.000
12104,0,-1.000,-1.000
12105,0,-1.000,-1.000
12106,0,-1.000,-1.000
12107,0,-1.000,-1.000
12108,0,-1.000,-1.000
12109,0,-1.000,-1.000
12110,0,-1.000,-1.000
12111,0,-1.000,-1.000
12112,0,-1.000,-1.000
12113,0,-1.000,-1.000
12114,0,-1.000,-1.000
12115,0,-1.000,-1.000
12116,0,-1.000,-1.000
12117,0,-1.000,-1.000
12118,0,-1.000,-1.000
12119,0,-1.000,-1.000
12120,0,-1.000,-1.000
12121,0,-1.000,-1.000
12122,0,-1.000,-1.000
12123,0,-1.000,-1.000
12124,0,-1.000,-1.000
12125,0,-1.000,-1.000
12126,0,-1.000,-1.000
12127,0,-1.000,-1.000
12128,0,-1.000,-1.000
12129,0,-1.000,-1.000
12130,0,-1.000,-1.000
12131,0,-1.000,-1.000
12132,0,-1.000,-1.000
12133,0,-1.000,-1.000
12134,0,-1.000,-1.000
12135,0,-1.000,-1.000
12136,0,-1.000,-1.000
12137,0,-1.000,-1.000
12138,0,-1.000,-1.000
12139,0,-1.000,-1.000
12140,0,-1.000,-1.000
12141,0,-1.000,-1.000
12142,0,-1.000,-1.000
12143,0,-1.000,-1.000
12144,0,-1.000,-1.000
12145,0,-1.000,-1.000
12146,0,-1.000,-1.000
12147,0,-1.000,-1.000
12148,0,-1.000,-1.000
12149,0,-1.000,-1.000
12150,0,-1.000,-1.000
12151,0,-1.000,-1.000
12152,0,-1.000,-1.000
12153,0,-1.000,-1.000
12154,0,-1.000,-1.000
12155,0,-1.000,-1.000
12156,0,-1.000,-1.000
12157,0,-1.000,-1.000
12158,0,-1.000,-1.000
12159,0,-1.000,-1.000
12160,0,-1.000,-1.000
12161,0,-1.000,-1.000
12162,0,-1.000,-1.000
12163,0,-1.000,-1.000
12164,0,-1.000,-1.000
12165,0,-1.000,-1.000
12166,0,-1.000,-1.000
12167,0,-1.000,-1.000
12168,0,-1.000,-1.000
12169,0,-1.000,-1.000
12170,0,-1.000,-1.000
12171,0,-1.000,-1.000
12172,0,-1.000,-1.000
12173,0,-1.000,-1.000
12174,0,-1.000,-1.000
12175,0,-1.000,-1.000
12176,0,-1.000,-1.000
12177,0,-1.000,-1.000
12178,0,-1.000,-1.000
12179,0,-1.000,-1.000
12180,0,-1.000,-1.000
12181,0,-1.000,-1.000
12182,0,-1.000,-1.000
12183,0,-1.000,-1.000
12184,0,-1.000,-1.000
12185,0,-1.000,-1.000
12186,0,-1.000,-1.000
12187,0,-1.000,-1.000
12188,0,-1.000,-1.000
12189,0,-1.000,-1.000
12190,0,-1.000,-1.000
12191,0,-1.000,-1.000
12192,0,-1.000,-1.000
12193,0,-1.000,-1.000
12194,0,-1.000,-1.000
12195,0,-1.000,-1.000
12196,0,-1.000,-1.000
12197,0,-1.000,-1.000
12198,0,-1.000,-1.000
12199,0,-1.000,-1.000
12200,0,-1.000,-1.000
12201,0,-1.000,-1.000
12202,0,-1.000,-1.000
12203,0,-1.000,-1.000
12204,0,-1.000,-1.000
12205,0,-1.000,-1.000
12206,0,-1.000,-1.000
12207,0,-1.000,-1.000
12208,0,-1.000,-1.000
12209,0,-1.000,-1.000
12210,0,-1.000,-1.000
12211,0,-1.000,-1.000
12212,0,-1.000,-1.000
12213,0,-1.000,-1.000
12214,0,-1.000,-1.000
12215,0,-1.000,-1.000
12216,0,-1.000,-1.000
12217,0,-1.000,-1.000
12218,0,-1.000,-1.000
12219,0,-1.000,-1.000
12220,0,-1.000,-1.000
12221,0,-1.000,-1.000
12222,0,-1.000,-1.000
12223,0,-1.000,-1.000
12224,0,-1.000,-1.000
12225,0,-1.000,-1.000
12226,0,-1.000,-1.000
12227,0,-1.000,-1.000
12228,0,-1.000,-1.000
12229,0,-1.000,-1.000
12230,0,-1.000,-1.000
12231,0,-1.000,-1.000
12232,0,-1.000,-1.000
12233,0,-1.000,-1.000
12234,0,-1.000,-1.000
12235,0,-1.000,-1.000
12236,0,-1.000,-1.000
12237,0,-1.000,-1.000
12238,0,-1.000,-1.000
12239,0,-1.000,-1.000
12240,0,-1.000,-1.000
12241,0,-1.000,-1.000
12242,0,-1.000,-1.000
12243,0,-1.000,-1.000
12244,0,-1.000,-1.000
12245,0,-1.000,-1.000
12246,0,-1.000,-1.000
12247,0,-1.000,-1.000
12248,0,-1.000,-1.000
12249,0,-1.000,-1.000
12250,0,-1.000,-1.000
12251,0,-1.000,-1.000
12252,0,-1.000,-1.000
12253,0,-1.000,-1.000
12254,0,-1.000,-1.000
12255,0,-1.000,-1.000
12256,0,-1.000,-1.000
12257,0,-1.000,-1.000
12258,0,-1.000,-1.000
12259,0,-1.000,-1.000
12260,0,-1.000,-1.000
12261,0,-1.000,-1.000
12262,0,-1.000,-1.000
12263,0,-1.000,-1.000
12264,0,-1.000,-1.000
12265,0,-1.000,-1.000
12266,0,-1.000,-1.000
12267,0,-1.000,-1.000
12268,0,-1.000,-1.000
12269,0,-1.000,-1.000
12270,0,-1.000,-1.000
12271,0,-1.000,-1.000
12272,0,-1.000,-1.000
12273,0,-1.000,-1.000
12274,0,-1.000,-1.000
12275,0,-1.000,-1.000
12276,0,-1.000,-1.000
12277,0,-1.000,-1.000
12278,0,-1.000,-1.000
12279,0,-1.000,-1.000
12280,0,-1.000,-1.000
12281,0,-1.000,-1.000
12282,0,-1.000,-1.000
12283,0,-1.000,-1.000
12284,0,-1.000,-1.000
12285,0,-1.000,-1.000
12286,0,-1.000,-1.000
12287,0,-1.000,-1.000
12288,0,-1.000,-1.000
12289,0,-1.000,-1.000
12290,0,-1.000,-1.000
12291,0,-1.000,-1.000
12292,0,-1.000,-1.000
12293,0,-1.000,-1.000
12294,0,-1.000,-1.000
12295,0,-1.000,-1.000
12296,0,-1.000,-1.000
12297,0,-1.000,-1.000
12298,0,-1.000,-1.000
12299,0,-1.000,-1.000
12300,0,-1.000,-1.000
12301,0,-1.000,-1.000
12302,0,-1.000,-1.000
12303,0,-1.000,-1.000
12304,0,-1.000,-1.000
12305,0,-1.000,-1.000
12306,0,-1.000,-1.000
12307,0,-1.000,-1.000
12308,0,-1.000,-1.000
12309,0,-1.000,-1.000
12310,0,-1.000,-1.000
12311,0,-1.000,-1.000
12312,0,-1.000,-1.000
12313,0,-1.000,-1.000
12314,0,-1.000,-1.000
12315,0,-1.000,-1.000
12316,0,-1.000,-1.000
12317,0,-1.000,-1.000
12318,0,-1.000,-1.000
12319,0,-1.000,-1.000
12320,0,-1.000,-1.000
12321,0,-1.000,-1.000
12322,0,-1.000,-1.000
12323,0,-1.000,-1.000
12324,0,-1.000,-1.000
12325,0,-1.000,-1.000
12326,0,-1.000,-1.000
12327,0,-1.000,-1.000
12328,0,-1.000,-1.000
12329,0,-1.000,-1.000
12330,0,-1.000,-1.000
12331,0,-1.000,-1.000
12332,0,-1.000,-1.000
12333,0,-1.000,-1.000
12334,0,-1.000,-1.000
12335,0,-1.000,-1.000
12336,0,-1.000,-1.000
12337,0,-1.000,-1.000
12338,0,-1.000,-1.000
12339,0,-1.000,-1.000
12340,0,-1.000,-1.000
12341,0,-1.000,-1.000
12342,0,-1.000,-1.000
12343,0,-1.000,-1.000
12344,0,-1.000,-1.000
12345,0,-1.000,-1.000
12346,0,-1.000,-1.000
12347,0,-1.000,-1.000
12348,0,-1.000,-1.000
12349,0,-1.000,-1.000
12350,0,-1.000,-1.000
12351,0,-1.000,-1.000
12352,0,-1.000,-1.000
12353,0,-1.000,-1.000
12354,0,-1.000,-1.000
12355,0,-1.000,-1.000
12356,0,-1.000,-1.000
12357,0,-1.000,-1.000
12358,0,-1.000,-1.000
12359,0,-1.000,-1.000
12360,0,-1.000,-1.000
12361,0,-1.000,-1.000
12362,0,-1.000,-1.000
12363,0,-1.000,-1.000
12364,0,-1.000,-1.000
12365,0,-1.000,-1.000
12366,0,-1.000,-1.000
12367,0,-1.000,-1.000
12368,0,-1.000,-1.000
12369,0,-1.000,-1.000
12370,0,-1.000,-1.000
12371,0,-1.000,-1.000
12372,0,-1.000,-1.000
12373,0,-1.000,-1.000
12374,0,-1.000,-1.000
12375,0,-1.000,-1.000
12376,0,-1.000,-1.000
12377,0,-1.000,-1.000
12378,0,-1.000,-1.000
12379,0,-1.000,-1.000
12380,0,-1.000,-1.000
12381,0,-1.000,-1.000
12382,0,-1.000,-1.000
12383,0,-1.000,-1.000
12384,0,-1.000,-1.000
12385,0,-1.000,-1.000
12386,0,-1.000,-1.000
12387,0,-1.000,-1.000
12388,0,-1.000,-1.000
12389,0,-1.000,-1.000
12390,0,-1.000,-1.000
12391,0,-1.000,-1.000
12392,0,-1.000,-1.000
12393,0,-1.000,-1.000
12394,0,-1.000,-1.000
12395,0,-1.000,-1.000
12396,0,-1.000,-1.000
12397,0,-1.000,-1.000
12398,0,-1.000,-1.000
12399,0,-1.000,-1.000
12400,0,-1.000,-1.000
12401,0,-1.000,-1.000
12402,0,-1.000,-1.000
12403,0,-1.000,-1.000
12404,0,-1.000,-1.000
12405,0,-1.000,-1.000
12406,0,-1.000,-1.000
12407,0,-1.000,-1.000
12408,0,-1.000,-1.000
12409,0,-1.000,-1.000
12410,0,-1.000,-1.000
12411,0,-1.000,-1.000
12412,0,-1.000,-1.000
12413,0,-1.000,-1.000
12414,0,-1.000,-1.000
12415,0,-1.000,-1.000
12416,0,-1.000,-1.000
12417,0,-1.000,-1.000
12418,0,-1.000,-1.000
12419,0,-1.000,-1.000
12420,0,-1.000,-1.000
12421,0,-1.000,-1.000
12422,0,-1.000,-1.000
12423,0,-1.000,-1.000
12424,0,-1.000,-1.000
12425,0,-1.000,-1.000
12426,0,-1.000,-1.000
12427,0,-1.000,-1.000
12428,0,-1.000,-1.000
12429,0,-1.000,-1.000
12430,0,-1.000,-1.000
12431,0,-1.000,-1.000
12432,0,-1.000,-1.000
12433,0,-1.000,-1.000
12434,0,-1.000,-1.000
12435,0,-1.000,-1.000
12436,0,-1.000,-1.000
12437,0,-1.000,-1.000
12438,0,-1.000,-1.000
12439,0,-1.000,-1.000
12440,0,-1.000,-1.000
12441,0,-1.000,-1.000
12442,0,-1.000,-1.000
12443,0,-1.000,-1.000
12444,0,-1.000,-1.000
12445,0,-1.000,-1.000
12446,0,-1.000,-1.000
12447,0,-1.000,-1.000
12448,0,-1.000,-1.000
12449,0,-1.000,-1.000
12450,0,-1.000,-1.000
12451,0,-1.000,-1.000
12452,0,-1.000,-1.000
12453,0,-1.000,-1.000
12454,0,-1.000,-1.000
12455,0,-1.000,-1.000
12456,0,-1.000,-1.000
12457,0,-1.000,-1.000
12458,0,-1.000,-1.000
12459,0,-1.000,-1.000
12460,0,-1.000,-1.000
12461,0,-1.000,-1.000
12462,0,-1.000,-1.000
12463,0,-1.000,-1.000
12464,0,-1.000,-1.000
12465,0,-1.000,-1.000
12466,0,-1.000,-1.000
12467,0,-1.000,-1.000
12468,0,-1.000,-1.000
12469,0,-1.000,-1.000
12470,0,-1.000,-1.000
12471,0,-1.000,-1.000
12472,0,-1.000,-1.000
12473,0,-1.000,-1.000
12474,0,-1.000,-1.000
12475,0,-1.000,-1.000
12476,0,-1.000,-1.000
12477,0,-1.000,-1.000
12478,0,-1.000,-1.000
12479,0,-1.000,-1.000
12480,0,-1.000,-1.000
12481,0,-1.000,-1.000
12482,0,-1.000,-1.000
12483,0,-1.000,-1.000
12484,0,-1.000,-1.000
12485,0,-1.000,-1.000
12486,0,-1.000,-1.000
12487,0,-1.000,-1.000
12488,0,-1.000,-1.000
12489,0,-1.000,-1.000
12490,0,-1.000,-1.000
12491,0,-1.000,-1.000
12492,0,-1.000,-1.000
12493,0,-1.000,-1.000
12494,0,-1.000,-1.000
12495,0,-1.000,-1.000
12496,0,-1.000,-1.000
12497,0,-1.000,-1.000
12498,0,-1.000,-1.000
12499,0,-1.000,-1.000
12500,0,-1.000,-1.000
12501,0,-1.000,-1.000
12502,0,-1.000,-1.000
12503,0,-1.000,-1.000
12504,0,-1.000,-1.000
12505,0,-1.000,-1.000
12506,0,-1.000,-1.000
12507,0,-1.000,-1.000
12508,0,-1.000,-1.000
12509,0,-1.000,-1.000
12510,0,-1.000,-1.000
12511,0,-1.000,-1.000
12512,0,-1.000,-1.000
12513,0,-1.000,-1.000
12514,0,-1.000,-1.000
12515,0,-1.000,-1.000
12516,0,-1.000,-1.000
12517,0,-1.000,-1.000
12518,0,-1.000,-1.000
12519,0,-1.000,-1.000
12520,0,-1.000,-1.000
12521,0,-1.000,-1.000
12522,0,-1.000,-1.000
12523,0,-1.000,-1.000
12524,0,-1.000,-1.000
12525,0,-1.000,-1.000
12526,0,-1.000,-1.000
12527,0,-1.000,-1.000
12528,0,-1.000,-1.000
12529,0,-1.000,-1.000
12530,0,-1.000,-1.000
12531,0,-1.000,-1.000
12532,0,-1.000,-1.000
12533,0,-1.000,-1.000
12534,0,-1.000,-1.000
12535,0,-1.000,-1.000
12536,0,-1.000,-1.000
12537,0,-1.000,-1.000
12538,0,-1.000,-1.000
12539,0,-1.000,-1.000
12540,0,-1.000,-1.000
12541,0,-1.000,-1.000
12542,0,-1.000,-1.000
12543,0,-1.000,-1.000
12544,0,-1.000,-1.000
12545,0,-1.000,-1.000
12546,0,-1.000,-1.000
12547,0,-1.000,-1.000
12548,0,-1.000,-1.000
12549,0,-1.000,-1.000
12550,0,-1.000,-1.000
12551,0,-1.000,-1.000
12552,0,-1.000,-1.000
12553,0,-1.000,-1.000
12554,0,-1.000,-1.000
12555,0,-1.000,-1.000
12556,0,-1.000,-1.000
12557,0,-1.000,-1.000
12558,0,-1.000,-1.000
12559,0,-1.000,-1.000
12560,0,-1.000,-1.000
12561,0,-1.000,-1.000
12562,0,-1.000,-1.000
12563,0,-1.000,-1.000
12564,0,-1.000,-1.000
12565,0,-1.000,-1.000
12566,0,-1.000,-1.000
12567,0,-1.000,-1.000
12568,0,-1.000,-1.000
12569,0,-1.000,-1.000
12570,0,-1.000,-1.000
12571,0,-1.000,-1.000
12572,0,-1.000,-1.000
12573,0,-1.000,-1.000
12574,0,-1.000,-1.000
12575,0,-1.000,-1.000
12576,0,-1.000,-1.000
12577,0,-1.000,-1.000
12578,0,-1.000,-1.000
12579,0,-1.000,-1.000
12580,0,-1.000,-1.000
12581,0,-1.000,-1.000
12582,0,-1.000,-1.000
12583,0,-1.000,-1.000
12584,0,-1.000,-1.000
12585,0,-1.000,-1.000
12586,0,-1.000,-1.000
12587,0,-1.000,-1.000
12588,0,-1.000,-1.000
12589,0,-1.000,-1.000
12590,0,-1.000,-1.000
12591,0,-1.000,-1.000
12592,0,-1.000,-1.000
12593,0,-1.000,-1.000
12594,0,-1.000,-1.000
12595,0,-1.000,-1.000
12596,0,-1.000,-1.000
12597,0,-1.000,-1.000
12598,0,-1.000,-1.000
12599,0,-1.000,-1.000
12600,0,-1.000,-1.000
12601,0,-1.000,-1.000
12602,0,-1.000,-1.000
12603,0,-1.000,-1.000
12604,0,-1.000,-1.000
12605,0,-1.000,-1.000
12606,0,-1.000,-1.000
12607,0,-1.000,-1.000
12608,0,-1.000,-1.000
12609,0,-1.000,-1.000
12610,0,-1.000,-1.000
12611,0,-1.000,-1.000
12612,0,-1.000,-1.000
12613,0,-1.000,-1.000
12614,0,-1.000,-1.000
12615,0,-1.000,-1.000
12616,0,-1.000,-1.000
12617,0,-1.000,-1.000
12618,0,-1.000,-1.000
12619,0,-1.000,-1.000
12620,0,-1.000,-1.000
12621,0,-1.000,-1.000
12622,0,-1.000,-1.000
12623,0,-1.000,-1.000
12624,0,-1.000,-1.000
12625,0,-1.000,-1.000
12626,0,-1.000,-1.000
12627,0,-1.000,-1.000
12628,0,-1.000,-1.000
12629,0,-1.000,-1.000
12630,0,-1.000,-1.000
12631,0,-1.000,-1.000
12632,0,-1.000,-1.000
12633,0,-1.000,-1.000
12634,0,-1.000,-1.000
12635,0,-1.000,-1.000
12636,0,-1.000,-1.000
12637,0,-1.000,-1.000
12638,0,-1.000,-1.000
12639,0,-1.000,-1.000
12640,0,-1.000,-1.000
12641,0,-1.000,-1.000
12642,0,-1.000,-1.000
12643,0,-1.000,-1.000
12644,0,-1.000,-1.000
12645,0,-1.000,-1.000
12646,0,-1.000,-1.000
12647,0,-1.000,-1.000
12648,0,-1.000,-1.000
12649,0,-1.000,-1.000
12650,0,-1.000,-1.000
12651,0,-1.000,-1.000
12652,0,-1.000,-1.000
12653,0,-1.000,-1.000
12654,0,-1.000,-1.000
12655,0,-1.000,-1.000
12656,0,-1.000,-1.000
12657,0,-1.000,-1.000
12658,0,-1.000,-1.000
12659,0,-1.000,-1.000
12660,0,-1.000,-1.000
12661,0,-1.000,-1.000
12662,0,-1.000,-1.000
12663,0,-1.000,-1.000
12664,0,-1.000,-1.000
12665,0,-1.000,-1.000
12666,0,-1.000,-1.000
12667,0,-1.000,-1.000
12668,0,-1.000,-1.000
12669,0,-1.000,-1.000
12670,0,-1.000,-1.000
12671,0,-1.000,-1.000
12672,0,-1.000,-1.000
12673,0,-1.000,-1.000
12674,0,-1.000,-1.000
12675,0,-1.000,-1.000
12676,0,-1.000,-1.000
12677,0,-1.000,-1.000
12678,0,-1.000,-1.000
12679,0,-1.000,-1.000
12680,0,-1.000,-1.000
12681,0,-1.000,-1.000
12682,0,-1.000,-1.000
12683,0,-1.000,-1.000
12684,0,-1.000,-1.000
12685,0,-1.000,-1.000
12686,0,-1.000,-1.000
12687,0,-1.000,-1.000
12688,0,-1.000,-1.000
12689,0,-1.000,-1.000
12690,0,-1.000,-1.000
12691,0,-1.000,-1.000
12692,0,-1.000,-1.000
12693,0,-1.000,-1.000
12694,0,-1.000,-1.000
12695,0,-1.000,-1.000
12696,0,-1.000,-1.000
12697,0,-1.000,-1.000
12698,0,-1.000,-1.000
12699,0,-1.000,-1.000
12700,0,-1.000,-1.000
12701,0,-1.000,-1.000
12702,0,-1.000,-1.000
12703,0,-1.000,-1.000
12704,0,-1.000,-1.000
12705,0,-1.000,-1.000
12706,0,-1.000,-1.000
12707,0,-1.000,-1.000
12708,0,-1.000,-1.000
12709,0,-1.000,-1.000
12710,0,-1.000,-1.000
12711,0,-1.000,-1.000
12712,0,-1.000,-1.000
12713,0,-1.000,-1.000
12714,0,-1.000,-1.000
12715,0,-1.000,-1.000
12716,0,-1.000,-1.000
12717,0,-1.000,-1.000
12718,0,-1.000,-1.000
12719,0,-1.000,-1.000
12720,0,-1.000,-1.000
12721,0,-1.000,-1.000
12722,0,-1.000,-1.000
12723,0,-1.000,-1.000
12724,0,-1.000,-1.000
12725,0,-1.000,-1.000
12726,0,-1.000,-1.000
12727,0,-1.000,-1.000
12728,0,-1.000,-1.000
12729,0,-1.000,-1.000
12730,0,-1.000,-1.000
12731,0,-1.000,-1.000
12732,0,-1.000,-1.000
12733,0,-1.000,-1.000
12734,0,-1.000,-1.000
12735,0,-1.000,-1.000
12736,0,-1.000,-1.000
12737,0,-1.000,-1.000
12738,0,-1.000,-1.000
12739,0,-1.000,-1.000
12740,0,-1.000,-1.000
12741,0,-1.000,-1.000
12742,0,-1.000,-1.000
12743,0,-1.000,-1.000
12744,0,-1.000,-1.000
12745,0,-1.000,-1.000
12746,0,-1.000,-1.000
12747,0,-1.000,-1.000
12748,0,-1.000,-1.000
12749,0,-1.000,-1.000
12750,0,-1.000,-1.000
12751,0,-1.000,-1.000
12752,0,-1.000,-1.000
12753,0,-1.000,-1.000
12754,0,-1.000,-1.000
12755,0,-1.000,-1.000
12756,0,-1.000,-1.000
12757,0,-1.000,-1.000
12758,0,-1.000,-1.000
12759,0,-1.000,-1.000
12760,0,-1.000,-1.000
12761,0,-1.000,-1.000
12762,0,-1.000,-1.000
12763,0,-1.000,-1.000
12764,0,-1.000,-1.000
12765,0,-1.000,-1.000
12766,0,-1.000,-1.000
12767,0,-1.000,-1.000
12768,0,-1.000,-1.000
12769,0,-1.000,-1.000
12770,0,-1.000,-1.000
12771,0,-1.000,-1.000
12772,0,-1.000,-1.000
12773,0,-1.000,-1.000
12774,0,-1.000,-1.000
12775,0,-1.000,-1.000
12776,0,-1.000,-1.000
12777,0,-1.000,-1.000
12778,0,-1.000,-1.000
12779,0,-1.000,-1.000
12780,0,-1.000,-1.000
12781,0,-1.000,-1.000
12782,0,-1.000,-1.000
12783,0,-1.000,-1.000
12784,0,-1.000,-1.000
12785,0,-1.000,-1.000
12786,0,-1.000,-1.000
12787,0,-1.000,-1.000
12788,0,-1.000,-1.000
12789,0,-1.000,-1.000
12790,0,-1.000,-1.000
12791,0,-1.000,-1.000
12792,0,-1.000,-1.000
12793,0,-1.000,-1.000
12794,0,-1.000,-1.000
12795,0,-1.000,-1.000
12796,0,-1.000,-1.000
12797,0,-1.000,-1.000
12798,0,-1.000,-1.000
12799,0,-1.000,-1.000
12800,0,-1.000,-1.000
12801,0,-1.000,-1.000
12802,0,-1.000,-1.000
12803,0,-1.000,-1.000
12804,0,-1.000,-1.000
12805,0,-1.000,-1.000
12806,0,-1.000,-1.000
12807,0,-1.000,-1.000
12808,0,-1.000,-1.000
12809,0,-1.000,-1.000
