Frame,Visibility,X,Y
6001,1,1194,427
6002,0,0,0
6003,0,0,0
6004,0,0,0
6005,0,0,0
6006,1,1187,336
6007,1,1162,314
6008,1,1146,295
6009,1,1121,276
6010,1,1110,265
6011,1,1085,239
6012,1,1069,234
6013,1,1043,222
6014,1,1029,211
6015,1,1012,201
6016,1,995,191
6017,1,975,186
6018,1,968,185
6019,1,948,176
6020,1,935,176
6021,1,910,175
6022,1,889,175
6023,1,889,175
6024,1,874,183
6025,1,858,185
6026,1,837,195
6027,1,837,195
6028,1,828,206
6029,1,816,210
6030,1,801,222
6031,0,0,0
6032,0,0,0
6033,0,0,0
6034,0,0,0
6035,0,0,0
6036,0,0,0
6037,0,0,0
6038,1,778,231
6039,1,781,231
6040,1,787,227
6041,1,787,227
6042,1,785,230
6043,1,795,240
6044,0,0,0
6045,0,0,0
6046,0,0,0
6047,0,0,0
6048,0,0,0
6049,0,0,0
6050,0,0,0
6051,0,0,0
6052,1,801,192
6053,1,799,184
6054,1,797,183
6055,1,789,181
6056,1,791,178
6057,1,797,180
6058,1,803,180
6059,1,803,180
6060,1,803,180
6061,1,803,189
6062,1,803,195
6063,1,795,197
6064,0,0,0
6065,0,0,0
6066,1,778,216
6067,1,758,220
6068,1,749,226
6069,1,735,241
6070,1,724,256
6071,1,714,269
6072,1,705,292
6073,1,684,303
6074,1,672,325
6075,1,659,352
6076,1,645,380
6077,1,634,417
6078,0,0,0
6079,0,0,0
6080,0,0,0
6081,0,0,0
6082,0,0,0
6083,1,568,519
6084,1,568,508
6085,1,568,505
6086,1,564,492
6087,1,566,488
6088,1,561,481
6089,1,557,472
6090,1,555,472
6091,1,551,468
6092,1,549,465
6093,1,545,455
6094,1,543,455
6095,1,536,455
6096,1,536,455
6097,1,536,453
6098,1,530,450
6099,1,526,449
6100,1,1117,241
6101,0,0,0
6102,0,0,0
6103,1,1091,256
6104,1,1091,266
6105,1,1079,272
6106,1,1075,275
6107,1,1071,265
6108,0,0,0
6109,1,1069,226
6110,1,1064,222
6111,1,1060,214
6112,1,1060,207
6113,1,1058,199
6114,1,1058,199
6115,1,1056,199
6116,1,1054,199
6117,1,1046,193
6118,1,1046,184
6119,1,1046,185
6120,1,1054,170
6121,1,1056,157
6122,1,1058,159
6123,1,1062,141
6124,1,1064,141
6125,1,1064,132
6126,1,1075,133
6127,1,1075,130
6128,1,1075,130
6129,1,1077,130
6130,1,1087,121
6131,1,1087,123
6132,1,1087,130
6133,1,1091,136
6134,1,1092,136
6135,1,1092,136
6136,1,1098,149
6137,1,1102,163
6138,1,1114,175
6139,1,1114,188
6140,1,1114,197
6141,1,1116,215
6142,1,1117,239
6143,1,1119,259
6144,1,1127,276
6145,1,1135,300
6146,0,0,0
6147,0,0,0
6148,1,1139,373
6149,0,0,0
6150,0,0,0
6151,0,0,0
6152,1,1089,303
6153,1,1083,293
6154,1,1068,280
6155,1,1048,256
6156,1,1029,246
6157,1,1023,237
6158,1,1008,225
6159,1,1000,210
6160,1,993,210
6161,1,968,199
6162,1,956,194
6163,1,945,193
6164,1,931,190
6165,1,920,187
6166,1,906,187
6167,1,902,187
6168,1,897,191
6169,1,885,198
6170,1,876,202
6171,0,0,0
6172,0,0,0
6173,0,0,0
6174,0,0,0
6175,0,0,0
6176,0,0,0
6177,0,0,0
6178,1,797,287
6179,1,793,288
6180,1,789,294
6181,1,789,281
6182,1,783,267
6183,1,776,258
6184,0,0,0
6185,0,0,0
6186,1,776,235
6187,0,0,0
6188,0,0,0
6189,1,797,220
6190,1,814,211
6191,1,833,204
6192,1,854,204
6193,1,866,195
6194,1,879,195
6195,0,0,0
6196,0,0,0
6197,0,0,0
6198,1,977,199
6199,1,996,200
6200,1,1014,206
6201,1,1039,213
6202,1,1069,222
6203,1,1110,246
6204,1,1121,253
6205,1,1142,264
6206,0,0,0
6207,0,0,0
6208,0,0,0
6209,1,1119,220
6210,1,1121,207
6211,1,1116,207
6212,1,1100,203
6213,1,1100,203
6214,1,1100,203
6215,1,1096,195
6216,1,1089,193
6217,1,1079,191
6218,1,1075,194
6219,1,1071,190
6220,1,1068,191
6221,1,1066,193
6222,1,1046,202
6223,1,1043,203
6224,1,1039,210
6225,1,1029,227
6226,0,0,0
6227,0,0,0
6228,1,1000,249
6229,1,991,241
6230,0,0,0
6231,1,973,264
6232,1,968,264
6233,1,962,279
6234,1,954,286
6235,1,968,303
6236,1,962,316
6237,1,956,334
6238,1,954,345
6239,1,954,339
6240,1,952,324
6241,1,950,318
6242,1,952,311
6243,1,950,308
6244,1,948,305
6245,0,0,0
6246,0,0,0
6247,0,0,0
6248,0,0,0
6249,0,0,0
6250,0,0,0
6251,0,0,0
6252,1,931,203
6253,1,922,199
6254,1,899,224
6255,1,883,233
6256,1,862,260
6257,1,849,276
6258,1,826,311
6259,1,803,334
6260,1,780,373
6261,1,764,411
6262,1,732,458
6263,1,703,501
6264,1,678,567
6265,1,653,613
6266,1,620,639
6267,1,593,630
6268,1,559,636
6269,1,555,645
6270,1,515,672
6271,1,474,688
6272,1,442,713
6273,1,413,737
6274,1,367,767
6275,1,344,804
6276,1,367,726
6277,1,401,644
6278,1,444,551
6279,1,490,464
6280,1,513,405
6281,1,543,345
6282,1,574,294
6283,1,611,249
6284,1,614,240
6285,1,639,188
6286,1,653,175
6287,1,666,152
6288,1,687,131
6289,1,705,121
6290,1,714,112
6291,1,724,96
6292,1,743,85
6293,1,755,82
6294,1,762,80
6295,1,772,76
6296,1,783,73
6297,1,799,68
6298,1,801,69
6299,1,804,70
6300,1,826,73
6301,1,833,79
6302,1,833,81
6303,1,837,87
6304,1,845,89
6305,1,858,99
6306,1,864,109
6307,0,0,0
6308,1,874,116
6309,1,874,130
6310,1,881,134
6311,1,895,145
6312,1,889,152
6313,1,893,161
6314,1,906,176
6315,1,904,189
6316,1,912,190
6317,1,910,195
6318,1,922,193
6319,1,918,187
6320,1,918,175
6321,1,922,165
6322,1,925,158
6323,1,925,144
6324,0,0,0
6325,1,927,135
6326,1,929,130
6327,1,933,125
6328,1,925,122
6329,1,918,123
6330,1,914,122
6331,1,900,114
6332,1,891,112
6333,1,885,109
6334,1,876,109
6335,1,868,110
6336,1,858,113
6337,1,849,116
6338,1,841,125
6339,1,829,132
6340,1,818,141
6341,1,808,148
6342,1,801,156
6343,1,785,180
6344,1,772,189
6345,1,764,213
6346,1,745,231
6347,1,737,245
6348,0,0,0
6349,0,0,0
6350,0,0,0
6351,0,0,0
6352,0,0,0
6353,0,0,0
6354,0,0,0
6355,0,0,0
6356,0,0,0
6357,0,0,0
6358,0,0,0
6359,0,0,0
6360,1,804,273
6361,1,801,269
6362,0,0,0
6363,1,808,228
6364,1,808,218
6365,1,806,211
6366,1,808,204
6367,1,810,191
6368,1,810,191
6369,1,810,183
6370,1,810,183
6371,1,818,170
6372,1,816,167
6373,1,820,168
6374,1,826,170
6375,1,820,168
6376,0,0,0
6377,0,0,0
6378,0,0,0
6379,1,828,137
6380,1,831,137
6381,1,831,129
6382,1,831,114
6383,1,833,114
6384,1,843,98
6385,1,843,80
6386,1,845,75
6387,1,847,75
6388,1,852,65
6389,1,858,53
6390,1,872,50
6391,1,872,50
6392,1,877,44
6393,1,881,43
6394,1,885,43
6395,1,891,48
6396,1,902,56
6397,1,902,56
6398,1,902,56
6399,1,906,59
6400,1,910,66
6401,1,918,73
6402,1,939,87
6403,1,950,98
6404,1,950,117
6405,1,954,127
6406,1,964,138
6407,1,975,160
6408,1,987,185
6409,1,995,208
6410,1,1000,231
6411,1,1002,241
6412,1,1000,241
6413,1,1000,241
6414,1,1000,241
6415,1,995,241
6416,1,977,238
6417,1,977,238
6418,1,970,241
6419,1,970,241
6420,1,970,241
6421,1,970,241
6422,1,966,237
6423,1,966,237
6424,1,964,217
6425,1,968,201
6426,1,968,193
6427,1,970,184
6428,1,979,166
6429,1,991,153
6430,1,991,153
6431,1,995,139
6432,1,1000,129
6433,1,1006,119
6434,1,1010,114
6435,1,1025,100
6436,1,1031,98
6437,1,1039,95
6438,1,1044,87
6439,1,1050,87
6440,1,1064,87
6441,1,1075,87
6442,1,1085,87
6443,1,1092,87
6444,1,1100,91
6445,1,1112,102
6446,1,1121,109
6447,1,1125,110
6448,1,1152,126
6449,1,1156,139
6450,1,1167,152
6451,1,1181,167
6452,1,1183,178
6453,1,1190,184
6454,1,1196,193
6455,1,1196,201
6456,1,1196,218
6457,1,1194,224
6458,1,1208,237
6459,1,1206,240
6460,1,1212,252
6461,1,922,232
6462,1,906,230
6463,1,876,264
6464,1,858,282
6465,1,843,316
6466,1,810,362
6467,1,783,388
6468,1,755,435
6469,1,730,480
6470,1,699,532
6471,1,664,589
6472,1,634,642
6473,1,586,692
6474,1,545,680
6475,1,515,705
6476,1,488,716
6477,1,453,724
6478,1,399,764
6479,1,351,781
6480,1,303,812
6481,1,228,873
6482,1,244,843
6483,1,298,743
6484,1,338,653
6485,1,390,573
6486,1,432,519
6487,1,459,460
6488,1,505,403
6489,1,534,368
6490,1,557,337
6491,1,586,298
6492,1,612,270
6493,1,622,253
6494,1,641,234
6495,1,670,210
6496,1,689,201
6497,1,699,198
6498,1,714,183
6499,1,728,180
6500,1,741,172
6501,1,753,172
6502,1,760,168
6503,1,766,168
6504,1,785,171
6505,1,801,168
6506,1,804,168
6507,1,818,171
6508,1,831,179
6509,1,839,180
6510,1,843,190
6511,1,845,191
6512,1,854,201
6513,1,860,203
6514,1,866,211
6515,1,885,225
6516,1,879,225
6517,1,895,247
6518,1,895,247
6519,1,900,240
6520,1,900,227
6521,1,899,213
6522,1,906,213
6523,1,906,202
6524,1,906,195
6525,0,0,0
6526,1,920,181
6527,0,0,0
6528,1,918,173
6529,1,920,173
6530,1,925,176
6531,1,941,167
6532,1,948,172
6533,1,956,168
6534,1,970,172
6535,1,981,174
6536,1,995,180
6537,1,1010,184
6538,0,0,0
6539,1,1035,199
6540,1,1054,211
6541,1,1069,222
6542,1,1085,237
6543,1,1108,256
6544,0,0,0
6545,1,1125,257
6546,1,1129,249
6547,1,1123,219
6548,1,1125,219
6549,1,1125,203
6550,1,1125,199
6551,1,1121,186
6552,1,1121,186
6553,1,1129,176
6554,1,1129,176
6555,1,1129,176
6556,1,1129,176
6557,1,1129,176
6558,1,1123,184
6559,1,1123,190
6560,1,1123,176
6561,1,1121,163
6562,1,1121,160
6563,1,1116,150
6564,1,1116,150
6565,1,1116,144
6566,1,1116,131
6567,1,1108,130
6568,1,1108,130
6569,1,1110,129
6570,1,1102,123
6571,1,1102,123
6572,1,1102,123
6573,0,0,0
6574,1,1102,123
6575,1,1091,131
6576,1,1091,139
6577,1,1091,141
6578,1,1089,145
6579,1,1087,152
6580,1,1083,172
6581,1,1081,187
6582,1,1066,201
6583,1,1058,221
6584,1,1060,231
6585,1,1048,235
6586,1,1025,234
6587,1,996,224
6588,1,991,221
6589,1,966,214
6590,0,0,0
6591,0,0,0
6592,0,0,0
6593,0,0,0
6594,1,910,224
6595,1,897,232
6596,1,897,222
6597,1,897,215
6598,1,891,194
6599,1,887,177
6600,1,887,176
6601,1,881,165
6602,1,881,159
6603,0,0,0
6604,0,0,0
6605,0,0,0
6606,1,872,134
6607,0,0,0
6608,1,862,137
6609,1,858,129
6610,1,856,137
6611,1,854,140
6612,1,854,145
6613,1,845,157
6614,1,843,160
6615,1,841,164
6616,1,841,166
6617,1,826,177
6618,1,826,177
6619,1,824,162
6620,1,818,162
6621,1,818,162
6622,0,0,0
6623,0,0,0
6624,0,0,0
6625,0,0,0
6626,0,0,0
6627,1,885,240
6628,1,885,260
6629,1,885,284
6630,1,889,318
6631,1,891,347
6632,1,895,383
6633,1,910,441
6634,0,0,0
6635,1,897,551
6636,1,906,569
6637,1,910,623
6638,0,0,0
6639,0,0,0
6640,1,916,716
6641,0,0,0
6642,1,914,686
6643,1,914,670
6644,1,914,666
6645,1,914,666
6646,1,912,662
6647,0,0,0
6648,1,912,662
6649,0,0,0
6650,1,912,662
6651,1,906,681
6652,1,902,606
6653,1,902,534
6654,1,902,472
6655,1,908,413
6656,1,904,368
6657,1,908,327
6658,1,906,316
6659,1,908,271
6660,1,916,264
6661,1,918,254
6662,1,900,237
6663,1,910,240
6664,1,912,237
6665,1,918,228
6666,1,918,228
6667,1,918,228
6668,1,918,228
6669,1,908,224
6670,1,900,216
6671,1,893,216
6672,1,893,218
6673,1,881,217
6674,1,872,217
6675,1,872,219
6676,1,858,231
6677,1,854,243
6678,1,854,249
6679,1,833,265
6680,1,820,276
6681,1,814,289
6682,1,810,306
6683,1,801,328
6684,1,797,339
6685,1,774,381
6686,1,774,397
6687,1,756,438
6688,1,751,477
6689,1,735,495
6690,0,0,0
6691,0,0,0
6692,0,0,0
6693,0,0,0
6694,0,0,0
6695,0,0,0
6696,0,0,0
6697,0,0,0
6698,0,0,0
6699,0,0,0
6700,0,0,0
6701,0,0,0
6702,0,0,0
6703,0,0,0
6704,1,668,461
6705,1,682,408
6706,1,699,382
6707,1,710,345
6708,1,714,291
6709,1,730,276
6710,1,739,245
6711,1,745,228
6712,1,760,208
6713,1,776,187
6714,1,778,185
6715,1,783,165
6716,1,797,162
6717,1,808,152
6718,1,812,147
6719,1,812,147
6720,1,814,147
6721,1,826,147
6722,1,829,151
6723,1,839,154
6724,1,843,156
6725,1,851,163
6726,0,0,0
6727,1,856,174
6728,1,866,188
6729,1,870,197
6730,1,874,206
6731,1,876,213
6732,1,879,226
6733,1,887,237
6734,1,887,243
6735,1,904,237
6736,1,931,237
6737,1,935,237
6738,1,952,233
6739,1,975,234
6740,1,991,234
6741,1,1006,237
6742,1,1031,244
6743,1,1048,256
6744,1,1073,272
6745,1,1096,274
6746,1,1119,301
6747,1,1154,312
6748,1,1162,326
6749,1,1196,351
6750,1,1215,368
6751,1,1250,397
6752,1,1279,438
6753,1,1298,465
6754,1,1317,495
6755,1,1359,526
6756,1,1394,561
6757,1,1425,552
6758,1,1442,550
6759,1,1473,546
6760,1,1505,553
6761,1,1534,555
6762,0,0,0
6763,0,0,0
6764,0,0,0
6765,0,0,0
6766,0,0,0
6767,0,0,0
6768,1,1551,459
6769,1,1496,396
6770,1,1459,372
6771,1,1413,310
6772,1,1377,276
6773,1,1329,241
6774,0,0,0
6775,1,1263,184
6776,1,1233,161
6777,1,1187,134
6778,1,1165,114
6779,1,1135,110
6780,1,1102,83
6781,1,1087,79
6782,1,1064,73
6783,1,1031,71
6784,1,1020,59
6785,1,1002,51
6786,1,977,42
6787,1,950,55
6788,1,945,51
6789,1,929,52
6790,1,916,55
6791,1,879,59
6792,1,876,69
6793,1,872,67
6794,1,862,72
6795,1,843,87
6796,1,829,102
6797,1,820,103
6798,1,806,114
6799,1,793,129
6800,1,793,129
6801,1,778,157
6802,1,770,168
6803,1,762,173
6804,1,760,183
6805,1,764,205
6806,1,785,204
6807,1,806,211
6808,1,818,215
6809,1,835,224
6810,1,866,230
6811,1,904,254
6812,1,945,281
6813,1,966,302
6814,1,985,323
6815,1,1014,339
6816,1,1046,363
6817,1,1077,376
6818,1,1102,430
6819,1,1137,456
6820,1,1140,456
6821,1,1140,424
6822,1,1129,381
6823,1,1108,350
6824,1,1102,332
6825,1,1089,284
6826,1,1068,265
6827,1,1068,245
6828,1,1052,219
6829,1,1043,185
6830,1,1035,185
6831,1,1020,156
6832,1,1012,156
6833,1,1002,132
6834,1,996,132
6835,1,995,129
6836,1,968,106
6837,1,975,107
6838,1,968,109
6839,1,962,113
6840,1,962,113
6841,1,956,108
6842,0,0,0
6843,0,0,0
6844,0,0,0
6845,1,933,124
6846,1,945,165
6847,1,945,183
6848,1,954,207
6849,1,966,257
6850,1,968,286
6851,1,985,338
6852,1,991,386
6853,1,1000,424
6854,1,1000,459
6855,1,1021,564
6856,1,1033,623
6857,1,1044,647
6858,1,1058,666
6859,1,1073,689
6860,1,1075,712
6861,1,1098,770
6862,1,1133,840
6863,1,1142,888
6864,1,1154,968
6865,0,0,0
6866,0,0,0
6867,0,0,0
6868,0,0,0
6869,0,0,0
6870,1,1025,159
6871,1,1037,154
6872,1,1046,152
6873,0,0,0
6874,1,1052,158
6875,1,1062,167
6876,1,1069,165
6877,1,1079,165
6878,1,1079,165
6879,1,1079,175
6880,1,1085,184
6881,1,1092,188
6882,1,1092,190
6883,1,1092,202
6884,1,1092,205
6885,1,1096,206
6886,1,1098,207
6887,1,1102,195
6888,1,1106,181
6889,1,1114,173
6890,1,1117,165
6891,1,1121,164
6892,1,1121,159
6893,1,1129,149
6894,1,1129,149
6895,1,1125,145
6896,1,1139,137
6897,1,1139,137
6898,1,1142,124
6899,1,1146,114
6900,1,1146,114
6901,1,1150,113
6902,1,1156,103
6903,1,1164,100
6904,1,1164,100
6905,1,1164,97
6906,1,1167,96
6907,1,1169,98
6908,1,1171,98
6909,1,1175,98
6910,1,1175,98
6911,1,1185,104
6912,1,1188,114
6913,1,1188,112
6914,1,1190,121
6915,1,1198,143
6916,1,1198,143
6917,1,1206,153
6918,1,1206,161
6919,1,1213,192
6920,1,1213,199
6921,1,1215,214
6922,1,1215,249
6923,1,1227,268
6924,1,1227,296
6925,1,1236,319
6926,1,1236,357
6927,1,1236,391
6928,1,1240,426
6929,1,1242,478
6930,1,1250,513
6931,1,1258,562
6932,1,1256,589
6933,1,1261,576
6934,1,1267,569
6935,1,1279,561
6936,1,1279,570
6937,1,1288,561
6938,1,1290,556
6939,1,1296,571
6940,1,1300,569
6941,1,1288,558
6942,0,0,0
6943,0,0,0
6944,1,1192,406
6945,1,1171,370
6946,1,1150,337
6947,1,1121,310
6948,1,1094,264
6949,1,1079,248
6950,1,1054,232
6951,1,1027,208
6952,1,1014,195
6953,1,996,180
6954,1,983,178
6955,1,968,165
6956,1,947,161
6957,1,935,156
6958,1,924,156
6959,1,914,151
6960,1,904,151
6961,1,897,152
6962,1,883,157
6963,1,870,160
6964,1,860,163
6965,1,851,176
6966,1,843,183
6967,1,829,197
6968,1,826,200
6969,1,824,210
6970,1,814,220
6971,0,0,0
6972,0,0,0
6973,1,870,220
6974,1,852,225
6975,1,870,221
6976,1,887,227
6977,1,902,221
6978,1,920,222
6979,1,929,230
6980,1,950,229
6981,1,979,243
6982,1,989,254
6983,1,1018,269
6984,1,1025,276
6985,1,1041,291
6986,1,1068,307
6987,1,1087,328
6988,1,1102,343
6989,1,1121,360
6990,1,1158,404
6991,1,1177,429
6992,1,1206,468
6993,1,1217,485
6994,1,1252,532
6995,1,1260,561
6996,1,1275,545
6997,1,1286,538
6998,1,1300,534
6999,1,1313,543
7000,1,1331,542
7001,1,1340,543
7002,1,1367,564
7003,1,1377,564
7004,0,0,0
7005,0,0,0
7006,0,0,0
7007,0,0,0
7008,0,0,0
7009,0,0,0
7010,1,1327,499
7011,1,1300,443
7012,1,1275,419
7013,1,1233,373
7014,1,1204,341
7015,1,1177,320
7016,1,1152,298
7017,1,1110,267
7018,1,1100,260
7019,1,1079,237
7020,1,1066,228
7021,1,1039,219
7022,1,1012,210
7023,1,1002,203
7024,1,991,193
7025,1,979,190
7026,1,966,190
7027,1,947,190
7028,1,929,190
7029,1,922,193
7030,1,900,198
7031,1,891,207
7032,1,883,210
7033,1,877,214
7034,1,866,222
7035,1,866,228
7036,0,0,0
7037,0,0,0
7038,0,0,0
7039,0,0,0
7040,0,0,0
7041,0,0,0
7042,0,0,0
7043,0,0,0
7044,0,0,0
7045,0,0,0
7046,0,0,0
7047,0,0,0
7048,0,0,0
7049,0,0,0
7050,0,0,0
7051,0,0,0
7052,1,833,191
7053,1,843,185
7054,1,864,170
7055,1,876,170
7056,1,889,161
7057,1,904,153
7058,1,920,156
7059,1,933,145
7060,1,943,149
7061,1,954,149
7062,1,973,152
7063,1,995,154
7064,1,1014,158
7065,1,1027,171
7066,1,1043,181
7067,1,1056,183
7068,1,1071,191
7069,1,1091,208
7070,1,1102,218
7071,1,1131,242
7072,1,1144,249
7073,1,1165,279
7074,1,1185,291
7075,0,0,0
7076,0,0,0
7077,0,0,0
7078,0,0,0
7079,0,0,0
7080,1,1146,289
7081,1,1112,289
7082,1,1102,275
7083,1,1069,241
7084,1,1043,228
7085,1,1031,228
7086,1,1025,228
7087,1,1002,224
7088,1,977,218
7089,0,0,0
7090,0,0,0
7091,0,0,0
7092,1,906,208
7093,1,897,208
7094,1,891,210
7095,1,872,219
7096,1,856,227
7097,1,849,229
7098,1,835,235
7099,1,822,242
7100,0,0,0
7101,0,0,0
7102,0,0,0
7103,1,785,276
7104,1,780,264
7105,0,0,0
7106,0,0,0
7107,1,764,232
7108,0,0,0
7109,0,0,0
7110,1,785,210
7111,1,793,198
7112,1,814,194
7113,1,829,184
7114,1,837,183
7115,1,852,181
7116,1,858,175
7117,1,879,165
7118,1,891,165
7119,1,910,174
7120,1,925,176
7121,1,933,179
7122,1,947,180
7123,1,960,180
7124,1,975,203
7125,0,0,0
7126,1,1014,221
7127,1,1039,222
7128,1,1039,230
7129,1,1050,247
7130,1,1087,279
7131,1,1102,286
7132,1,1110,312
7133,1,1131,333
7134,1,1137,335
7135,1,1146,357
7136,1,1164,369
7137,1,1183,396
7138,1,1187,381
7139,1,1196,372
7140,1,1210,361
7141,1,1215,354
7142,1,1223,346
7143,1,1238,342
7144,0,0,0
7145,0,0,0
7146,0,0,0
7147,0,0,0
7148,0,0,0
7149,0,0,0
7150,0,0,0
7151,0,0,0
7152,1,1215,291
7153,1,1190,278
7154,1,1162,256
7155,1,1140,251
7156,1,1110,233
7157,1,1075,218
7158,1,1062,228
7159,1,1025,210
7160,1,1006,210
7161,1,979,211
7162,1,960,210
7163,1,939,202
7164,1,924,205
7165,0,0,0
7166,0,0,0
7167,1,854,217
7168,1,839,220
7169,1,816,225
7170,1,804,232
7171,1,780,247
7172,1,768,254
7173,1,751,265
7174,1,735,274
7175,1,722,284
7176,1,710,291
7177,1,701,300
7178,1,689,287
7179,1,680,276
7180,1,680,269
7181,1,676,257
7182,0,0,0
7183,0,0,0
7184,0,0,0
7185,1,643,237
7186,0,0,0
7187,1,636,221
7188,0,0,0
7189,0,0,0
7190,1,685,198
7191,1,708,190
7192,1,728,187
7193,1,739,177
7194,1,766,168
7195,1,787,162
7196,1,806,161
7197,1,835,161
7198,1,854,161
7199,1,876,152
7200,1,893,161
7201,1,927,172
7202,1,947,172
7203,1,964,172
7204,1,987,183
7205,1,1016,198
7206,1,1035,199
7207,1,1071,219
7208,1,1094,232
7209,1,1119,248
7210,1,1139,261
7211,1,1171,298
7212,1,1190,314
7213,1,1217,327
7214,1,1236,352
7215,1,1267,380
7216,1,1290,405
7217,0,0,0
7218,0,0,0
7219,0,0,0
7220,0,0,0
7221,0,0,0
7222,0,0,0
7223,0,0,0
7224,0,0,0
7225,0,0,0
7226,0,0,0
7227,0,0,0
7228,0,0,0
7229,1,1279,248
7230,1,1275,231
7231,1,1260,237
7232,1,1258,237
7233,1,1252,237
7234,1,1238,231
7235,1,1233,231
7236,1,1221,232
7237,1,1212,245
7238,1,1212,245
7239,1,1196,244
7240,1,1196,248
7241,1,1190,264
7242,1,1187,270
7243,1,1175,283
7244,1,1169,295
7245,1,1173,287
7246,1,1165,287
7247,1,1165,267
7248,1,1167,257
7249,0,0,0
7250,0,0,0
7251,1,1167,237
7252,1,1167,234
7253,1,1167,227
7254,1,1167,227
7255,1,1167,227
7256,1,1167,227
7257,1,1167,227
7258,1,1167,227
7259,1,1152,220
7260,1,1142,216
7261,1,1131,203
7262,1,1117,194
7263,1,1102,186
7264,1,1098,185
7265,1,1085,172
7266,1,1075,172
7267,1,1058,164
7268,1,1041,165
7269,1,1035,162
7270,1,1016,154
7271,1,993,157
7272,1,993,157
7273,1,979,166
7274,1,972,168
7275,1,954,175
7276,1,929,189
7277,1,914,198
7278,1,904,207
7279,1,895,214
7280,1,874,225
7281,1,851,243
7282,1,843,268
7283,1,829,276
7284,1,810,295
7285,1,787,318
7286,1,781,335
7287,1,770,359
7288,1,751,377
7289,1,733,407
7290,1,722,409
7291,1,712,396
7292,1,710,396
7293,1,703,381
7294,1,691,373
7295,0,0,0
7296,0,0,0
7297,1,668,353
7298,1,660,356
7299,1,660,354
7300,1,659,352
7301,1,651,352
7302,1,645,352
7303,0,0,0
7304,0,0,0
7305,0,0,0
7306,0,0,0
7307,0,0,0
7308,0,0,0
7309,0,0,0
7310,0,0,0
7311,0,0,0
7312,0,0,0
7313,0,0,0
7314,0,0,0
7315,0,0,0
7316,0,0,0
7317,0,0,0
7318,0,0,0
7319,0,0,0
7320,1,741,221
7321,1,745,230
7322,0,0,0
7323,0,0,0
7324,0,0,0
7325,0,0,0
7326,0,0,0
7327,0,0,0
7328,0,0,0
7329,0,0,0
7330,0,0,0
7331,0,0,0
7332,0,0,0
7333,0,0,0
7334,0,0,0
7335,0,0,0
7336,0,0,0
7337,0,0,0
7338,0,0,0
7339,0,0,0
7340,0,0,0
7341,0,0,0
7342,0,0,0
7343,0,0,0
7344,0,0,0
7345,0,0,0
7346,0,0,0
7347,0,0,0
7348,0,0,0
7349,0,0,0
7350,1,756,237
7351,1,751,225
7352,1,749,222
7353,1,737,218
7354,1,722,208
7355,1,720,208
7356,1,705,210
7357,1,691,214
7358,1,685,218
7359,1,676,220
7360,0,0,0
7361,1,662,230
7362,1,649,235
7363,1,641,244
7364,1,632,256
7365,1,618,272
7366,1,614,280
7367,1,601,297
7368,0,0,0
7369,0,0,0
7370,1,578,359
7371,1,568,375
7372,0,0,0
7373,0,0,0
7374,0,0,0
7375,0,0,0
7376,0,0,0
7377,0,0,0
7378,0,0,0
7379,0,0,0
7380,0,0,0
7381,0,0,0
7382,0,0,0
7383,0,0,0
7384,0,0,0
7385,0,0,0
7386,0,0,0
7387,0,0,0
7388,1,580,244
7389,1,595,225
7390,1,605,208
7391,1,630,183
7392,1,645,172
7393,1,659,159
7394,1,674,151
7395,1,684,145
7396,1,703,136
7397,1,710,129
7398,1,730,129
7399,1,733,126
7400,1,749,126
7401,1,758,127
7402,1,764,126
7403,1,768,129
7404,1,783,129
7405,1,787,135
7406,1,789,141
7407,1,795,153
7408,1,810,148
7409,1,814,163
7410,1,814,170
7411,1,824,168
7412,1,829,178
7413,1,831,185
7414,1,841,189
7415,1,837,167
7416,1,837,163
7417,1,837,161
7418,1,843,148
7419,1,841,144
7420,1,841,129
7421,1,849,132
7422,1,849,131
7423,1,849,129
7424,1,849,126
7425,1,852,124
7426,1,854,121
7427,1,854,121
7428,1,854,121
7429,1,804,15
7430,0,0,0
7431,0,0,0
7432,0,0,0
7433,0,0,0
7434,0,0,0
7435,0,0,0
7436,0,0,0
7437,0,0,0
7438,0,0,0
7439,0,0,0
7440,0,0,0
7441,0,0,0
7442,0,0,0
7443,0,0,0
7444,0,0,0
7445,0,0,0
7446,0,0,0
7447,0,0,0
7448,0,0,0
7449,0,0,0
7450,0,0,0
7451,0,0,0
7452,1,1127,6
7453,1,1142,19
7454,1,1160,45
7455,1,1181,81
7456,1,1212,111
7457,1,1229,150
7458,1,1252,184
7459,1,1267,215
7460,1,1306,267
7461,1,1327,313
7462,1,1346,357
7463,1,1373,404
7464,1,1392,475
7465,1,1417,516
7466,1,1430,591
7467,0,0,0
7468,0,0,0
7469,0,0,0
7470,0,0,0
7471,1,1586,606
7472,0,0,0
7473,0,0,0
7474,1,1682,558
7475,1,1697,558
7476,1,1684,504
7477,1,1645,457
7478,1,1609,399
7479,1,1567,338
7480,1,1528,312
7481,1,1486,275
7482,1,1463,240
7483,1,1457,232
7484,1,1415,193
7485,1,1398,189
7486,1,1379,164
7487,1,1365,162
7488,1,1350,144
7489,1,1340,140
7490,1,1315,135
7491,1,1309,125
7492,1,1300,119
7493,1,1286,119
7494,1,1281,119
7495,1,1275,118
7496,1,1260,118
7497,1,1244,118
7498,1,1242,123
7499,1,1233,124
7500,1,1229,126
7501,1,1219,133
7502,1,1217,139
7503,1,1212,143
7504,1,1202,151
7505,1,1198,156
7506,1,1190,163
7507,1,1188,170
7508,1,1183,178
7509,1,1181,179
7510,1,1171,191
7511,1,1171,202
7512,1,1169,205
7513,1,1162,200
7514,1,1169,183
7515,1,1164,181
7516,1,1162,172
7517,1,1162,165
7518,1,1162,161
7519,1,1162,161
7520,1,1162,143
7521,1,1164,141
7522,1,1171,123
7523,1,1167,114
7524,1,1167,103
7525,1,1169,102
7526,1,1177,85
7527,1,1173,70
7528,0,0,0
7529,1,1181,72
7530,1,1181,59
7531,1,1183,55
7532,1,1188,50
7533,0,0,0
7534,1,1192,50
7535,1,1194,50
7536,1,1200,48
7537,0,0,0
7538,1,1200,48
7539,1,1204,53
7540,1,1204,53
7541,1,1204,53
7542,1,1208,66
7543,1,1212,75
7544,1,1212,77
7545,1,1215,96
7546,1,1217,107
7547,0,0,0
7548,1,1219,132
7549,1,1221,140
7550,1,1223,156
7551,1,1223,172
7552,1,1229,194
7553,1,1229,216
7554,0,0,0
7555,1,1229,224
7556,0,0,0
7557,0,0,0
7558,0,0,0
7559,0,0,0
7560,0,0,0
7561,0,0,0
7562,0,0,0
7563,0,0,0
7564,0,0,0
7565,0,0,0
7566,0,0,0
7567,0,0,0
7568,0,0,0
7569,0,0,0
7570,0,0,0
7571,1,924,282
7572,1,897,301
7573,1,858,343
7574,1,849,360
7575,1,826,399
7576,1,803,426
7577,1,760,492
7578,1,730,523
7579,1,701,581
7580,1,664,604
7581,1,637,600
7582,1,616,593
7583,1,584,598
7584,1,555,611
7585,1,518,622
7586,1,478,634
7587,1,442,652
7588,1,413,677
7589,1,338,714
7590,1,300,750
7591,1,250,761
7592,1,300,697
7593,1,340,606
7594,1,407,518
7595,1,457,438
7596,1,493,397
7597,1,534,325
7598,1,564,292
7599,1,589,248
7600,1,612,215
7601,1,647,178
7602,1,678,148
7603,1,689,132
7604,1,712,112
7605,1,733,99
7606,1,749,83
7607,1,776,72
7608,1,791,59
7609,1,804,57
7610,1,808,48
7611,1,829,41
7612,1,845,38
7613,1,856,37
7614,1,874,31
7615,1,881,33
7616,1,899,36
7617,1,900,39
7618,1,916,45
7619,1,922,49
7620,0,0,0
7621,1,945,57
7622,1,952,68
7623,1,952,75
7624,1,966,82
7625,1,975,86
7626,1,973,89
7627,1,989,104
7628,1,996,114
7629,1,1000,124
7630,1,1002,134
7631,1,1016,143
7632,1,1020,152
7633,1,1023,165
7634,1,1027,177
7635,1,1035,187
7636,1,1039,202
7637,1,1043,184
7638,1,1044,176
7639,1,1048,168
7640,1,1050,162
7641,0,0,0
7642,0,0,0
7643,0,0,0
7644,1,1050,132
7645,1,1039,130
7646,1,1037,122
7647,1,1020,204
7648,1,1025,222
7649,1,1039,248
7650,1,1050,266
7651,1,1066,289
7652,1,1085,325
7653,1,1096,356
7654,1,1110,381
7655,1,1129,434
7656,1,1142,467
7657,1,1158,517
7658,1,1177,563
7659,1,1194,594
7660,1,1206,590
7661,1,1229,591
7662,1,1250,592
7663,0,0,0
7664,0,0,0
7665,0,0,0
7666,0,0,0
7667,0,0,0
7668,1,1396,689
7669,1,1377,658
7670,1,1356,599
7671,1,1332,542
7672,1,1298,485
7673,1,1277,444
7674,1,1250,386
7675,1,1227,355
7676,1,1212,321
7677,1,1196,296
7678,1,1192,291
7679,1,1181,271
7680,1,1162,242
7681,1,1156,239
7682,1,1150,222
7683,1,1139,222
7684,1,1133,210
7685,1,1133,205
7686,1,1123,203
7687,1,1119,202
7688,1,1116,195
7689,1,1116,199
7690,1,1106,197
7691,1,1106,198
7692,1,1104,200
7693,1,1106,211
7694,1,1110,210
7695,1,1098,217
7696,1,1100,218
7697,1,1096,224
7698,1,1094,228
7699,1,1089,237
7700,1,1098,230
7701,1,1096,222
7702,1,1092,212
7703,1,1102,204
7704,1,1102,195
7705,1,1100,192
7706,1,1102,189
7707,1,1102,180
7708,1,1108,178
7709,1,1108,180
7710,1,1106,177
7711,1,1106,177
7712,1,1106,168
7713,1,1106,168
7714,1,1098,170
7715,1,1098,170
7716,1,1098,170
7717,1,1094,170
7718,1,1092,171
7719,1,1085,185
7720,1,1085,189
7721,1,1083,202
7722,1,1075,210
7723,1,1071,228
7724,1,1068,244
7725,1,1060,254
7726,1,1058,260
7727,1,1044,220
7728,1,1043,198
7729,1,1039,171
7730,1,1033,151
7731,1,1029,125
7732,1,1025,109
7733,1,1025,95
7734,1,1020,86
7735,1,1012,77
7736,1,1012,64
7737,1,1012,48
7738,1,998,48
7739,1,1002,39
7740,1,995,40
7741,1,998,33
7742,1,996,36
7743,1,991,33
7744,1,991,33
7745,1,991,35
7746,1,989,36
7747,1,989,36
7748,1,983,41
7749,1,981,48
7750,0,0,0
7751,1,977,64
7752,1,972,73
7753,1,972,78
7754,1,977,90
7755,1,977,92
7756,1,991,107
7757,1,1014,109
7758,1,1029,121
7759,0,0,0
7760,0,0,0
7761,1,1083,161
7762,1,1108,185
7763,1,1121,199
7764,1,1144,218
7765,0,0,0
7766,1,920,231
7767,1,910,246
7768,1,897,268
7769,1,872,288
7770,1,839,326
7771,1,829,346
7772,1,801,374
7773,1,770,417
7774,1,737,472
7775,1,714,497
7776,1,680,559
7777,1,653,592
7778,1,607,597
7779,1,589,596
7780,1,540,599
7781,1,503,613
7782,1,459,627
7783,1,459,627
7784,1,401,667
7785,1,357,674
7786,1,323,692
7787,1,276,731
7788,1,223,750
7789,1,182,799
7790,1,194,762
7791,1,263,681
7792,1,324,605
7793,1,380,557
7794,1,426,496
7795,1,472,442
7796,1,513,403
7797,1,557,367
7798,1,593,329
7799,1,618,306
7800,1,653,291
7801,1,691,264
7802,1,716,252
7803,1,718,252
7804,1,747,231
7805,1,774,228
7806,1,795,213
7807,1,820,211
7808,1,820,211
7809,1,833,211
7810,1,854,208
7811,1,872,210
7812,1,879,210
7813,1,900,213
7814,1,910,218
7815,1,914,222
7816,1,933,231
7817,1,945,235
7818,1,947,238
7819,0,0,0
7820,0,0,0
7821,0,0,0
7822,0,0,0
7823,0,0,0
7824,0,0,0
7825,0,0,0
7826,0,0,0
7827,0,0,0
7828,1,1014,195
7829,1,1029,197
7830,1,1029,195
7831,1,1033,192
7832,1,1041,188
7833,1,1048,190
7834,1,1048,188
7835,1,1048,189
7836,1,1060,192
7837,1,1073,189
7838,1,1079,185
7839,1,1083,185
7840,1,1087,185
7841,1,1096,185
7842,1,1106,191
7843,1,1116,199
7844,1,1129,210
7845,1,1144,218
7846,1,1146,221
7847,1,1165,245
7848,1,1169,258
7849,1,1188,271
7850,1,1196,284
7851,0,0,0
7852,0,0,0
7853,1,1206,261
7854,1,1212,240
7855,1,1210,237
7856,1,1210,232
7857,1,1212,222
7858,1,1212,211
7859,1,1213,211
7860,1,1213,211
7861,1,1213,211
7862,1,1213,211
7863,1,1213,211
7864,1,856,179
7865,1,862,180
7866,1,858,178
7867,1,860,176
7868,1,860,179
7869,1,874,171
7870,1,879,159
7871,1,895,161
7872,1,900,154
7873,1,914,149
7874,1,924,149
7875,1,933,147
7876,1,943,143
7877,1,947,143
7878,1,962,143
7879,1,970,144
7880,1,987,144
7881,1,1000,154
7882,1,1020,162
7883,1,1020,173
7884,1,1029,180
7885,1,1046,194
7886,1,1069,211
7887,1,1085,233
7888,1,1096,249
7889,1,1121,276
7890,1,1131,294
7891,1,1150,329
7892,1,1171,348
7893,1,1192,379
7894,1,1210,430
7895,1,1229,465
7896,1,1246,505
7897,1,1275,557
7898,1,1302,626
7899,1,1323,657
7900,1,1342,648
7901,1,1359,639
7902,1,1375,636
7903,1,1404,638
7904,1,1421,642
7905,1,1448,647
7906,0,0,0
7907,0,0,0
7908,0,0,0
7909,0,0,0
7910,0,0,0
7911,0,0,0
7912,1,1436,563
7913,1,1407,513
7914,1,1357,451
7915,1,1317,405
7916,1,1261,360
7917,1,1231,313
7918,1,1169,265
7919,1,1148,238
7920,1,1119,222
7921,1,1083,195
7922,1,1069,175
7923,1,1044,162
7924,1,1004,134
7925,1,1002,134
7926,1,977,129
7927,1,952,109
7928,1,933,109
7929,1,920,103
7930,1,900,95
7931,1,889,98
7932,1,881,104
7933,1,870,104
7934,1,854,104
7935,1,843,114
7936,1,843,114
7937,1,820,124
7938,1,816,137
7939,1,808,144
7940,1,804,154
7941,1,797,158
7942,1,789,171
7943,1,785,181
7944,1,774,188
7945,1,770,201
7946,1,760,210
7947,1,751,210
7948,1,726,218
7949,1,720,232
7950,0,0,0
7951,1,687,261
7952,1,680,275
7953,1,666,296
7954,1,649,315
7955,1,630,347
7956,1,593,389
7957,1,591,409
7958,1,568,446
7959,1,547,494
7960,0,0,0
7961,0,0,0
7962,0,0,0
7963,0,0,0
7964,1,685,402
7965,1,718,380
7966,1,747,364
7967,1,770,346
7968,1,804,330
7969,1,824,316
7970,1,858,310
7971,1,868,305
7972,1,887,288
7973,1,910,280
7974,1,931,284
7975,1,939,289
7976,1,941,293
7977,1,941,301
7978,1,943,314
7979,1,950,314
7980,1,948,330
7981,1,954,345
7982,1,962,347
7983,1,956,338
7984,1,954,329
7985,1,956,328
7986,1,814,717
7987,1,822,688
7988,1,851,621
7989,1,854,562
7990,1,885,490
7991,1,899,432
7992,1,920,381
7993,1,925,356
7994,1,939,311
7995,1,954,279
7996,1,962,254
7997,1,973,237
7998,1,979,222
7999,1,993,194
8000,1,996,187
8001,1,1010,181
8002,1,1014,172
8003,1,1018,163
8004,1,1029,163
8005,1,1031,160
8006,1,1039,162
8007,1,1041,156
8008,1,1048,158
8009,1,1050,159
8010,1,1052,166
8011,1,1062,167
8012,1,1064,174
8013,1,1069,181
8014,1,1075,188
8015,1,1079,193
8016,1,1081,202
8017,1,1087,210
8018,1,1089,217
8019,1,1092,220
8020,1,1096,206
8021,1,1098,195
8022,1,1102,186
8023,1,1108,174
8024,1,1114,170
8025,1,1112,166
8026,1,1114,156
8027,1,1119,156
8028,1,1119,150
8029,1,1127,152
8030,1,1125,137
8031,1,1131,130
8032,1,1135,132
8033,0,0,0
8034,0,0,0
8035,1,1146,111
8036,1,1154,103
8037,1,1156,102
8038,1,1162,98
8039,1,1165,96
8040,1,1167,93
8041,1,1173,94
8042,1,1177,96
8043,1,1183,96
8044,1,1188,99
8045,1,1190,106
8046,1,1192,113
8047,1,1198,120
8048,1,1206,132
8049,1,1210,137
8050,1,1213,150
8051,1,1219,171
8052,1,1225,181
8053,1,1227,191
8054,1,1235,217
8055,1,1238,238
8056,1,1244,264
8057,1,1244,289
8058,1,1254,310
8059,1,1261,348
8060,1,1261,375
8061,1,1265,411
8062,1,1273,453
8063,1,1275,489
8064,1,1283,509
8065,1,1286,503
8066,1,1290,494
8067,1,1296,483
8068,1,1294,480
8069,1,1304,478
8070,1,1311,472
8071,1,1315,472
8072,1,1321,477
8073,1,1323,480
8074,1,1325,484
8075,0,0,0
8076,0,0,0
8077,0,0,0
8078,0,0,0
8079,1,1102,310
8080,1,1060,276
8081,1,1025,259
8082,1,995,242
8083,1,972,228
8084,1,950,217
8085,1,924,206
8086,1,900,200
8087,1,891,201
8088,1,870,195
8089,1,843,202
8090,1,989,220
8091,1,966,215
8092,1,952,203
8093,1,935,203
8094,1,925,200
8095,1,914,203
8096,1,902,205
8097,1,889,203
8098,1,881,206
8099,1,876,215
8100,1,866,217
8101,1,856,220
8102,1,851,228
8103,1,845,233
8104,1,839,241
8105,1,831,246
8106,1,828,233
8107,1,829,222
8108,1,828,212
8109,1,826,200
8110,1,822,194
8111,1,820,187
8112,1,818,184
8113,1,818,181
8114,1,812,174
8115,1,812,171
8116,1,808,168
8117,1,806,172
8118,1,814,171
8119,1,822,171
8120,1,833,164
8121,1,845,162
8122,1,852,157
8123,1,862,156
8124,1,876,159
8125,1,889,159
8126,1,904,163
8127,1,916,167
8128,1,927,172
8129,1,948,178
8130,1,966,187
8131,1,977,200
8132,1,998,214
8133,1,1018,231
8134,1,1033,242
8135,1,1054,265
8136,1,1071,284
8137,1,1096,311
8138,1,1119,340
8139,1,1140,366
8140,1,1164,395
8141,1,1187,429
8142,1,1212,469
8143,1,1231,485
8144,1,1250,480
8145,1,1275,478
8146,1,1298,480
8147,1,1323,483
8148,1,1346,489
8149,1,1369,492
8150,1,1400,507
8151,1,1427,518
8152,1,1452,534
8153,1,1480,551
8154,1,1496,565
8155,0,0,0
8156,0,0,0
8157,0,0,0
8158,0,0,0
8159,0,0,0
8160,1,1465,512
8161,1,1411,457
8162,1,1371,417
8163,1,1340,382
8164,1,1300,345
8165,1,1267,318
8166,1,1236,294
8167,1,1208,276
8168,1,1185,261
8169,1,1156,247
8170,1,1133,232
8171,1,1112,221
8172,1,1083,210
8173,1,1064,202
8174,1,1044,195
8175,1,1023,193
8176,1,1006,192
8177,1,991,192
8178,1,975,193
8179,1,958,194
8180,1,943,197
8181,1,933,203
8182,1,916,208
8183,1,906,215
8184,1,891,221
8185,1,883,227
8186,1,874,237
8187,1,862,245
8188,0,0,0
8189,0,0,0
8190,0,0,0
8191,0,0,0
8192,0,0,0
8193,0,0,0
8194,1,812,259
8195,1,808,247
8196,1,803,238
8197,1,803,232
8198,1,797,226
8199,1,795,218
8200,1,789,214
8201,1,787,216
8202,1,780,208
8203,1,776,204
8204,1,772,198
8205,1,764,195
8206,1,758,195
8207,1,753,187
8208,1,747,188
8209,1,741,187
8210,1,737,187
8211,1,728,193
8212,1,718,194
8213,1,716,205
8214,1,710,210
8215,1,701,215
8216,1,693,225
8217,1,689,237
8218,0,0,0
8219,0,0,0
8220,0,0,0
8221,0,0,0
8222,0,0,0
8223,0,0,0
8224,0,0,0
8225,0,0,0
8226,0,0,0
8227,0,0,0
8228,0,0,0
8229,0,0,0
8230,0,0,0
8231,0,0,0
8232,0,0,0
8233,0,0,0
8234,0,0,0
8235,1,551,391
8236,1,545,390
8237,0,0,0
8238,0,0,0
8239,0,0,0
8240,0,0,0
8241,0,0,0
8242,0,0,0
8243,1,630,233
8244,1,639,218
8245,1,651,204
8246,1,662,191
8247,1,668,186
8248,1,682,180
8249,1,684,177
8250,1,693,177
8251,1,703,174
8252,0,0,0
8253,1,714,175
8254,1,718,178
8255,1,726,183
8256,0,0,0
8257,0,0,0
8258,0,0,0
8259,0,0,0
8260,0,0,0
8261,0,0,0
8262,0,0,0
8263,0,0,0
8264,1,762,184
8265,1,758,170
8266,1,764,165
8267,1,766,160
8268,0,0,0
8269,0,0,0
8270,0,0,0
8271,0,0,0
8272,0,0,0
8273,0,0,0
8274,0,0,0
8275,0,0,0
8276,0,0,0
8277,0,0,0
8278,1,787,164
8279,1,789,167
8280,1,785,170
8281,1,781,168
8282,1,781,166
8283,1,781,164
8284,1,778,160
8285,1,778,164
8286,1,778,160
8287,1,778,163
8288,1,772,162
8289,1,774,165
8290,1,768,168
8291,1,770,170
8292,1,764,168
8293,1,768,165
8294,1,852,153
8295,1,864,153
8296,1,879,156
8297,1,893,153
8298,1,904,156
8299,1,918,159
8300,1,929,161
8301,1,945,166
8302,1,956,177
8303,1,972,183
8304,1,987,190
8305,1,1002,207
8306,1,1021,222
8307,1,1033,235
8308,1,1054,257
8309,1,1069,275
8310,1,1089,299
8311,1,1104,323
8312,1,1123,353
8313,1,1142,379
8314,1,1162,419
8315,1,1181,454
8316,1,1202,494
8317,1,1223,535
8318,1,1238,531
8319,1,1246,525
8320,1,1263,526
8321,1,1281,528
8322,1,1292,527
8323,1,1308,532
8324,1,1325,537
8325,1,1340,540
8326,1,1356,555
8327,1,1377,569
8328,0,0,0
8329,0,0,0
8330,0,0,0
8331,0,0,0
8332,0,0,0
8333,1,1288,507
8334,1,1231,463
8335,1,1181,418
8336,1,1142,389
8337,1,1102,359
8338,1,1062,337
8339,1,1039,318
8340,1,1004,303
8341,1,979,291
8342,1,954,284
8343,1,935,281
8344,1,914,270
8345,1,899,265
8346,0,0,0
8347,0,0,0
8348,0,0,0
8349,0,0,0
8350,0,0,0
8351,0,0,0
8352,0,0,0
8353,1,804,256
8354,1,787,273
8355,1,770,298
8356,1,755,324
8357,1,737,347
8358,1,720,376
8359,1,701,405
8360,1,684,440
8361,1,662,477
8362,1,645,513
8363,1,624,510
8364,1,605,504
8365,1,586,497
8366,1,564,501
8367,1,545,498
8368,1,532,505
8369,1,503,511
8370,1,482,515
8371,1,455,527
8372,1,434,540
8373,1,417,556
8374,1,392,570
8375,1,367,598
8376,0,0,0
8377,0,0,0
8378,0,0,0
8379,0,0,0
8380,1,424,488
8381,1,455,444
8382,1,482,409
8383,1,507,377
8384,1,524,349
8385,1,547,328
8386,1,563,311
8387,1,584,291
8388,1,605,274
8389,1,616,260
8390,1,628,255
8391,1,645,246
8392,1,657,239
8393,1,666,237
8394,1,678,235
8395,1,691,230
8396,1,701,231
8397,1,708,235
8398,1,716,233
8399,1,724,235
8400,1,733,241
8401,1,739,241
8402,1,751,247
8403,0,0,0
8404,1,758,260
8405,1,764,270
8406,1,770,273
8407,1,772,260
8408,1,772,246
8409,1,774,237
8410,1,774,225
8411,1,774,219
8412,1,772,214
8413,1,778,207
8414,1,776,206
8415,1,778,202
8416,1,780,198
8417,1,783,198
8418,1,780,199
8419,1,778,202
8420,1,785,204
8421,1,785,202
8422,1,791,188
8423,0,0,0
8424,1,818,165
8425,1,829,161
8426,1,841,154
8427,1,852,145
8428,1,858,144
8429,1,874,133
8430,1,885,127
8431,1,900,129
8432,1,910,125
8433,1,924,119
8434,1,939,123
8435,1,947,120
8436,1,966,122
8437,1,977,133
8438,1,995,133
8439,1,1014,141
8440,1,1021,148
8441,1,1041,156
8442,1,1060,166
8443,1,1071,181
8444,1,1091,195
8445,1,1112,207
8446,1,1131,230
8447,1,1144,245
8448,1,1165,266
8449,0,0,0
8450,0,0,0
8451,0,0,0
8452,0,0,0
8453,1,1117,276
8454,1,1079,260
8455,1,1050,246
8456,1,1025,221
8457,1,1006,203
8458,1,983,187
8459,1,960,170
8460,1,941,157
8461,1,924,146
8462,1,902,136
8463,1,883,129
8464,1,868,123
8465,1,854,117
8466,1,831,113
8467,1,822,111
8468,1,806,110
8469,1,789,114
8470,1,776,113
8471,1,762,114
8472,1,749,124
8473,1,739,125
8474,1,728,134
8475,1,716,141
8476,1,703,149
8477,1,701,162
8478,1,687,168
8479,1,674,183
8480,1,668,195
8481,1,659,201
8482,1,653,222
8483,1,643,231
8484,1,991,194
8485,1,1006,206
8486,1,1020,215
8487,1,1033,235
8488,1,1052,249
8489,1,1069,275
8490,1,1085,295
8491,1,1102,324
8492,1,1121,352
8493,1,1142,384
8494,1,1160,413
8495,1,1177,446
8496,1,1198,488
8497,1,1219,537
8498,1,1240,578
8499,1,1246,566
8500,1,1263,571
8501,1,1281,565
8502,1,1288,567
8503,1,1306,571
8504,1,1317,572
8505,1,1334,576
8506,1,1348,586
8507,0,0,0
8508,0,0,0
8509,0,0,0
8510,0,0,0
8511,0,0,0
8512,0,0,0
8513,1,1334,458
8514,1,1308,391
8515,1,1288,352
8516,1,1275,314
8517,1,1261,289
8518,1,1242,261
8519,1,1233,241
8520,1,1219,225
8521,1,1213,215
8522,1,1206,206
8523,1,1188,193
8524,1,1183,184
8525,1,1173,189
8526,1,1171,184
8527,1,1164,185
8528,1,1158,185
8529,1,1156,189
8530,1,1148,191
8531,1,1148,195
8532,1,1142,198
8533,1,1139,203
8534,1,1133,214
8535,1,1125,219
8536,1,1127,226
8537,1,1121,230
8538,1,1121,216
8539,1,1121,204
8540,1,1119,195
8541,1,1117,187
8542,1,1117,181
8543,1,1114,168
8544,1,1114,168
8545,1,1108,156
8546,1,1108,160
8547,1,1104,156
8548,1,1108,154
8549,1,1108,149
8550,1,1112,150
8551,1,1125,141
8552,1,1129,136
8553,1,1140,141
8554,1,1140,135
8555,1,1144,133
8556,1,1148,135
8557,1,1160,140
8558,1,1162,149
8559,1,1173,153
8560,1,1183,154
8561,1,1187,160
8562,1,1192,168
8563,1,1202,183
8564,1,1212,192
8565,1,1215,204
8566,1,1223,219
8567,1,1235,238
8568,1,1240,262
8569,1,1244,274
8570,1,1254,291
8571,1,1254,294
8572,1,1252,291
8573,1,1250,297
8574,1,1250,302
8575,1,1252,312
8576,1,1248,320
8577,1,1244,323
8578,1,1246,340
8579,1,1246,340
8580,1,1242,330
8581,1,1244,322
8582,1,1240,316
8583,1,1240,316
8584,1,1240,307
8585,1,1240,308
8586,1,1238,300
8587,1,1238,301
8588,1,1108,480
8589,1,1073,415
8590,1,1041,368
8591,1,1016,334
8592,1,998,303
8593,1,983,280
8594,1,966,256
8595,1,950,249
8596,1,937,233
8597,1,924,222
8598,1,920,221
8599,1,910,212
8600,1,899,211
8601,1,891,210
8602,1,881,206
8603,1,881,206
8604,1,872,211
8605,1,872,220
8606,1,858,217
8607,1,858,228
8608,1,852,224
8609,1,849,230
8610,1,849,214
8611,1,843,199
8612,1,841,195
8613,1,837,179
8614,1,837,178
8615,1,839,168
8616,1,831,166
8617,1,829,165
8618,1,826,161
8619,1,826,161
8620,1,837,149
8621,1,833,144
8622,1,841,140
8623,1,843,136
8624,1,845,130
8625,1,845,129
8626,1,854,122
8627,1,852,121
8628,1,858,122
8629,1,856,117
8630,1,862,116
8631,1,870,117
8632,1,866,120
8633,1,876,123
8634,1,876,125
8635,1,876,121
8636,1,879,129
8637,1,883,138
8638,1,881,144
8639,1,885,159
8640,1,889,170
8641,1,891,181
8642,1,895,194
8643,1,897,212
8644,1,902,230
8645,1,900,248
8646,1,904,274
8647,1,906,297
8648,1,910,328
8649,1,912,354
8650,1,914,386
8651,1,918,426
8652,1,922,464
8653,1,922,517
8654,1,922,561
8655,1,925,607
8656,1,927,643
8657,1,924,642
8658,1,925,633
8659,1,918,636
8660,1,918,638
8661,1,918,638
8662,1,912,647
8663,1,906,657
8664,1,900,673
8665,1,899,685
8666,1,895,646
8667,0,0,0
8668,0,0,0
8669,1,872,460
8670,1,868,423
8671,1,858,373
8672,1,856,350
8673,1,851,309
8674,1,841,281
8675,1,837,264
8676,1,833,244
8677,1,833,225
8678,1,826,214
8679,1,826,203
8680,1,822,195
8681,1,816,184
8682,1,814,184
8683,1,812,184
8684,1,816,184
8685,1,810,183
8686,1,808,186
8687,1,806,191
8688,1,808,198
8689,1,804,202
8690,1,804,211
8691,1,803,214
8692,1,803,232
8693,1,803,237
8694,1,806,251
8695,1,803,266
8696,1,803,275
8697,1,804,292
8698,1,799,297
8699,1,801,295
8700,1,793,274
8701,1,791,272
8702,1,783,258
8703,1,783,245
8704,1,787,234
8705,1,781,225
8706,1,785,224
8707,1,803,218
8708,1,824,211
8709,1,835,208
8710,1,862,205
8711,1,877,203
8712,1,899,207
8713,1,916,202
8714,1,933,212
8715,1,954,217
8716,1,977,216
8717,1,998,227
8718,1,1016,238
8719,1,1041,249
8720,1,1071,267
8721,1,1083,268
8722,1,1089,275
8723,1,1108,279
8724,1,1112,291
8725,1,1123,298
8726,1,1135,315
8727,0,0,0
8728,0,0,0
8729,0,0,0
8730,0,0,0
8731,0,0,0
8732,0,0,0
8733,0,0,0
8734,0,0,0
8735,0,0,0
8736,1,983,261
8737,1,968,238
8738,1,952,220
8739,1,941,212
8740,1,931,200
8741,1,920,193
8742,1,910,184
8743,1,906,189
8744,1,897,181
8745,1,889,186
8746,1,889,185
8747,1,877,190
8748,1,874,191
8749,1,876,195
8750,1,870,202
8751,1,860,207
8752,1,860,222
8753,1,860,221
8754,1,852,230
8755,1,852,208
8756,1,847,198
8757,1,847,187
8758,1,845,180
8759,1,837,162
8760,1,841,158
8761,1,845,154
8762,1,831,145
8763,1,835,143
8764,1,831,138
8765,1,826,138
8766,1,828,131
8767,1,828,130
8768,1,824,125
8769,1,826,119
8770,1,822,114
8771,1,826,114
8772,1,822,111
8773,1,826,111
8774,1,822,112
8775,1,824,116
8776,1,820,112
8777,1,818,119
8778,1,814,121
8779,1,814,116
8780,1,808,129
8781,1,808,135
8782,1,803,144
8783,1,803,152
8784,1,799,164
8785,1,797,183
8786,1,797,188
8787,1,789,207
8788,1,791,220
8789,1,783,238
8790,1,781,264
8791,1,780,285
8792,1,772,300
8793,1,770,336
8794,1,772,362
8795,1,762,395
8796,1,758,426
8797,1,758,462
8798,1,749,480
8799,1,741,472
8800,1,735,464
8801,1,726,470
8802,1,718,464
8803,1,707,462
8804,1,699,462
8805,1,691,471
8806,1,685,476
8807,1,678,484
8808,1,668,492
8809,1,657,505
8810,0,0,0
8811,1,660,459
8812,1,664,415
8813,1,670,381
8814,1,678,342
8815,1,682,323
8816,1,685,292
8817,1,691,271
8818,1,693,251
8819,1,697,233
8820,1,705,222
8821,1,705,211
8822,1,712,199
8823,1,712,192
8824,1,726,184
8825,1,730,178
8826,1,726,178
8827,1,730,183
8828,1,732,183
8829,1,737,183
8830,1,745,188
8831,1,747,187
8832,1,749,194
8833,1,755,207
8834,1,755,210
8835,1,756,219
8836,1,760,227
8837,1,764,240
8838,1,766,247
8839,1,772,262
8840,1,774,271
8841,1,780,276
8842,1,770,261
8843,1,776,249
8844,1,776,234
8845,1,785,230
8846,1,785,220
8847,1,793,202
8848,1,797,203
8849,1,804,198
8850,1,814,189
8851,1,820,189
8852,1,824,181
8853,1,835,178
8854,1,835,176
8855,1,847,177
8856,1,851,176
8857,1,858,183
8858,1,864,186
8859,1,874,185
8860,1,881,193
8861,1,893,206
8862,1,897,210
8863,1,906,222
8864,1,920,234
8865,1,924,253
8866,1,931,265
8867,1,945,284
8868,1,948,298
8869,0,0,0
8870,0,0,0
8871,0,0,0
8872,0,0,0
8873,1,889,211
8874,1,879,205
8875,1,868,188
8876,1,856,180
8877,1,843,170
8878,1,841,165
8879,1,829,163
8880,1,820,160
8881,1,812,157
8882,1,808,157
8883,1,810,160
8884,1,806,139
8885,1,810,122
8886,1,818,110
8887,1,824,102
8888,1,826,90
8889,1,833,75
8890,1,841,66
8891,1,843,56
8892,1,852,54
8893,1,856,46
8894,1,860,43
8895,1,866,41
8896,1,877,37
8897,1,881,30
8898,1,891,37
8899,1,899,35
8900,1,902,36
8901,1,906,37
8902,1,920,51
8903,1,922,48
8904,1,931,68
8905,1,939,73
8906,1,943,78
8907,1,948,94
8908,1,962,112
8909,1,964,123
8910,1,972,138
8911,1,981,163
8912,1,991,178
8913,1,998,199
8914,1,1004,218
8915,1,1012,239
8916,0,0,0
8917,1,1029,288
8918,1,1035,313
8919,1,1041,350
8920,1,1050,368
8921,1,1050,353
8922,1,1052,333
8923,1,1058,326
8924,1,1062,313
8925,1,1064,302
8926,0,0,0
8927,1,1073,278
8928,1,1079,269
8929,1,1087,265
8930,1,1085,262
8931,1,1089,256
8932,1,1096,258
8933,1,1098,255
8934,0,0,0
8935,1,1108,227
8936,1,1112,222
8937,1,1116,213
8938,1,1121,203
8939,1,1121,205
8940,1,1125,204
8941,1,1131,202
8942,1,1131,202
8943,1,1135,203
8944,1,1140,204
8945,1,1144,208
8946,1,1142,214
8947,1,1142,214
8948,1,1146,224
8949,1,1154,229
8950,1,1148,232
8951,1,1152,227
8952,1,1160,213
8953,1,1165,207
8954,1,1169,195
8955,1,1177,184
8956,1,1185,175
8957,1,1190,167
8958,1,1200,156
8959,1,1204,148
8960,1,1215,139
8961,1,1223,136
8962,1,1227,134
8963,1,1235,125
8964,1,1246,120
8965,1,1246,125
8966,1,1256,124
8967,1,1261,119
8968,1,1271,126
8969,1,1275,126
8970,1,1284,132
8971,1,1294,133
8972,1,1302,147
8973,1,1311,147
8974,1,1315,156
8975,1,1329,168
8976,1,1332,184
8977,1,1338,195
8978,1,1348,215
8979,1,1352,229
8980,1,1371,255
8981,1,1375,270
8982,1,1380,294
8983,1,1380,310
8984,1,1398,350
8985,1,1400,366
8986,1,1404,405
8987,1,1415,433
8988,1,1421,440
8989,1,1428,432
8990,1,1438,417
8991,1,1440,415
8992,0,0,0
8993,0,0,0
8994,0,0,0
8995,0,0,0
8996,0,0,0
8997,0,0,0
8998,0,0,0
8999,1,1365,278
9000,1,1342,249
9001,1,1317,226
9002,1,1290,212
9003,1,1281,195
9004,1,1256,183
9005,1,1231,167
9006,1,1215,164
9007,1,1202,159
9008,1,1188,156
9009,1,1173,147
9010,1,1160,146
9011,1,1139,140
9012,1,1129,145
9013,1,1114,144
9014,1,1098,147
9015,1,1087,156
9016,1,1079,154
9017,1,1071,162
9018,1,1060,157
9019,1,1050,168
9020,1,1041,178
9021,1,1046,173
9022,1,1050,172
9023,1,1058,162
9024,1,1058,162
9025,1,1068,161
9026,1,1071,160
9027,1,1083,165
9028,1,1085,165
9029,1,1092,174
9030,1,1100,179
9031,1,1104,181
9032,1,1110,190
9033,1,1114,194
9034,1,1125,212
9035,1,1131,222
9036,1,1137,235
9037,1,1144,254
9038,1,1150,276
9039,1,1160,295
9040,1,1167,312
9041,1,1169,337
9042,1,1179,361
9043,1,1185,382
9044,0,0,0
9045,0,0,0
9046,0,0,0
9047,1,1208,369
9048,1,1206,357
9049,1,1196,324
9050,1,1202,307
9051,1,1198,284
9052,1,1190,267
9053,1,1194,258
9054,1,1187,237
9055,1,1185,227
9056,1,1181,218
9057,1,1177,210
9058,1,1177,198
9059,1,1175,190
9060,1,1169,184
9061,1,1167,183
9062,1,1165,186
9063,1,1158,183
9064,1,1162,186
9065,1,1158,188
9066,1,1156,195
9067,1,1150,199
9068,1,1148,202
9069,1,1142,213
9070,1,1139,215
9071,1,1140,226
9072,1,1137,233
9073,1,1139,229
9074,1,1156,164
9075,1,1158,165
9076,1,1162,157
9077,1,1160,154
9078,1,1146,149
9079,1,1148,153
9080,1,1139,146
9081,1,1139,148
9082,1,1131,146
9083,1,1127,145
9084,1,1116,150
9085,1,1108,150
9086,1,1102,151
9087,1,1087,148
9088,1,1081,156
9089,1,1069,162
9090,1,1060,162
9091,1,1046,171
9092,1,1031,186
9093,1,1020,201
9094,1,1004,214
9095,1,991,220
9096,1,977,230
9097,1,958,254
9098,1,941,273
9099,1,920,292
9100,1,900,319
9101,1,879,342
9102,1,862,377
9103,1,835,408
9104,1,814,431
9105,1,783,473
9106,1,760,515
9107,1,733,550
9108,1,707,556
9109,1,680,555
9110,1,655,552
9111,1,630,555
9112,1,597,559
9113,1,570,570
9114,1,540,577
9115,1,518,564
9116,1,540,509
9117,1,547,458
9118,1,559,409
9119,1,574,362
9120,1,582,323
9121,1,595,288
9122,1,603,261
9123,1,614,225
9124,1,630,205
9125,1,636,185
9126,1,651,170
9127,1,655,153
9128,1,668,143
9129,1,674,129
9130,1,682,122
9131,1,687,113
9132,1,699,111
9133,1,707,104
9134,1,710,109
9135,1,714,106
9136,1,726,108
9137,1,732,111
9138,1,737,117
9139,1,749,120
9140,1,751,129
9141,1,764,141
9142,1,766,145
9143,1,772,157
9144,1,778,168
9145,1,780,176
9146,1,783,186
9147,1,795,201
9148,1,808,201
9149,1,818,202
9150,1,837,210
9151,1,851,214
9152,1,868,222
9153,1,883,232
9154,1,897,232
9155,1,908,248
9156,1,929,264
9157,1,950,283
9158,1,966,292
9159,1,985,321
9160,1,1004,336
9161,1,1027,363
9162,1,1044,389
9163,1,1068,418
9164,1,1079,445
9165,1,1069,417
9166,1,1062,400
9167,1,1046,375
9168,1,1041,362
9169,1,1029,339
9170,1,1016,321
9171,1,1002,309
9172,1,991,294
9173,1,977,281
9174,1,973,274
9175,1,958,271
9176,1,947,264
9177,1,941,262
9178,1,931,257
9179,1,920,256
9180,1,910,261
9181,1,902,261
9182,1,889,264
9183,1,885,270
9184,1,876,276
9185,1,868,285
9186,0,0,0
9187,0,0,0
9188,0,0,0
9189,0,0,0
9190,0,0,0
9191,0,0,0
9192,0,0,0
9193,0,0,0
9194,0,0,0
9195,0,0,0
9196,1,1002,172
9197,1,1027,184
9198,1,1043,192
9199,1,1062,210
9200,1,1079,226
9201,1,1100,246
9202,1,1121,267
9203,1,1146,295
9204,1,1167,318
9205,1,1190,359
9206,1,1215,382
9207,1,1242,423
9208,1,1265,462
9209,1,1294,509
9210,1,1323,561
9211,1,1352,611
9212,1,1380,669
9213,1,1407,665
9214,1,1421,664
9215,1,1450,663
9216,1,1475,659
9217,1,1482,669
9218,0,0,0
9219,0,0,0
9220,0,0,0
9221,0,0,0
9222,0,0,0
9223,0,0,0
9224,1,1521,555
9225,1,1478,483
9226,1,1438,422
9227,1,1407,369
9228,1,1380,335
9229,1,1354,298
9230,1,1334,270
9231,1,1315,256
9232,1,1296,231
9233,1,1279,222
9234,1,1258,205
9235,1,1248,195
9236,1,1235,194
9237,1,1227,194
9238,1,1213,187
9239,1,1210,187
9240,1,1194,188
9241,1,1185,195
9242,1,1177,195
9243,1,1175,197
9244,1,1169,203
9245,1,1160,207
9246,1,1152,216
9247,1,1144,224
9248,1,1139,230
9249,1,1140,240
9250,1,1135,248
9251,1,1131,234
9252,1,1123,222
9253,1,1129,213
9254,1,1125,204
9255,1,1119,192
9256,1,1117,187
9257,1,1114,184
9258,1,1108,176
9259,1,1110,172
9260,1,1108,172
9261,1,1104,168
9262,1,1100,168
9263,1,1106,176
9264,1,1108,173
9265,1,1117,170
9266,1,1129,175
9267,1,1131,172
9268,1,1142,181
9269,1,1158,188
9270,1,1162,191
9271,1,1171,195
9272,1,1181,211
9273,1,1196,224
9274,1,1204,239
9275,1,1217,254
9276,1,1233,279
9277,1,1244,299
9278,1,1258,319
9279,0,0,0
9280,0,0,0
9281,0,0,0
9282,1,1233,325
9283,1,1210,303
9284,1,1171,271
9285,1,1146,240
9286,1,1123,226
9287,1,1098,208
9288,1,1077,191
9289,1,1054,178
9290,1,1037,164
9291,1,1018,161
9292,1,998,141
9293,1,979,141
9294,1,958,140
9295,1,945,136
9296,1,931,135
9297,1,918,133
9298,1,897,134
9299,1,889,141
9300,1,881,145
9301,1,860,145
9302,1,851,156
9303,1,837,156
9304,1,833,168
9305,1,820,165
9306,1,810,181
9307,1,801,184
9308,1,789,195
9309,0,0,0
9310,0,0,0
9311,1,768,224
9312,1,762,216
9313,1,753,204
9314,1,753,191
9315,1,741,186
9316,1,737,177
9317,1,733,176
9318,1,726,167
9319,1,722,166
9320,1,722,166
9321,1,712,162
9322,1,707,158
9323,0,0,0
9324,1,716,149
9325,1,726,136
9326,1,737,126
9327,1,749,118
9328,1,758,109
9329,1,770,103
9330,1,783,92
9331,1,791,82
9332,1,808,86
9333,1,820,76
9334,1,829,80
9335,1,845,75
9336,1,856,69
9337,1,872,71
9338,1,885,72
9339,1,897,69
9340,1,914,79
9341,1,927,77
9342,1,941,82
9343,1,956,87
9344,1,973,95
9345,1,989,102
9346,1,1006,108
9347,1,1020,121
9348,1,1037,132
9349,1,1054,145
9350,1,1069,162
9351,1,1089,183
9352,1,1104,195
9353,1,1121,212
9354,1,1140,231
9355,1,1156,256
9356,1,1173,281
9357,1,1194,306
9358,1,1208,322
9359,1,1229,355
9360,1,1242,384
9361,0,0,0
9362,0,0,0
9363,0,0,0
9364,0,0,0
9365,0,0,0
9366,0,0,0
9367,0,0,0
9368,0,0,0
9369,0,0,0
9370,0,0,0
9371,0,0,0
9372,1,1321,324
9373,0,0,0
9374,0,0,0
9375,0,0,0
9376,0,0,0
9377,0,0,0
9378,1,1265,205
9379,1,1258,190
9380,1,1252,187
9381,1,1246,172
9382,1,1238,172
9383,1,1231,165
9384,1,1219,161
9385,1,1213,158
9386,1,1210,160
9387,1,1208,167
9388,1,1198,180
9389,1,1185,190
9390,1,1177,202
9391,1,1169,221
9392,1,1162,233
9393,1,1152,259
9394,1,1144,274
9395,1,1133,298
9396,1,1123,328
9397,1,1112,356
9398,1,1100,390
9399,1,1087,427
9400,1,1071,469
9401,1,1060,492
9402,1,1048,495
9403,1,1037,500
9404,1,1031,504
9405,1,1008,508
9406,1,1008,519
9407,1,993,535
9408,1,973,546
9409,1,954,576
9410,1,941,594
9411,1,929,619
9412,1,910,647
9413,1,422,426
9414,1,461,382
9415,1,501,337
9416,1,534,303
9417,1,564,278
9418,1,595,246
9419,1,622,230
9420,1,643,206
9421,1,674,193
9422,1,689,178
9423,1,705,171
9424,1,728,163
9425,1,741,157
9426,1,755,149
9427,1,778,151
9428,1,781,148
9429,1,793,151
9430,1,808,150
9431,1,820,153
9432,1,829,159
9433,1,837,156
9434,1,849,163
9435,1,856,167
9436,1,872,170
9437,1,874,177
9438,1,879,187
9439,1,891,197
9440,1,899,204
9441,1,904,211
9442,1,910,219
9443,1,918,222
9444,1,918,202
9445,1,924,195
9446,1,925,190
9447,1,927,177
9448,1,927,175
9449,1,927,165
9450,1,933,167
9451,1,929,159
9452,1,941,156
9453,1,925,154
9454,1,927,154
9455,1,922,156
9456,1,922,162
9457,1,922,163
9458,1,920,167
9459,1,916,176
9460,1,912,183
9461,1,904,191
9462,1,904,210
9463,1,900,226
9464,1,895,242
9465,1,889,267
9466,1,887,291
9467,1,877,308
9468,0,0,0
9469,0,0,0
9470,0,0,0
9471,0,0,0
9472,0,0,0
9473,0,0,0
9474,0,0,0
9475,0,0,0
9476,0,0,0
9477,1,866,200
9478,1,860,195
9479,1,860,195
9480,1,860,194
9481,1,862,195
9482,1,856,195
9483,1,858,202
9484,1,856,205
9485,1,856,213
9486,1,856,214
9487,1,854,218
9488,1,851,228
9489,1,854,238
9490,1,849,227
9491,1,854,222
9492,1,849,211
9493,1,847,203
9494,1,845,195
9495,1,841,186
9496,1,843,184
9497,1,847,178
9498,1,843,181
9499,1,841,175
9500,1,841,175
9501,1,837,175
9502,1,845,177
9503,1,845,168
9504,1,852,153
9505,1,860,147
9506,1,870,131
9507,1,881,126
9508,1,889,125
9509,1,902,111
9510,1,918,107
9511,1,929,99
9512,1,935,90
9513,1,948,92
9514,1,960,83
9515,1,970,82
9516,1,983,82
9517,1,996,77
9518,1,1010,79
9519,1,1023,81
9520,1,1043,82
9521,1,1056,90
9522,1,1069,96
9523,1,1081,102
9524,1,1094,110
9525,1,1110,120
9526,1,1129,129
9527,1,1148,141
9528,1,1162,156
9529,1,1181,170
9530,1,1194,189
9531,1,1212,205
9532,1,1229,224
9533,1,1246,252
9534,1,1261,270
9535,1,1283,294
9536,1,1302,320
9537,1,1315,346
9538,1,1336,376
9539,1,1352,401
9540,1,1363,393
9541,1,1380,381
9542,0,0,0
9543,0,0,0
9544,0,0,0
9545,0,0,0
9546,0,0,0
9547,0,0,0
9548,0,0,0
9549,1,1432,319
9550,1,1404,302
9551,0,0,0
9552,1,1319,276
9553,1,1281,254
9554,1,1238,253
9555,1,1208,249
9556,1,1171,235
9557,1,1137,237
9558,1,1114,234
9559,1,1083,235
9560,1,1046,235
9561,1,1016,242
9562,1,991,238
9563,1,966,245
9564,0,0,0
9565,0,0,0
9566,0,0,0
9567,0,0,0
9568,1,849,288
9569,1,828,291
9570,1,806,306
9571,1,791,309
9572,1,776,293
9573,1,766,286
9574,1,753,273
9575,1,745,266
9576,1,730,264
9577,0,0,0
9578,0,0,0
9579,0,0,0
9580,0,0,0
9581,0,0,0
9582,0,0,0
9583,0,0,0
9584,1,643,237
9585,1,637,225
9586,1,636,224
9587,1,634,217
9588,1,630,202
9589,1,622,203
9590,1,616,195
9591,1,614,193
9592,1,611,189
9593,1,611,191
9594,1,603,184
9595,1,597,192
9596,1,593,194
9597,1,589,198
9598,1,586,203
9599,1,582,212
9600,1,578,219
9601,1,570,230
9602,1,572,241
9603,1,568,260
9604,1,566,273
9605,1,566,298
9606,1,561,310
9607,1,559,330
9608,1,563,345
9609,0,0,0
9610,1,632,292
9611,1,657,273
9612,0,0,0
9613,1,722,235
9614,1,749,224
9615,1,778,212
9616,1,780,206
9617,1,803,200
9618,1,828,185
9619,1,854,183
9620,1,883,177
9621,1,902,170
9622,1,922,166
9623,1,943,167
9624,1,960,167
9625,1,981,164
9626,1,1002,168
9627,1,1020,168
9628,1,1035,172
9629,1,1050,174
9630,1,1069,184
9631,1,1079,191
9632,1,1100,197
9633,1,1108,200
9634,1,1123,208
9635,1,1140,220
9636,1,1150,230
9637,1,1164,239
9638,0,0,0
9639,1,1175,238
9640,1,1188,235
9641,1,1190,221
9642,1,1194,219
9643,1,1206,216
9644,1,1208,202
9645,1,1215,197
9646,1,1223,194
9647,1,1227,185
9648,1,1225,188
9649,1,1225,185
9650,1,1238,188
9651,1,1240,183
9652,0,0,0
9653,0,0,0
9654,1,1250,200
9655,1,1258,206
9656,0,0,0
9657,1,1258,210
9658,1,1263,200
9659,1,1273,188
9660,1,1273,175
9661,1,1279,161
9662,1,1283,152
9663,1,1286,149
9664,1,1298,138
9665,1,1292,129
9666,1,1290,121
9667,1,1300,114
9668,1,1298,110
9669,1,1302,104
9670,1,1306,102
9671,1,1308,97
9672,1,1313,104
9673,1,1313,107
9674,1,1321,107
9675,1,1315,109
9676,1,1319,116
9677,1,1327,129
9678,0,0,0
9679,0,0,0
9680,1,1242,157
9681,1,1202,167
9682,1,1162,186
9683,1,1131,190
9684,1,1106,202
9685,1,1083,211
9686,1,1060,226
9687,1,1043,233
9688,1,1023,244
9689,0,0,0
9690,1,991,239
9691,1,989,218
9692,1,975,206
9693,1,975,204
9694,1,966,205
9695,1,952,203
9696,1,948,204
9697,1,945,206
9698,1,939,210
9699,1,927,210
9700,1,924,214
9701,1,916,221
9702,1,902,229
9703,0,0,0
9704,0,0,0
9705,0,0,0
9706,0,0,0
9707,0,0,0
9708,0,0,0
9709,0,0,0
9710,0,0,0
9711,0,0,0
9712,0,0,0
9713,0,0,0
9714,0,0,0
9715,1,1179,284
9716,1,1146,264
9717,1,1116,238
9718,1,1089,222
9719,1,1062,215
9720,1,1039,198
9721,1,1020,191
9722,1,1016,192
9723,1,983,183
9724,1,968,183
9725,1,958,185
9726,1,945,185
9727,1,935,187
9728,1,922,191
9729,1,914,192
9730,1,904,200
9731,1,897,205
9732,1,889,212
9733,1,877,221
9734,1,870,222
9735,1,862,228
9736,1,858,215
9737,1,851,203
9738,1,854,195
9739,1,847,185
9740,1,851,183
9741,1,835,172
9742,1,831,165
9743,1,828,162
9744,1,826,159
9745,1,824,158
9746,1,833,156
9747,1,835,148
9748,1,837,146
9749,1,841,145
9750,1,839,137
9751,1,852,144
9752,1,841,140
9753,1,847,137
9754,1,851,135
9755,1,852,137
9756,1,856,141
9757,1,852,138
9758,1,858,145
9759,1,858,145
9760,1,868,158
9761,1,870,168
9762,1,862,172
9763,1,866,183
9764,1,866,200
9765,1,870,208
9766,1,870,221
9767,1,870,242
9768,1,872,261
9769,1,868,283
9770,1,874,310
9771,1,870,341
9772,1,866,373
9773,1,874,413
9774,1,874,443
9775,1,870,481
9776,1,870,523
9777,1,868,581
9778,1,866,636
9779,1,866,697
9780,1,856,713
9781,1,847,712
9782,1,847,714
9783,1,843,729
9784,1,826,733
9785,1,818,750
9786,1,816,760
9787,1,808,735
9788,1,810,645
9789,1,816,568
9790,1,814,501
9791,1,820,442
9792,1,822,388
9793,1,824,345
9794,1,824,298
9795,1,826,257
9796,1,826,235
9797,1,828,210
9798,1,833,186
9799,1,829,164
9800,1,831,144
9801,1,837,138
9802,1,839,120
9803,1,837,109
9804,1,839,108
9805,1,843,106
9806,1,845,100
9807,1,849,100
9808,1,847,103
9809,1,847,99
9810,1,847,98
9811,1,851,112
9812,1,852,118
9813,1,851,123
9814,1,852,130
9815,1,854,134
9816,1,852,147
9817,1,860,152
9818,1,858,172
9819,1,860,183
9820,1,862,193
9821,1,872,201
9822,1,877,221
9823,1,891,234
9824,1,906,259
9825,1,920,283
9826,1,925,300
9827,1,941,337
9828,1,952,367
9829,1,966,411
9830,1,981,457
9831,1,996,500
9832,1,1012,563
9833,1,1035,634
9834,1,1043,662
9835,1,1056,678
9836,1,1071,701
9837,1,1089,742
9838,1,1114,781
9839,1,1125,820
9840,1,1144,893
9841,1,1167,956
9842,1,1192,1018
9843,0,0,0
9844,1,645,477
9845,1,691,409
9846,1,735,376
9847,1,766,333
9848,1,801,299
9849,1,833,273
9850,1,854,247
9851,1,879,231
9852,1,900,218
9853,1,922,207
9854,1,941,200
9855,1,958,188
9856,1,970,183
9857,1,987,181
9858,1,998,178
9859,1,1010,181
9860,1,1027,183
9861,1,1043,184
9862,1,1048,187
9863,1,1064,194
9864,1,1068,199
9865,1,1085,205
9866,1,1091,208
9867,1,1092,213
9868,1,1108,222
9869,1,1114,219
9870,1,1119,208
9871,1,1121,186
9872,1,1133,188
9873,1,1139,174
9874,1,1142,168
9875,1,1152,167
9876,1,1154,156
9877,1,1160,156
9878,1,1162,154
9879,1,1175,152
9880,0,0,0
9881,1,1179,136
9882,1,1187,134
9883,1,1185,118
9884,1,1190,113
9885,1,1190,106
9886,1,1194,96
9887,1,1194,98
9888,1,1202,102
9889,1,1202,84
9890,1,1212,83
9891,1,1212,77
9892,1,1208,68
9893,1,1213,66
9894,1,1213,62
9895,1,1217,67
9896,1,1221,64
9897,1,1223,64
9898,1,1225,67
9899,1,1229,69
9900,1,1231,75
9901,1,1233,79
9902,1,1233,86
9903,1,1240,93
9904,1,1236,100
9905,1,1235,113
9906,1,1240,124
9907,1,1238,139
9908,1,1240,148
9909,1,1246,168
9910,1,1244,189
9911,1,1248,206
9912,1,1248,227
9913,1,1252,262
9914,1,1244,292
9915,1,1246,327
9916,1,1250,356
9917,1,1246,392
9918,1,1248,435
9919,1,1244,476
9920,1,1244,527
9921,1,1244,561
9922,0,0,0
9923,1,1244,556
9924,1,1248,554
9925,1,1256,546
9926,1,1260,537
9927,1,1254,531
9928,1,1254,531
9929,1,1258,528
9930,1,1260,530
9931,1,1260,531
9932,1,1258,539
9933,0,0,0
9934,1,1236,426
9935,1,1236,370
9936,1,1221,328
9937,1,1215,291
9938,1,1212,264
9939,1,1208,239
9940,1,1206,226
9941,1,1198,207
9942,1,1194,192
9943,1,1190,176
9944,1,1190,174
9945,1,1190,160
9946,1,1187,167
9947,1,1183,162
9948,1,1185,161
9949,1,1175,146
9950,1,1171,158
9951,1,1164,139
9952,1,1165,145
9953,1,1162,150
9954,1,1156,153
9955,1,1148,159
9956,1,1139,159
9957,1,1133,161
9958,1,1129,177
9959,1,1119,186
9960,1,1114,197
9961,1,1106,214
9962,1,1094,228
9963,1,1087,247
9964,1,1077,270
9965,1,1069,288
9966,1,1056,310
9967,1,1043,346
9968,1,1029,387
9969,1,1018,417
9970,1,1006,459
9971,1,993,501
9972,1,975,544
9973,0,0,0
9974,0,0,0
9975,0,0,0
9976,0,0,0
9977,1,929,347
9978,1,925,326
9979,1,914,302
9980,1,906,278
9981,1,902,258
9982,1,897,248
9983,1,891,237
9984,1,887,227
9985,1,879,226
9986,1,877,215
9987,1,874,215
9988,1,872,211
9989,1,870,212
9990,1,864,211
9991,1,860,215
9992,1,872,216
9993,1,885,222
9994,1,893,226
9995,1,902,232
9996,1,922,244
9997,1,931,255
9998,1,945,265
9999,1,960,279
10000,1,979,308
10001,1,991,321
10002,1,1006,345
10003,1,1025,378
10004,1,1048,409
10005,1,1054,399
10006,1,1062,374
10007,1,1066,341
10008,1,1068,319
10009,1,1066,291
10010,1,1071,271
10011,1,1077,254
10012,1,1077,237
10013,1,1083,221
10014,1,1085,210
10015,1,1089,197
10016,1,1091,190
10017,1,1092,176
10018,1,1096,170
10019,1,1098,166
10020,1,1100,168
10021,1,1104,168
10022,1,1104,167
10023,1,1108,175
10024,1,1108,171
10025,1,1112,178
10026,1,1114,183
10027,1,1114,188
10028,1,1119,193
10029,1,1121,206
10030,1,1119,216
10031,1,1119,228
10032,1,1125,235
10033,1,1123,244
10034,1,1123,255
10035,1,1127,246
10036,1,1123,235
10037,1,1127,219
10038,1,1129,210
10039,1,1131,200
10040,1,1129,195
10041,1,1131,189
10042,1,1131,179
10043,1,1129,174
10044,1,1135,170
10045,1,1129,174
10046,1,1133,168
10047,1,1131,173
10048,1,1131,173
10049,1,1131,177
10050,1,1135,185
10051,1,1135,185
10052,1,1133,200
10053,1,1131,216
10054,1,1133,227
10055,1,1131,237
10056,1,1131,257
10057,1,1123,272
10058,1,1127,291
10059,1,1125,313
10060,1,1123,339
10061,1,1121,360
10062,1,1121,391
10063,1,1119,416
10064,1,1117,453
10065,1,1116,484
10066,1,1117,475
10067,1,1116,458
10068,1,1121,449
10069,1,1117,441
10070,1,1119,436
10071,1,1116,432
10072,0,0,0
10073,1,1121,411
10074,1,1123,416
10075,0,0,0
10076,0,0,0
10077,0,0,0
10078,1,998,289
10079,1,973,273
10080,1,950,251
10081,1,927,232
10082,1,912,224
10083,1,897,216
10084,1,876,204
10085,1,862,198
10086,1,854,200
10087,1,843,195
10088,0,0,0
10089,1,847,189
10090,1,860,190
10091,1,874,186
10092,1,885,181
10093,1,897,184
10094,1,910,185
10095,1,931,193
10096,1,943,198
10097,1,958,200
10098,1,977,207
10099,1,991,214
10100,1,1006,229
10101,1,1025,239
10102,1,1046,256
10103,1,1062,271
10104,1,1079,289
10105,1,1100,311
10106,1,1119,333
10107,1,1140,359
10108,1,1165,383
10109,1,1187,418
10110,1,1212,449
10111,1,1223,464
10112,1,1238,455
10113,1,1254,448
10114,1,1271,445
10115,1,1279,432
10116,1,1294,434
10117,1,1311,436
10118,0,0,0
10119,0,0,0
10120,1,1323,414
10121,1,1286,383
10122,1,1248,347
10123,1,1215,318
10124,1,1187,295
10125,1,1150,273
10126,1,1125,253
10127,1,1096,235
10128,1,1066,219
10129,1,1043,210
10130,1,1016,202
10131,1,998,190
10132,1,972,185
10133,1,950,183
10134,1,927,174
10135,1,904,173
10136,1,885,173
10137,1,872,176
10138,1,851,178
10139,1,829,183
10140,1,816,189
10141,1,799,193
10142,1,783,201
10143,1,770,210
10144,1,755,220
10145,1,743,228
10146,1,732,238
10147,0,0,0
10148,0,0,0
10149,1,701,273
10150,0,0,0
10151,1,724,246
10152,1,735,227
10153,1,747,219
10154,1,766,205
10155,1,778,195
10156,1,793,184
10157,1,808,173
10158,1,828,165
10159,1,837,152
10160,1,856,156
10161,1,874,148
10162,1,891,141
10163,1,904,141
10164,1,922,141
10165,1,941,143
10166,1,958,147
10167,1,973,147
10168,1,993,153
10169,1,1016,163
10170,1,1029,167
10171,1,1046,178
10172,1,1066,189
10173,1,1085,198
10174,1,1102,212
10175,1,1116,227
10176,1,1139,247
10177,1,1154,264
10178,1,1173,287
10179,1,1192,306
10180,1,1210,325
10181,1,1229,352
10182,1,1250,378
10183,1,1263,403
10184,1,1273,399
10185,1,1281,387
10186,1,1290,376
10187,1,1302,369
10188,1,1308,356
10189,0,0,0
10190,0,0,0
10191,0,0,0
10192,0,0,0
10193,0,0,0
10194,0,0,0
10195,0,0,0
10196,0,0,0
10197,1,1223,275
10198,1,1179,259
10199,1,1131,238
10200,1,1089,224
10201,1,1052,213
10202,1,1020,210
10203,1,987,200
10204,1,952,192
10205,1,925,188
10206,1,897,190
10207,1,870,188
10208,0,0,0
10209,1,858,185
10210,1,872,181
10211,1,885,173
10212,1,893,170
10213,1,908,167
10214,1,918,165
10215,1,931,163
10216,1,943,163
10217,1,958,168
10218,1,977,168
10219,1,989,171
10220,1,1010,181
10221,1,1023,187
10222,0,0,0
10223,1,1054,208
10224,1,1075,221
10225,1,1092,229
10226,1,1112,254
10227,1,1133,274
10228,1,1156,291
10229,1,1156,294
10230,1,1123,272
10231,1,1087,253
10232,1,1068,237
10233,1,1039,224
10234,1,1016,210
10235,1,989,202
10236,1,964,194
10237,1,948,189
10238,1,933,191
10239,1,908,189
10240,1,900,187
10241,1,881,186
10242,1,862,186
10243,1,849,187
10244,1,837,195
10245,1,824,201
10246,1,818,200
10247,1,826,191
10248,1,828,183
10249,1,833,177
10250,1,845,168
10251,1,845,160
10252,1,854,159
10253,1,870,156
10254,1,874,153
10255,1,885,156
10256,1,889,145
10257,1,897,156
10258,1,908,153
10259,1,914,163
10260,1,924,160
10261,1,933,173
10262,1,947,185
10263,1,958,195
10264,1,964,206
10265,1,975,222
10266,1,985,234
10267,1,998,255
10268,1,1008,276
10269,1,1020,291
10270,0,0,0
10271,0,0,0
10272,0,0,0
10273,0,0,0
10274,0,0,0
10275,1,910,215
10276,1,902,205
10277,1,887,198
10278,1,876,195
10279,1,864,198
10280,1,854,199
10281,1,847,194
10282,1,837,194
10283,1,843,194
10284,1,851,183
10285,1,858,170
10286,1,866,165
10287,1,874,158
10288,1,883,150
10289,1,893,143
10290,1,902,141
10291,1,908,138
10292,1,916,138
10293,1,927,137
10294,1,935,134
10295,1,947,139
10296,1,958,140
10297,1,964,146
10298,1,975,153
10299,1,987,161
10300,1,1000,167
10301,1,1014,181
10302,1,1023,191
10303,1,1031,202
10304,1,1048,221
10305,1,1054,239
10306,1,1077,261
10307,1,1083,275
10308,1,1094,296
10309,1,1110,315
10310,1,1119,343
10311,1,1127,328
10312,1,1127,307
10313,1,1131,285
10314,1,1135,269
10315,1,1135,247
10316,1,1140,234
10317,1,1140,218
10318,1,1142,211
10319,1,1142,197
10320,1,1142,192
10321,1,1144,184
10322,1,1146,178
10323,1,1146,179
10324,1,1154,177
10325,1,1152,174
10326,1,1154,174
10327,1,1152,177
10328,1,1156,184
10329,1,1156,188
10330,1,1156,190
10331,1,1156,197
10332,1,1158,201
10333,1,1158,210
10334,1,1154,218
10335,1,1156,231
10336,1,1156,235
10337,0,0,0
10338,1,1156,261
10339,0,0,0
10340,1,1160,238
10341,1,1160,226
10342,1,1160,217
10343,1,1162,212
10344,1,1165,201
10345,1,1164,200
10346,1,1164,194
10347,1,1162,189
10348,1,1164,191
10349,1,1164,185
10350,1,1164,181
10351,1,1167,174
10352,1,1167,177
10353,1,1173,167
10354,1,1171,167
10355,1,1179,168
10356,1,1173,171
10357,1,1179,170
10358,1,1179,173
10359,1,1179,177
10360,1,1179,187
10361,1,1183,192
10362,1,1183,195
10363,1,1187,210
10364,1,1185,216
10365,1,1187,235
10366,1,1188,247
10367,1,1190,260
10368,1,1190,283
10369,1,1190,295
10370,1,1194,321
10371,1,924,102
10372,1,933,109
10373,1,943,113
10374,1,954,116
10375,1,970,125
10376,1,981,136
10377,1,991,150
10378,1,1004,165
10379,1,1018,179
10380,1,1031,204
10381,1,1048,227
10382,1,1064,248
10383,1,1077,280
10384,1,1094,312
10385,1,1112,343
10386,1,1131,387
10387,1,1144,423
10388,1,1165,472
10389,1,1188,524
10390,1,1204,540
10391,1,1227,538
10392,1,1240,530
10393,1,1265,539
10394,1,1290,539
10395,1,1311,552
10396,1,1338,557
10397,1,1365,572
10398,1,1392,588
10399,1,1419,604
10400,1,1450,635
10401,0,0,0
10402,0,0,0
10403,0,0,0
10404,0,0,0
10405,1,1469,571
10406,1,1432,501
10407,1,1394,441
10408,1,1371,390
10409,1,1336,345
10410,1,1313,310
10411,1,1288,276
10412,1,1271,255
10413,1,1258,237
10414,1,1236,217
10415,1,1223,199
10416,1,1210,197
10417,1,1196,181
10418,1,1185,177
10419,1,1173,176
10420,1,1167,167
10421,1,1158,171
10422,1,1150,168
10423,1,1142,170
10424,1,1129,180
10425,1,1123,178
10426,1,1119,183
10427,1,1117,190
10428,1,1112,195
10429,1,1106,201
10430,1,1102,210
10431,1,1098,215
10432,1,1092,228
10433,1,1083,235
10434,1,1087,226
10435,1,1085,212
10436,1,1083,202
10437,1,1079,190
10438,1,1077,184
10439,1,1073,177
10440,1,1069,176
10441,1,1069,166
10442,1,1068,164
10443,1,1066,160
10444,1,1064,162
10445,1,1073,156
10446,1,1079,156
10447,1,1085,153
10448,1,1094,160
10449,1,1100,153
10450,1,1114,158
10451,1,1117,157
10452,1,1119,157
10453,1,1131,167
10454,1,1144,184
10455,1,1146,185
10456,1,1156,192
10457,1,1165,207
10458,1,1173,224
10459,1,1188,244
10460,1,1190,258
10461,0,0,0
10462,1,1135,221
10463,1,1110,202
10464,1,1089,191
10465,1,1069,176
10466,1,1052,172
10467,1,1029,168
10468,1,1018,160
10469,1,995,156
10470,1,983,159
10471,1,968,159
10472,1,956,157
10473,1,947,157
10474,1,935,165
10475,1,925,164
10476,1,914,172
10477,1,908,175
10478,1,900,179
10479,1,885,189
10480,1,879,195
10481,1,872,202
10482,1,862,210
10483,1,862,201
10484,1,854,195
10485,1,852,187
10486,1,852,178
10487,1,854,172
10488,1,860,158
10489,1,866,154
10490,1,870,141
10491,1,877,132
10492,1,887,122
10493,1,897,114
10494,1,904,107
10495,1,908,98
10496,1,920,87
10497,1,925,83
10498,1,933,81
10499,1,947,77
10500,1,952,75
10501,1,962,76
10502,1,975,77
10503,1,985,76
10504,1,991,75
10505,1,1000,81
10506,1,1012,81
10507,1,1025,92
10508,1,1029,98
10509,1,1043,102
10510,1,1050,114
10511,1,1066,126
10512,1,1077,136
10513,1,1089,146
10514,1,1102,170
10515,1,1117,188
10516,1,1125,202
10517,1,1137,224
10518,0,0,0
10519,1,1164,271
10520,1,1173,297
10521,1,1187,323
10522,0,0,0
10523,0,0,0
10524,1,1119,264
10525,1,1094,239
10526,1,1066,218
10527,1,1046,208
10528,1,1025,194
10529,1,1004,183
10530,1,987,176
10531,1,972,168
10532,1,952,168
10533,1,939,160
10534,1,922,158
10535,1,904,160
10536,1,893,161
10537,1,877,161
10538,1,868,163
10539,1,854,170
10540,1,845,174
10541,1,839,178
10542,1,824,185
10543,1,814,193
10544,1,804,203
10545,1,795,208
10546,1,785,218
10547,1,780,217
10548,1,774,195
10549,1,764,189
10550,1,756,181
10551,1,749,173
10552,1,741,170
10553,1,735,161
10554,1,728,158
10555,1,724,149
10556,1,728,141
10557,1,737,131
10558,1,749,125
10559,1,756,112
10560,1,770,100
10561,1,778,90
10562,1,791,84
10563,1,803,73
10564,1,812,70
10565,1,824,60
10566,1,835,60
10567,1,851,53
10568,1,866,48
10569,1,872,45
10570,1,889,43
10571,1,904,44
10572,1,920,39
10573,1,931,42
10574,1,945,42
10575,1,970,50
10576,1,987,55
10577,1,1004,64
10578,1,1012,63
10579,1,1031,69
10580,1,1050,87
10581,1,1064,95
10582,1,1087,108
10583,1,1108,123
10584,1,1125,137
10585,1,1140,156
10586,1,1162,172
10587,1,1179,194
10588,1,1198,217
10589,0,0,0
10590,0,0,0
10591,0,0,0
10592,0,0,0
10593,0,0,0
10594,1,1125,234
10595,1,1092,219
10596,1,1058,213
10597,1,1035,206
10598,1,1010,206
10599,1,983,200
10600,1,962,204
10601,1,943,200
10602,1,920,207
10603,1,906,210
10604,1,893,210
10605,1,881,219
10606,1,862,225
10607,1,851,231
10608,0,0,0
10609,0,0,0
10610,0,0,0
10611,1,816,194
10612,1,810,183
10613,1,803,183
10614,1,793,175
10615,1,789,168
10616,1,783,168
10617,1,780,164
10618,1,776,157
10619,1,787,158
10620,1,797,148
10621,1,803,137
10622,1,806,132
10623,1,818,129
10624,1,822,121
10625,1,828,116
10626,1,839,114
10627,1,845,106
10628,1,852,107
10629,1,862,106
10630,1,872,104
10631,1,877,103
10632,1,885,106
10633,1,891,106
10634,1,902,111
10635,1,910,112
10636,1,924,122
10637,1,931,131
10638,1,943,138
10639,1,950,149
10640,1,962,165
10641,1,970,172
10642,1,979,183
10643,1,989,197
10644,1,998,214
10645,1,1010,232
10646,1,1023,256
10647,1,1029,275
10648,1,1041,293
10649,0,0,0
10650,0,0,0
10651,0,0,0
10652,0,0,0
10653,0,0,0
10654,0,0,0
10655,0,0,0
10656,1,1054,353
10657,0,0,0
10658,0,0,0
10659,0,0,0
10660,0,0,0
10661,1,970,267
10662,1,952,257
10663,1,941,249
10664,1,922,237
10665,1,902,234
10666,1,897,228
10667,1,879,221
10668,1,868,225
10669,1,851,220
10670,1,839,225
10671,1,826,225
10672,1,812,227
10673,1,804,231
10674,1,793,237
10675,1,781,242
10676,0,0,0
10677,1,760,258
10678,1,755,271
10679,1,745,278
10680,1,735,291
10681,1,730,303
10682,1,718,302
10683,1,714,291
10684,1,707,276
10685,1,701,270
10686,1,695,262
10687,0,0,0
10688,0,0,0
10689,0,0,0
10690,0,0,0
10691,0,0,0
10692,1,660,245
10693,1,660,246
10694,0,0,0
10695,0,0,0
10696,0,0,0
10697,1,685,225
10698,1,701,215
10699,1,708,207
10700,1,728,200
10701,1,737,195
10702,1,753,191
10703,1,764,190
10704,1,781,184
10705,1,797,188
10706,1,810,193
10707,1,828,191
10708,1,843,197
10709,1,860,204
10710,1,877,212
10711,1,893,216
10712,1,906,229
10713,0,0,0
10714,1,945,249
10715,1,960,264
10716,1,975,279
10717,1,991,299
10718,0,0,0
10719,0,0,0
10720,0,0,0
10721,0,0,0
10722,1,912,212
10723,1,902,202
10724,1,889,191
10725,1,874,185
10726,1,860,181
10727,1,847,175
10728,1,839,175
10729,1,829,171
10730,1,824,174
10731,1,797,180
10732,1,787,189
10733,1,758,204
10734,1,737,214
10735,1,718,230
10736,0,0,0
10737,1,689,264
10738,1,685,269
10739,1,685,287
10740,1,685,303
10741,1,685,316
10742,1,682,327
10743,1,682,335
10744,0,0,0
10745,0,0,0
10746,0,0,0
10747,0,0,0
10748,0,0,0
10749,1,465,636
10750,1,492,568
10751,1,518,507
10752,1,534,459
10753,1,551,410
10754,1,568,373
10755,1,588,338
10756,1,609,312
10757,1,618,291
10758,1,630,262
10759,1,643,247
10760,1,657,229
10761,1,668,219
10762,1,684,206
10763,1,693,198
10764,1,705,189
10765,1,714,184
10766,1,728,177
10767,1,735,174
10768,1,745,172
10769,1,753,177
10770,1,758,177
10771,1,772,180
10772,1,780,178
10773,1,783,186
10774,1,791,187
10775,1,804,194
10776,1,812,204
10777,1,826,207
10778,1,829,217
10779,1,835,221
10780,1,837,233
10781,1,847,238
10782,1,852,235
10783,1,856,222
10784,1,860,210
10785,1,864,202
10786,1,866,195
10787,1,870,187
10788,1,874,180
10789,1,879,179
10790,1,877,168
10791,1,885,170
10792,1,891,170
10793,1,889,161
10794,1,881,154
10795,0,0,0
10796,1,870,138
10797,1,860,131
10798,1,852,125
10799,1,845,119
10800,1,843,122
10801,1,829,114
10802,1,826,118
10803,1,816,113
10804,1,808,114
10805,1,803,114
10806,1,793,123
10807,1,785,125
10808,1,774,130
10809,1,770,136
10810,1,756,147
10811,1,751,157
10812,1,739,168
10813,1,730,181
10814,1,716,195
10815,1,712,206
10816,1,697,225
10817,1,693,246
10818,0,0,0
10819,0,0,0
10820,1,657,311
10821,1,651,338
10822,1,636,360
10823,1,622,395
10824,0,0,0
10825,1,605,394
10826,1,599,377
10827,1,591,378
10828,1,586,372
10829,1,576,365
10830,1,568,364
10831,1,561,366
10832,1,549,363
10833,0,0,0
10834,0,0,0
10835,1,543,343
10836,1,563,322
10837,1,574,301
10838,1,580,284
10839,1,582,266
10840,0,0,0
10841,0,0,0
10842,0,0,0
10843,0,0,0
10844,1,634,218
10845,1,634,210
10846,1,641,208
10847,1,649,208
10848,1,662,204
10849,1,668,207
10850,1,672,205
10851,1,678,210
10852,1,682,210
10853,1,687,219
10854,1,695,226
10855,1,705,230
10856,0,0,0
10857,0,0,0
10858,0,0,0
10859,0,0,0
10860,0,0,0
10861,0,0,0
10862,0,0,0
10863,0,0,0
10864,0,0,0
10865,0,0,0
10866,1,739,233
10867,1,741,220
10868,1,747,222
10869,1,745,215
10870,1,739,215
10871,1,745,211
10872,1,747,212
10873,0,0,0
10874,0,0,0
10875,1,760,203
10876,1,780,195
10877,1,789,183
10878,1,801,172
10879,1,820,167
10880,1,829,162
10881,1,849,158
10882,1,854,150
10883,1,876,145
10884,1,893,148
10885,1,908,148
10886,1,922,150
10887,1,935,150
10888,1,954,151
10889,1,972,158
10890,1,989,165
10891,1,1002,166
10892,1,1020,174
10893,1,1039,185
10894,1,1058,197
10895,1,1075,212
10896,1,1091,226
10897,1,1108,242
10898,1,1125,259
10899,1,1140,276
10900,1,1164,298
10901,1,1181,318
10902,1,1198,342
10903,1,1215,364
10904,1,1231,387
10905,0,0,0
10906,0,0,0
10907,0,0,0
10908,0,0,0
10909,0,0,0
10910,0,0,0
10911,0,0,0
10912,0,0,0
10913,0,0,0
10914,0,0,0
10915,1,1260,303
10916,1,1229,276
10917,1,1194,260
10918,1,1160,241
10919,1,1127,228
10920,1,1100,215
10921,1,1062,208
10922,1,1037,195
10923,1,1012,190
10924,1,987,185
10925,1,964,183
10926,1,939,180
10927,1,920,183
10928,1,889,181
10929,1,877,183
10930,1,852,185
10931,1,831,195
10932,1,816,200
10933,0,0,0
10934,0,0,0
10935,0,0,0
10936,0,0,0
10937,1,822,202
10938,1,837,197
10939,1,847,194
10940,1,870,194
10941,1,879,195
10942,1,895,197
10943,1,910,200
10944,1,927,199
10945,1,947,204
10946,1,958,210
10947,1,977,220
10948,1,995,226
10949,1,1012,237
10950,1,1031,251
10951,1,1048,265
10952,1,1066,278
10953,1,1085,301
10954,1,1106,315
10955,1,1123,329
10956,1,1139,353
10957,1,1162,376
10958,1,1179,393
10959,1,1188,379
10960,1,1198,372
10961,1,1206,367
10962,1,1217,364
10963,1,1227,360
10964,1,1238,356
10965,1,1246,353
10966,1,1258,356
10967,0,0,0
10968,0,0,0
10969,1,1256,346
10970,1,1233,320
10971,1,1208,303
10972,1,1187,289
10973,1,1167,279
10974,1,1140,264
10975,1,1125,255
10976,1,1100,241
10977,1,1085,234
10978,1,1069,232
10979,1,1048,221
10980,1,1031,221
10981,1,1018,224
10982,1,996,222
10983,1,989,224
10984,1,972,226
10985,1,956,233
10986,1,950,235
10987,1,935,235
10988,1,927,243
10989,1,943,234
10990,1,954,237
10991,1,972,237
10992,1,987,237
10993,1,1000,240
10994,1,1023,238
10995,1,1039,249
10996,1,1056,261
10997,1,1073,268
10998,1,1094,280
10999,1,1108,289
11000,1,1129,276
11001,1,1133,257
11002,1,1140,231
11003,1,1146,217
11004,1,1150,198
11005,1,1154,193
11006,1,1158,185
11007,1,1162,174
11008,1,1167,166
11009,1,1169,164
11010,1,1175,162
11011,1,1177,166
11012,1,1179,161
11013,1,1185,162
11014,1,1187,160
11015,1,1188,164
11016,1,1190,168
11017,1,1194,176
11018,1,1196,181
11019,1,1198,187
11020,1,1200,190
11021,1,1202,198
11022,1,1204,205
11023,1,1204,215
11024,1,1206,214
11025,1,1212,200
11026,1,1213,185
11027,1,1219,183
11028,1,1219,174
11029,1,1223,164
11030,1,845,168
11031,1,841,168
11032,1,841,175
11033,1,835,184
11034,1,829,192
11035,1,828,193
11036,1,822,205
11037,1,818,211
11038,1,816,210
11039,1,814,198
11040,1,810,183
11041,1,806,168
11042,1,808,160
11043,1,803,149
11044,0,0,0
11045,1,801,139
11046,1,797,133
11047,1,795,129
11048,1,795,125
11049,1,793,117
11050,1,789,116
11051,1,787,110
11052,1,781,114
11053,1,780,110
11054,1,778,110
11055,1,774,110
11056,1,774,110
11057,1,770,116
11058,1,764,117
11059,1,762,119
11060,1,756,127
11061,1,755,129
11062,1,751,141
11063,1,747,149
11064,1,739,153
11065,1,735,168
11066,1,728,180
11067,1,726,194
11068,1,720,217
11069,1,712,228
11070,1,710,251
11071,1,703,276
11072,1,697,312
11073,1,689,330
11074,1,684,356
11075,1,672,392
11076,1,668,426
11077,1,660,459
11078,1,655,503
11079,1,643,535
11080,1,637,521
11081,1,632,527
11082,0,0,0
11083,0,0,0
11084,0,0,0
11085,0,0,0
11086,0,0,0
11087,0,0,0
11088,0,0,0
11089,0,0,0
11090,0,0,0
11091,0,0,0
11092,0,0,0
11093,1,586,348
11094,1,607,312
11095,1,612,284
11096,1,624,260
11097,1,632,237
11098,1,639,222
11099,1,643,207
11100,1,655,191
11101,1,659,180
11102,1,670,173
11103,1,676,167
11104,1,684,161
11105,1,689,156
11106,1,695,153
11107,1,699,159
11108,1,705,156
11109,1,710,163
11110,1,720,165
11111,1,726,171
11112,1,730,175
11113,1,733,183
11114,1,737,186
11115,1,745,201
11116,1,749,210
11117,1,755,225
11118,1,758,231
11119,1,760,238
11120,0,0,0
11121,0,0,0
11122,0,0,0
11123,0,0,0
11124,1,812,237
11125,1,818,225
11126,1,835,219
11127,1,851,211
11128,1,864,204
11129,1,877,198
11130,1,891,198
11131,1,904,193
11132,1,918,195
11133,1,931,195
11134,1,954,194
11135,1,966,202
11136,1,985,204
11137,1,1002,212
11138,1,1018,214
11139,1,1033,227
11140,1,1048,237
11141,1,1066,249
11142,1,1085,261
11143,1,1104,281
11144,1,1123,303
11145,1,1137,314
11146,1,1154,330
11147,1,1171,353
11148,1,1192,345
11149,1,1196,318
11150,1,1200,298
11151,1,1204,282
11152,1,1212,266
11153,1,1208,249
11154,1,1210,237
11155,1,1213,225
11156,1,1215,217
11157,1,1215,207
11158,1,1221,206
11159,1,1221,197
11160,1,1227,194
11161,1,1223,190
11162,1,1225,191
11163,1,1227,195
11164,1,1227,195
11165,1,1229,198
11166,1,1231,203
11167,1,1236,210
11168,1,1231,214
11169,1,1231,222
11170,1,1231,229
11171,0,0,0
11172,0,0,0
11173,0,0,0
11174,0,0,0
11175,0,0,0
11176,0,0,0
11177,0,0,0
11178,0,0,0
11179,1,1240,258
11180,0,0,0
11181,0,0,0
11182,1,1244,234
11183,1,1242,231
11184,1,1242,229
11185,1,1246,222
11186,1,1246,222
11187,1,1252,220
11188,1,1254,214
11189,1,1256,212
11190,1,1261,213
11191,1,1267,208
11192,1,1269,210
11193,1,1271,215
11194,1,1277,225
11195,1,1281,230
11196,1,1283,238
11197,1,1288,244
11198,1,1279,244
11199,1,1263,222
11200,1,1246,210
11201,1,1231,198
11202,1,1212,183
11203,1,1202,170
11204,1,1183,163
11205,1,1177,149
11206,1,1164,153
11207,1,1146,147
11208,1,1142,146
11209,1,1135,143
11210,0,0,0
11211,0,0,0
11212,1,1100,154
11213,1,1092,148
11214,1,1089,161
11215,1,1079,163
11216,1,1073,167
11217,1,1060,161
11218,1,1052,166
11219,1,1046,168
11220,1,1037,168
11221,1,1023,173
11222,1,1014,183
11223,1,1002,189
11224,1,995,199
11225,1,977,211
11226,1,964,226
11227,1,954,238
11228,0,0,0
11229,1,918,248
11230,1,904,237
11231,1,889,221
11232,1,881,213
11233,1,872,203
11234,1,856,199
11235,1,847,189
11236,1,833,186
11237,1,828,189
11238,1,820,183
11239,1,812,186
11240,1,803,187
11241,1,793,193
11242,1,787,197
11243,1,781,198
11244,1,776,208
11245,1,772,215
11246,1,768,211
11247,1,781,195
11248,1,787,186
11249,1,793,179
11250,1,804,167
11251,1,810,161
11252,1,818,154
11253,1,831,145
11254,1,839,141
11255,1,851,138
11256,1,860,136
11257,1,868,132
11258,1,879,132
11259,1,893,138
11260,1,904,138
11261,1,922,154
11262,1,929,157
11263,1,945,168
11264,1,954,176
11265,1,972,190
11266,0,0,0
11267,1,975,222
11268,1,962,224
11269,1,950,237
11270,1,943,241
11271,0,0,0
11272,0,0,0
11273,0,0,0
11274,1,914,265
11275,1,908,239
11276,1,900,222
11277,1,900,213
11278,1,904,195
11279,1,906,185
11280,1,910,175
11281,1,910,163
11282,1,910,153
11283,1,908,143
11284,1,918,136
11285,0,0,0
11286,0,0,0
11287,0,0,0
11288,0,0,0
11289,0,0,0
11290,0,0,0
11291,0,0,0
11292,1,941,107
11293,1,948,114
11294,1,950,110
11295,1,954,122
11296,1,960,124
11297,0,0,0
11298,1,995,152
11299,1,1012,168
11300,1,1027,183
11301,1,1041,193
11302,1,1048,207
11303,1,1058,216
11304,1,1068,229
11305,1,1077,239
11306,0,0,0
11307,1,1092,245
11308,1,1100,219
11309,1,1102,200
11310,1,1110,187
11311,1,1112,171
11312,1,1119,156
11313,1,1123,147
11314,1,1123,140
11315,1,1131,132
11316,1,1135,130
11317,1,1137,121
11318,1,1144,114
11319,1,1144,119
11320,1,1144,114
11321,1,1148,114
11322,1,1154,118
11323,1,1154,120
11324,1,1158,123
11325,1,1162,123
11326,1,799,390
11327,1,829,349
11328,1,862,313
11329,1,893,280
11330,1,910,254
11331,1,941,231
11332,1,958,217
11333,1,975,202
11334,1,991,197
11335,1,1006,187
11336,1,1016,179
11337,1,1029,181
11338,1,1044,177
11339,1,1058,174
11340,1,1066,173
11341,1,1075,175
11342,1,1087,181
11343,1,1091,183
11344,1,1100,184
11345,1,1110,193
11346,1,1119,197
11347,1,1125,206
11348,1,1131,213
11349,1,1137,222
11350,1,1144,212
11351,1,1148,195
11352,1,1158,188
11353,1,1160,181
11354,1,1160,172
11355,1,1169,165
11356,1,1173,161
11357,1,1177,154
11358,1,1183,159
11359,1,1187,147
11360,0,0,0
11361,1,1190,143
11362,1,1202,134
11363,1,1202,121
11364,1,1212,120
11365,1,1210,108
11366,1,1215,106
11367,1,1221,96
11368,0,0,0
11369,0,0,0
11370,0,0,0
11371,0,0,0
11372,0,0,0
11373,1,1238,68
11374,1,1246,69
11375,1,1250,67
11376,1,1256,69
11377,1,1256,65
11378,1,1256,66
11379,1,1261,69
11380,1,1263,72
11381,1,1265,80
11382,1,1271,83
11383,1,1271,84
11384,1,1273,97
11385,1,1279,105
11386,1,1277,111
11387,1,1281,125
11388,1,1283,143
11389,1,1284,158
11390,1,1286,187
11391,1,1290,198
11392,1,1288,227
11393,1,1288,246
11394,1,1292,279
11395,1,1290,301
11396,1,1294,345
11397,1,1294,381
11398,1,1298,422
11399,1,1300,464
11400,1,1298,522
11401,1,1302,558
11402,1,1296,617
11403,1,1298,653
11404,1,1296,635
11405,1,1306,624
11406,1,1306,615
11407,1,1304,612
11408,1,1302,606
11409,1,1302,613
11410,1,1306,607
11411,1,1306,612
11412,1,1302,619
11413,1,1306,629
11414,1,1302,644
11415,1,1300,664
11416,1,1298,677
11417,1,1298,698
11418,1,1261,658
11419,1,1212,578
11420,1,1177,514
11421,1,1137,455
11422,1,1100,408
11423,1,1073,367
11424,1,1041,326
11425,1,1016,301
11426,1,989,266
11427,1,972,248
11428,1,950,231
11429,1,927,214
11430,1,902,199
11431,1,887,187
11432,1,864,188
11433,1,858,183
11434,1,845,176
11435,1,824,174
11436,1,810,183
11437,1,801,178
11438,1,789,183
11439,1,778,191
11440,1,770,198
11441,1,758,201
11442,1,749,212
11443,1,739,224
11444,1,733,234
11445,1,732,245
11446,1,722,253
11447,1,716,280
11448,1,852,188
11449,1,852,181
11450,1,854,171
11451,1,852,166
11452,1,843,159
11453,1,849,154
11454,1,845,141
11455,1,841,140
11456,1,849,133
11457,1,860,129
11458,1,868,129
11459,1,877,120
11460,1,885,114
11461,1,897,112
11462,1,904,113
11463,1,916,106
11464,1,927,102
11465,1,939,102
11466,1,947,103
11467,1,962,112
11468,1,972,112
11469,1,991,120
11470,1,1004,121
11471,1,1012,124
11472,1,1027,134
11473,0,0,0
11474,1,1050,153
11475,1,1071,165
11476,1,1091,184
11477,1,1106,199
11478,1,1129,219
11479,1,1142,237
11480,1,1164,264
11481,1,1183,284
11482,1,1202,311
11483,1,1227,348
11484,1,1242,372
11485,1,1279,427
11486,1,1300,460
11487,1,1327,501
11488,1,1348,552
11489,1,1377,605
11490,1,1396,596
11491,1,1411,594
11492,1,1438,592
11493,1,1463,588
11494,1,1490,593
11495,0,0,0
11496,0,0,0
11497,0,0,0
11498,1,1590,633
11499,0,0,0
11500,0,0,0
11501,0,0,0
11502,1,1467,453
11503,1,1430,411
11504,1,1402,369
11505,1,1371,347
11506,1,1354,318
11507,1,1327,298
11508,1,1313,283
11509,1,1296,269
11510,1,1281,267
11511,1,1263,256
11512,1,1260,259
11513,1,1263,271
11514,1,1258,276
11515,1,1258,291
11516,1,1254,301
11517,1,1244,325
11518,1,1244,327
11519,1,1240,347
11520,1,1240,345
11521,1,1240,334
11522,1,1240,324
11523,1,1238,327
11524,1,1242,324
11525,1,1238,315
11526,1,1235,312
11527,1,1233,310
11528,1,1236,311
11529,1,1235,316
11530,1,897,130
11531,1,914,137
11532,1,925,134
11533,1,945,137
11534,1,954,140
11535,1,970,150
11536,1,987,162
11537,1,1002,175
11538,1,1025,190
11539,1,1044,205
11540,1,1064,221
11541,1,1083,237
11542,1,1108,273
11543,1,1133,299
11544,1,1162,336
11545,1,1188,377
11546,1,1225,427
11547,1,1248,465
11548,1,1284,517
11549,1,1313,578
11550,1,1359,647
11551,1,1400,654
11552,1,1430,657
11553,1,1471,664
11554,1,1528,684
11555,1,1572,697
11556,1,1620,720
11557,0,0,0
11558,0,0,0
11559,0,0,0
11560,0,0,0
11561,1,1576,593
11562,1,1501,530
11563,1,1428,458
11564,1,1375,409
11565,1,1327,366
11566,1,1283,322
11567,1,1236,289
11568,1,1198,268
11569,1,1162,237
11570,1,1131,219
11571,1,1102,204
11572,1,1106,205
11573,1,1083,190
11574,1,1060,178
11575,1,1027,168
11576,1,1014,162
11577,1,995,159
11578,1,977,156
11579,1,954,153
11580,1,941,153
11581,1,925,156
11582,1,916,153
11583,1,906,162
11584,1,881,160
11585,1,879,175
11586,1,870,178
11587,1,858,181
11588,1,852,192
11589,1,843,199
11590,1,833,214
11591,1,824,216
11592,1,822,224
11593,1,814,239
11594,1,803,242
11595,0,0,0
11596,1,797,242
11597,1,791,231
11598,1,787,224
11599,1,787,216
11600,1,778,205
11601,1,780,200
11602,1,770,188
11603,1,774,183
11604,1,772,180
11605,1,760,180
11606,1,762,177
11607,1,758,176
11608,1,756,176
11609,1,756,179
11610,1,755,179
11611,1,762,177
11612,1,774,168
11613,0,0,0
11614,0,0,0
11615,0,0,0
11616,1,828,141
11617,1,845,135
11618,1,852,127
11619,1,868,131
11620,1,883,126
11621,1,893,127
11622,1,908,123
11623,1,929,130
11624,1,947,132
11625,1,964,133
11626,1,979,140
11627,1,996,151
11628,1,1016,153
11629,1,1027,167
11630,1,1050,175
11631,1,1071,185
11632,1,1089,201
11633,1,1110,213
11634,1,1125,233
11635,1,1146,252
11636,1,1169,274
11637,1,1187,294
11638,1,1210,313
11639,0,0,0
11640,0,0,0
11641,1,1281,397
11642,1,1294,413
11643,1,1306,406
11644,1,1321,397
11645,0,0,0
11646,0,0,0
11647,0,0,0
11648,0,0,0
11649,0,0,0
11650,0,0,0
11651,1,1279,286
11652,1,1254,271
11653,1,1221,252
11654,1,1196,231
11655,1,1169,227
11656,1,1144,208
11657,1,1125,199
11658,1,1098,189
11659,1,1075,180
11660,1,1060,176
11661,1,1037,179
11662,1,1021,173
11663,1,1000,178
11664,1,983,183
11665,1,964,184
11666,1,952,189
11667,1,935,192
11668,1,922,195
11669,1,908,202
11670,0,0,0
11671,1,908,201
11672,1,929,193
11673,1,941,187
11674,1,958,180
11675,1,973,168
11676,1,995,168
11677,1,1006,160
11678,1,1031,170
11679,1,1046,158
11680,1,1062,156
11681,1,1085,153
11682,1,1106,162
11683,1,1123,164
11684,1,1142,175
11685,1,1164,178
11686,1,1185,192
11687,1,1206,199
11688,1,1229,212
11689,1,1254,226
11690,1,1275,238
11691,1,1292,254
11692,1,1319,274
11693,1,1340,298
11694,1,1361,319
11695,1,1382,333
11696,0,0,0
11697,0,0,0
11698,0,0,0
11699,0,0,0
11700,0,0,0
11701,0,0,0
11702,0,0,0
11703,0,0,0
11704,0,0,0
11705,0,0,0
11706,0,0,0
11707,0,0,0
11708,0,0,0
11709,0,0,0
11710,0,0,0
11711,0,0,0
11712,0,0,0
11713,0,0,0
11714,0,0,0
11715,0,0,0
11716,0,0,0
11717,0,0,0
11718,0,0,0
11719,0,0,0
11720,0,0,0
11721,0,0,0
11722,0,0,0
11723,0,0,0
11724,0,0,0
11725,0,0,0
11726,1,1008,158
11727,1,1004,152
11728,1,1004,166
11729,1,1002,164
11730,0,0,0
11731,0,0,0
11732,0,0,0
11733,1,993,177
11734,1,989,173
11735,1,983,172
11736,1,973,168
11737,1,968,166
11738,1,962,168
11739,1,948,163
11740,1,945,165
11741,1,935,162
11742,1,925,166
11743,1,918,171
11744,1,912,180
11745,1,904,180
11746,1,889,191
11747,1,876,200
11748,1,866,210
11749,1,858,221
11750,1,843,237
11751,1,828,256
11752,1,814,278
11753,1,803,303
11754,1,785,329
11755,1,766,353
11756,1,751,384
11757,1,733,413
11758,1,714,455
11759,1,695,498
11760,1,674,546
11761,1,655,550
11762,1,637,549
11763,1,614,546
11764,1,603,544
11765,1,580,555
11766,1,557,551
11767,1,536,558
11768,1,509,572
11769,1,484,582
11770,1,455,609
11771,1,422,627
11772,1,411,648
11773,0,0,0
11774,1,476,510
11775,1,516,440
11776,1,541,393
11777,1,566,341
11778,1,589,315
11779,1,609,280
11780,1,628,255
11781,1,649,229
11782,1,666,214
11783,1,676,204
11784,1,684,192
11785,1,705,178
11786,1,712,180
11787,1,720,171
11788,1,732,166
11789,1,737,165
11790,1,749,164
11791,1,760,168
11792,1,764,168
11793,1,770,171
11794,1,780,176
11795,1,785,183
11796,0,0,0
11797,1,791,193
11798,1,804,204
11799,1,806,213
11800,1,810,219
11801,1,820,229
11802,1,814,219
11803,1,820,206
11804,1,820,207
11805,1,814,184
11806,1,818,180
11807,1,822,174
11808,1,822,170
11809,1,822,168
11810,1,820,160
11811,1,822,160
11812,1,824,163
11813,1,824,161
11814,1,829,162
11815,1,826,153
11816,1,828,141
11817,1,831,136
11818,1,835,125
11819,1,837,118
11820,1,847,108
11821,1,847,99
11822,1,845,96
11823,1,860,93
11824,1,864,85
11825,1,870,81
11826,1,874,80
11827,1,876,76
11828,1,885,80
11829,1,893,82
11830,1,899,83
11831,1,904,84
11832,1,910,86
11833,1,920,87
11834,1,925,97
11835,1,933,104
11836,1,941,116
11837,1,950,123
11838,1,960,134
11839,1,973,151
11840,1,979,171
11841,1,989,183
11842,1,998,198
11843,1,1008,219
11844,1,1018,237
11845,0,0,0
11846,0,0,0
11847,1,1050,314
11848,0,0,0
11849,0,0,0
11850,0,0,0
11851,0,0,0
11852,1,968,222
11853,1,952,206
11854,1,945,201
11855,1,925,191
11856,1,916,187
11857,1,908,183
11858,1,893,178
11859,1,885,176
11860,1,874,178
11861,1,864,183
11862,1,858,176
11863,1,852,185
11864,1,843,192
11865,1,837,191
11866,1,826,198
11867,1,820,210
11868,1,812,222
11869,1,814,217
11870,1,806,219
11871,1,799,201
11872,1,797,188
11873,1,789,184
11874,1,789,171
11875,1,780,167
11876,1,778,158
11877,1,778,159
11878,1,764,149
11879,1,768,143
11880,1,778,135
11881,1,783,129
11882,1,799,120
11883,1,799,106
11884,1,812,100
11885,1,826,94
11886,1,831,82
11887,1,841,80
11888,1,851,78
11889,1,858,68
11890,1,870,70
11891,1,881,64
11892,1,891,60
11893,1,902,65
11894,1,916,54
11895,1,931,59
11896,1,943,59
11897,1,954,70
11898,1,968,72
11899,1,977,79
11900,1,989,81
11901,1,1006,87
11902,1,1020,99
11903,1,1031,107
11904,1,1050,117
11905,1,1064,136
11906,1,1075,156
11907,1,1091,168
11908,1,1112,193
11909,1,1129,210
11910,1,1140,227
11911,0,0,0
11912,1,1177,276
11913,1,1190,303
11914,1,1185,300
11915,0,0,0
11916,0,0,0
11917,1,1110,231
11918,1,1085,222
11919,1,1058,212
11920,1,1041,197
11921,1,1023,191
11922,1,1010,186
11923,1,989,183
11924,1,977,177
11925,1,962,175
11926,1,950,175
11927,1,935,178
11928,1,922,180
11929,1,912,188
11930,1,902,188
11931,1,891,195
11932,1,879,202
11933,1,872,210
11934,0,0,0
11935,0,0,0
11936,0,0,0
11937,0,0,0
11938,0,0,0
11939,1,908,153
11940,1,920,140
11941,1,924,130
11942,1,939,121
11943,1,947,106
11944,1,962,102
11945,1,970,93
11946,1,979,93
11947,1,991,84
11948,1,1002,78
11949,1,1012,75
11950,1,1025,75
11951,1,1035,73
11952,1,1050,69
11953,1,1064,75
11954,1,1073,75
11955,1,1087,82
11956,1,1100,83
11957,1,1112,94
11958,1,1129,106
11959,1,1142,120
11960,1,1150,129
11961,1,1164,141
11962,1,1185,157
11963,1,1196,179
11964,1,1212,198
11965,1,1229,222
11966,0,0,0
11967,1,1212,217
11968,1,1188,208
11969,1,1171,195
11970,1,1154,188
11971,1,1139,184
11972,1,1125,173
11973,1,1110,168
11974,1,1100,172
11975,1,1089,170
11976,0,0,0
11977,1,1058,171
11978,1,1050,166
11979,1,1031,166
11980,1,1023,166
11981,1,1004,170
11982,1,987,174
11983,1,973,174
11984,1,968,186
11985,1,952,187
11986,1,939,193
11987,1,933,204
11988,0,0,0
11989,1,908,221
11990,1,902,214
11991,1,889,202
11992,1,885,189
11993,0,0,0
11994,1,870,183
11995,1,856,181
11996,1,852,180
11997,1,847,174
11998,1,841,168
11999,1,831,172
12000,1,826,174
12001,0,0,0
12002,0,0,0
12003,0,0,0
12004,0,0,0
12005,0,0,0
12006,0,0,0
12007,0,0,0
12008,0,0,0
12009,0,0,0
12010,0,0,0
12011,0,0,0
12012,0,0,0
12013,0,0,0
12014,0,0,0
12015,0,0,0
12016,0,0,0
12017,0,0,0
12018,0,0,0
12019,0,0,0
12020,0,0,0
12021,0,0,0
12022,0,0,0
12023,0,0,0
12024,0,0,0
12025,0,0,0
12026,0,0,0
12027,0,0,0
12028,0,0,0
12029,0,0,0
12030,0,0,0
12031,0,0,0
12032,0,0,0
12033,0,0,0
12034,0,0,0
12035,0,0,0
12036,0,0,0
12037,0,0,0
12038,0,0,0
12039,0,0,0
12040,0,0,0
12041,0,0,0
12042,0,0,0
12043,0,0,0
12044,0,0,0
12045,0,0,0
12046,0,0,0
12047,0,0,0
12048,0,0,0
12049,0,0,0
12050,0,0,0
12051,0,0,0
12052,0,0,0
12053,0,0,0
12054,0,0,0
12055,0,0,0
12056,0,0,0
12057,0,0,0
12058,0,0,0
12059,0,0,0
12060,0,0,0
12061,0,0,0
12062,0,0,0
12063,0,0,0
12064,0,0,0
12065,0,0,0
12066,0,0,0
12067,0,0,0
12068,0,0,0
12069,0,0,0
12070,0,0,0
12071,0,0,0
12072,0,0,0
12073,0,0,0
12074,0,0,0
12075,0,0,0
12076,0,0,0
12077,0,0,0
12078,0,0,0
12079,0,0,0
12080,0,0,0
12081,0,0,0
12082,0,0,0
12083,0,0,0
12084,0,0,0
12085,0,0,0
12086,0,0,0
12087,0,0,0
12088,0,0,0
12089,0,0,0
12090,0,0,0
12091,0,0,0
12092,0,0,0
12093,0,0,0
12094,0,0,0
12095,0,0,0
12096,0,0,0
12097,0,0,0
12098,0,0,0
12099,0,0,0
12100,0,0,0
12101,0,0,0
12102,0,0,0
12103,0,0,0
12104,0,0,0
12105,0,0,0
12106,0,0,0
12107,0,0,0
12108,0,0,0
12109,0,0,0
12110,0,0,0
12111,0,0,0
12112,0,0,0
12113,0,0,0
12114,0,0,0
12115,0,0,0
12116,0,0,0
12117,0,0,0
12118,0,0,0
12119,0,0,0
12120,0,0,0
12121,0,0,0
12122,0,0,0
12123,0,0,0
12124,0,0,0
12125,0,0,0
12126,0,0,0
12127,0,0,0
12128,0,0,0
12129,0,0,0
12130,0,0,0
12131,0,0,0
12132,0,0,0
12133,0,0,0
12134,0,0,0
12135,0,0,0
12136,0,0,0
12137,0,0,0
12138,0,0,0
12139,0,0,0
12140,0,0,0
12141,0,0,0
12142,0,0,0
12143,0,0,0
12144,0,0,0
12145,0,0,0
12146,0,0,0
12147,0,0,0
12148,0,0,0
12149,0,0,0
12150,0,0,0
12151,0,0,0
12152,0,0,0
12153,0,0,0
12154,0,0,0
12155,0,0,0
12156,0,0,0
12157,0,0,0
12158,0,0,0
12159,0,0,0
12160,0,0,0
12161,0,0,0
12162,0,0,0
12163,0,0,0
12164,0,0,0
12165,0,0,0
12166,0,0,0
12167,0,0,0
12168,0,0,0
12169,0,0,0
12170,0,0,0
12171,0,0,0
12172,0,0,0
12173,0,0,0
12174,0,0,0
12175,0,0,0
12176,0,0,0
12177,0,0,0
12178,0,0,0
12179,0,0,0
12180,0,0,0
12181,0,0,0
12182,0,0,0
12183,0,0,0
12184,0,0,0
12185,0,0,0
12186,0,0,0
12187,0,0,0
12188,0,0,0
12189,0,0,0
12190,0,0,0
12191,0,0,0
12192,0,0,0
12193,0,0,0
12194,0,0,0
12195,0,0,0
12196,0,0,0
12197,0,0,0
12198,0,0,0
12199,0,0,0
12200,0,0,0
12201,0,0,0
12202,0,0,0
12203,0,0,0
12204,0,0,0
12205,0,0,0
12206,0,0,0
12207,0,0,0
12208,0,0,0
12209,0,0,0
12210,0,0,0
12211,0,0,0
12212,0,0,0
12213,0,0,0
12214,0,0,0
12215,0,0,0
12216,0,0,0
12217,0,0,0
12218,0,0,0
12219,0,0,0
12220,0,0,0
12221,0,0,0
12222,0,0,0
12223,0,0,0
12224,0,0,0
12225,0,0,0
12226,0,0,0
12227,0,0,0
12228,0,0,0
12229,0,0,0
12230,0,0,0
12231,0,0,0
12232,0,0,0
12233,0,0,0
12234,0,0,0
12235,0,0,0
12236,0,0,0
12237,0,0,0
12238,0,0,0
12239,0,0,0
12240,0,0,0
12241,0,0,0
12242,0,0,0
12243,0,0,0
12244,0,0,0
12245,0,0,0
12246,0,0,0
12247,0,0,0
12248,0,0,0
12249,0,0,0
12250,0,0,0
12251,0,0,0
12252,0,0,0
12253,0,0,0
12254,0,0,0
12255,0,0,0
12256,0,0,0
12257,0,0,0
12258,0,0,0
12259,0,0,0
12260,0,0,0
12261,0,0,0
12262,0,0,0
12263,0,0,0
12264,0,0,0
12265,0,0,0
12266,0,0,0
12267,0,0,0
12268,0,0,0
12269,0,0,0
12270,0,0,0
12271,0,0,0
12272,0,0,0
12273,0,0,0
12274,0,0,0
12275,0,0,0
12276,0,0,0
12277,0,0,0
12278,0,0,0
12279,0,0,0
12280,0,0,0
12281,0,0,0
12282,0,0,0
12283,0,0,0
12284,0,0,0
12285,0,0,0
12286,0,0,0
12287,0,0,0
12288,0,0,0
12289,0,0,0
12290,0,0,0
12291,0,0,0
12292,0,0,0
12293,0,0,0
12294,0,0,0
12295,0,0,0
12296,0,0,0
12297,0,0,0
12298,0,0,0
12299,0,0,0
12300,0,0,0
12301,0,0,0
12302,0,0,0
12303,0,0,0
12304,0,0,0
12305,0,0,0
12306,0,0,0
12307,0,0,0
12308,0,0,0
12309,0,0,0
12310,0,0,0
12311,0,0,0
12312,0,0,0
12313,0,0,0
12314,0,0,0
12315,0,0,0
12316,0,0,0
12317,0,0,0
12318,0,0,0
12319,0,0,0
12320,0,0,0
12321,0,0,0
12322,0,0,0
12323,0,0,0
12324,0,0,0
12325,0,0,0
12326,0,0,0
12327,0,0,0
12328,0,0,0
12329,0,0,0
12330,0,0,0
12331,0,0,0
12332,0,0,0
12333,0,0,0
12334,0,0,0
12335,0,0,0
12336,0,0,0
12337,0,0,0
12338,0,0,0
12339,0,0,0
12340,0,0,0
12341,0,0,0
12342,0,0,0
12343,0,0,0
12344,0,0,0
12345,0,0,0
12346,0,0,0
12347,0,0,0
12348,0,0,0
12349,0,0,0
12350,0,0,0
12351,0,0,0
12352,0,0,0
12353,0,0,0
12354,0,0,0
12355,0,0,0
12356,0,0,0
12357,0,0,0
12358,0,0,0
12359,0,0,0
12360,0,0,0
12361,0,0,0
12362,0,0,0
12363,0,0,0
12364,0,0,0
12365,0,0,0
12366,0,0,0
12367,0,0,0
12368,0,0,0
12369,0,0,0
12370,0,0,0
12371,0,0,0
12372,0,0,0
12373,0,0,0
12374,0,0,0
12375,0,0,0
12376,0,0,0
12377,0,0,0
12378,0,0,0
12379,0,0,0
12380,0,0,0
12381,0,0,0
12382,0,0,0
12383,0,0,0
12384,0,0,0
12385,0,0,0
12386,0,0,0
12387,0,0,0
12388,0,0,0
12389,0,0,0
12390,0,0,0
12391,0,0,0
12392,0,0,0
12393,0,0,0
12394,0,0,0
12395,0,0,0
12396,0,0,0
12397,0,0,0
12398,0,0,0
12399,0,0,0
12400,0,0,0
12401,0,0,0
12402,0,0,0
12403,0,0,0
12404,0,0,0
12405,0,0,0
12406,0,0,0
12407,0,0,0
12408,0,0,0
12409,0,0,0
12410,0,0,0
12411,0,0,0
12412,0,0,0
12413,0,0,0
12414,0,0,0
12415,0,0,0
12416,0,0,0
12417,0,0,0
12418,0,0,0
12419,0,0,0
12420,0,0,0
12421,0,0,0
12422,0,0,0
12423,0,0,0
12424,0,0,0
12425,0,0,0
12426,0,0,0
12427,0,0,0
12428,0,0,0
12429,0,0,0
12430,0,0,0
12431,0,0,0
12432,0,0,0
12433,0,0,0
12434,0,0,0
12435,0,0,0
12436,0,0,0
12437,0,0,0
12438,0,0,0
12439,0,0,0
12440,0,0,0
12441,0,0,0
12442,0,0,0
12443,0,0,0
12444,0,0,0
12445,0,0,0
12446,0,0,0
12447,0,0,0
12448,0,0,0
12449,0,0,0
12450,0,0,0
12451,0,0,0
12452,0,0,0
12453,0,0,0
12454,0,0,0
12455,0,0,0
12456,0,0,0
12457,0,0,0
12458,0,0,0
12459,0,0,0
12460,0,0,0
12461,0,0,0
12462,0,0,0
12463,0,0,0
12464,0,0,0
12465,0,0,0
12466,0,0,0
12467,0,0,0
12468,0,0,0
12469,0,0,0
12470,0,0,0
12471,0,0,0
12472,0,0,0
12473,0,0,0
12474,0,0,0
12475,0,0,0
12476,0,0,0
12477,0,0,0
12478,0,0,0
12479,0,0,0
12480,0,0,0
12481,0,0,0
12482,0,0,0
12483,0,0,0
12484,0,0,0
12485,0,0,0
12486,0,0,0
12487,0,0,0
12488,0,0,0
12489,0,0,0
12490,0,0,0
12491,0,0,0
12492,0,0,0
12493,0,0,0
12494,0,0,0
12495,0,0,0
12496,0,0,0
12497,0,0,0
12498,0,0,0
12499,0,0,0
12500,0,0,0
12501,0,0,0
12502,0,0,0
12503,0,0,0
12504,0,0,0
12505,0,0,0
12506,0,0,0
12507,0,0,0
12508,0,0,0
12509,0,0,0
12510,0,0,0
12511,0,0,0
12512,0,0,0
12513,0,0,0
12514,0,0,0
12515,0,0,0
12516,0,0,0
12517,0,0,0
12518,0,0,0
12519,0,0,0
12520,0,0,0
12521,0,0,0
12522,0,0,0
12523,0,0,0
12524,0,0,0
12525,0,0,0
12526,0,0,0
12527,0,0,0
12528,0,0,0
12529,0,0,0
12530,0,0,0
12531,0,0,0
12532,0,0,0
12533,0,0,0
12534,0,0,0
12535,0,0,0
12536,0,0,0
12537,0,0,0
12538,0,0,0
12539,0,0,0
12540,0,0,0
12541,0,0,0
12542,0,0,0
12543,0,0,0
12544,0,0,0
12545,0,0,0
12546,0,0,0
12547,0,0,0
12548,0,0,0
12549,0,0,0
12550,0,0,0
12551,0,0,0
12552,0,0,0
12553,0,0,0
12554,0,0,0
12555,0,0,0
12556,0,0,0
12557,0,0,0
12558,0,0,0
12559,0,0,0
12560,0,0,0
12561,0,0,0
12562,0,0,0
12563,0,0,0
12564,0,0,0
12565,0,0,0
12566,0,0,0
12567,0,0,0
12568,0,0,0
12569,0,0,0
12570,0,0,0
12571,0,0,0
12572,0,0,0
12573,0,0,0
12574,0,0,0
12575,0,0,0
12576,0,0,0
12577,0,0,0
12578,0,0,0
12579,0,0,0
12580,0,0,0
12581,0,0,0
12582,0,0,0
12583,0,0,0
12584,0,0,0
12585,0,0,0
12586,0,0,0
12587,0,0,0
12588,0,0,0
12589,0,0,0
12590,0,0,0
12591,0,0,0
12592,0,0,0
12593,0,0,0
12594,0,0,0
12595,0,0,0
12596,0,0,0
12597,0,0,0
12598,0,0,0
12599,0,0,0
12600,0,0,0
12601,0,0,0
12602,0,0,0
12603,0,0,0
12604,0,0,0
12605,0,0,0
12606,0,0,0
12607,0,0,0
12608,0,0,0
12609,0,0,0
12610,0,0,0
12611,0,0,0
12612,0,0,0
12613,0,0,0
12614,0,0,0
12615,0,0,0
12616,0,0,0
12617,0,0,0
12618,0,0,0
12619,0,0,0
12620,0,0,0
12621,0,0,0
12622,0,0,0
12623,0,0,0
12624,0,0,0
12625,0,0,0
12626,0,0,0
12627,0,0,0
12628,0,0,0
12629,0,0,0
12630,0,0,0
12631,0,0,0
12632,0,0,0
12633,0,0,0
12634,0,0,0
12635,0,0,0
12636,0,0,0
12637,0,0,0
12638,0,0,0
12639,0,0,0
12640,0,0,0
12641,0,0,0
12642,0,0,0
12643,0,0,0
12644,0,0,0
12645,0,0,0
12646,0,0,0
12647,0,0,0
12648,0,0,0
12649,0,0,0
12650,0,0,0
12651,0,0,0
12652,0,0,0
12653,0,0,0
12654,0,0,0
12655,0,0,0
12656,0,0,0
12657,0,0,0
12658,0,0,0
12659,0,0,0
12660,0,0,0
12661,0,0,0
12662,0,0,0
12663,0,0,0
12664,0,0,0
12665,0,0,0
12666,0,0,0
12667,0,0,0
12668,0,0,0
12669,0,0,0
12670,0,0,0
12671,0,0,0
12672,0,0,0
12673,0,0,0
12674,0,0,0
12675,0,0,0
12676,0,0,0
12677,0,0,0
12678,0,0,0
12679,0,0,0
12680,0,0,0
12681,0,0,0
12682,0,0,0
12683,0,0,0
12684,0,0,0
12685,0,0,0
12686,0,0,0
12687,0,0,0
12688,0,0,0
12689,0,0,0
12690,0,0,0
12691,0,0,0
12692,0,0,0
12693,0,0,0
12694,0,0,0
12695,0,0,0
12696,0,0,0
12697,0,0,0
12698,0,0,0
12699,0,0,0
12700,0,0,0
12701,0,0,0
12702,0,0,0
12703,0,0,0
12704,0,0,0
12705,0,0,0
12706,0,0,0
12707,0,0,0
12708,0,0,0
12709,0,0,0
12710,0,0,0
12711,0,0,0
12712,0,0,0
12713,0,0,0
12714,0,0,0
12715,0,0,0
12716,0,0,0
12717,0,0,0
12718,0,0,0
12719,0,0,0
12720,0,0,0
12721,0,0,0
12722,0,0,0
12723,0,0,0
12724,0,0,0
12725,0,0,0
12726,0,0,0
12727,0,0,0
12728,0,0,0
12729,0,0,0
12730,0,0,0
12731,0,0,0
12732,0,0,0
12733,0,0,0
12734,0,0,0
12735,0,0,0
12736,0,0,0
12737,0,0,0
12738,0,0,0
12739,0,0,0
12740,0,0,0
12741,0,0,0
12742,0,0,0
12743,0,0,0
12744,0,0,0
12745,0,0,0
12746,0,0,0
12747,0,0,0
12748,0,0,0
12749,0,0,0
12750,0,0,0
12751,0,0,0
12752,0,0,0
12753,0,0,0
12754,0,0,0
12755,0,0,0
12756,0,0,0
12757,0,0,0
12758,0,0,0
12759,0,0,0
12760,0,0,0
12761,0,0,0
12762,0,0,0
12763,0,0,0
12764,0,0,0
12765,0,0,0
12766,0,0,0
12767,0,0,0
12768,0,0,0
12769,0,0,0
12770,0,0,0
12771,0,0,0
12772,0,0,0
12773,0,0,0
12774,0,0,0
12775,0,0,0
12776,0,0,0
12777,0,0,0
12778,0,0,0
12779,0,0,0
12780,0,0,0
12781,0,0,0
12782,0,0,0
12783,0,0,0
12784,0,0,0
12785,0,0,0
12786,0,0,0
12787,0,0,0
12788,0,0,0
12789,0,0,0
12790,0,0,0
12791,0,0,0
12792,0,0,0
12793,0,0,0
12794,0,0,0
12795,0,0,0
12796,0,0,0
12797,0,0,0
12798,0,0,0
12799,0,0,0
12800,0,0,0
12801,0,0,0
12802,0,0,0
12803,0,0,0
12804,0,0,0
12805,0,0,0
12806,0,0,0
12807,0,0,0
12808,0,0,0
12809,0,0,0
